DEBUG - 2026-01-22 00:18:19 --> Session: Class initialized using 'CodeIgniter\Session\Handlers\FileHandler' driver.
DEBUG - 2026-01-22 00:18:22 --> Session: Class initialized using 'CodeIgniter\Session\Handlers\FileHandler' driver.
DEBUG - 2026-01-22 00:39:53 --> Session: Class initialized using 'CodeIgniter\Session\Handlers\FileHandler' driver.
DEBUG - 2026-01-22 00:41:44 --> Session: Class initialized using 'CodeIgniter\Session\Handlers\FileHandler' driver.
DEBUG - 2026-01-22 00:41:47 --> Session: Class initialized using 'CodeIgniter\Session\Handlers\FileHandler' driver.
CRITICAL - 2026-01-22 00:41:47 --> ErrorException: Undefined array key "check_frequency"
[Method: GET, Route: compliance/checklist/38]
in APPPATH\Controllers\ComplianceInventoryController.php on line 262.
 1 APPPATH\Controllers\ComplianceInventoryController.php(262): CodeIgniter\Debug\Exceptions->errorHandler(2, 'Undefined array key "check_frequency"', 'C:\\xampp\\htdocs\\eams\\app\\Controllers\\ComplianceInventoryController.php', 262)
 2 SYSTEMPATH\CodeIgniter.php(933): App\Controllers\ComplianceInventoryController->checklist('38')
 3 SYSTEMPATH\CodeIgniter.php(507): CodeIgniter\CodeIgniter->runController(Object(App\Controllers\ComplianceInventoryController))
 4 SYSTEMPATH\CodeIgniter.php(354): CodeIgniter\CodeIgniter->handleRequest(null, Object(Config\Cache), false)
 5 SYSTEMPATH\Boot.php(363): CodeIgniter\CodeIgniter->run()
 6 SYSTEMPATH\Boot.php(68): CodeIgniter\Boot::runCodeIgniter(Object(CodeIgniter\CodeIgniter))
 7 FCPATH\index.php(59): CodeIgniter\Boot::bootWeb(Object(Config\Paths))
DEBUG - 2026-01-22 00:41:52 --> Session: Class initialized using 'CodeIgniter\Session\Handlers\FileHandler' driver.
CRITICAL - 2026-01-22 00:41:52 --> ErrorException: Undefined array key "check_frequency"
[Method: GET, Route: compliance/checklist/38]
in APPPATH\Controllers\ComplianceInventoryController.php on line 262.
 1 APPPATH\Controllers\ComplianceInventoryController.php(262): CodeIgniter\Debug\Exceptions->errorHandler(2, 'Undefined array key "check_frequency"', 'C:\\xampp\\htdocs\\eams\\app\\Controllers\\ComplianceInventoryController.php', 262)
 2 SYSTEMPATH\CodeIgniter.php(933): App\Controllers\ComplianceInventoryController->checklist('38')
 3 SYSTEMPATH\CodeIgniter.php(507): CodeIgniter\CodeIgniter->runController(Object(App\Controllers\ComplianceInventoryController))
 4 SYSTEMPATH\CodeIgniter.php(354): CodeIgniter\CodeIgniter->handleRequest(null, Object(Config\Cache), false)
 5 SYSTEMPATH\Boot.php(363): CodeIgniter\CodeIgniter->run()
 6 SYSTEMPATH\Boot.php(68): CodeIgniter\Boot::runCodeIgniter(Object(CodeIgniter\CodeIgniter))
 7 FCPATH\index.php(59): CodeIgniter\Boot::bootWeb(Object(Config\Paths))
DEBUG - 2026-01-22 00:43:49 --> Session: Class initialized using 'CodeIgniter\Session\Handlers\FileHandler' driver.
CRITICAL - 2026-01-22 00:43:49 --> ErrorException: Undefined array key "check_frequency"
[Method: GET, Route: compliance/checklist/38]
in APPPATH\Controllers\ComplianceInventoryController.php on line 262.
 1 APPPATH\Controllers\ComplianceInventoryController.php(262): CodeIgniter\Debug\Exceptions->errorHandler(2, 'Undefined array key "check_frequency"', 'C:\\xampp\\htdocs\\eams\\app\\Controllers\\ComplianceInventoryController.php', 262)
 2 SYSTEMPATH\CodeIgniter.php(933): App\Controllers\ComplianceInventoryController->checklist('38')
 3 SYSTEMPATH\CodeIgniter.php(507): CodeIgniter\CodeIgniter->runController(Object(App\Controllers\ComplianceInventoryController))
 4 SYSTEMPATH\CodeIgniter.php(354): CodeIgniter\CodeIgniter->handleRequest(null, Object(Config\Cache), false)
 5 SYSTEMPATH\Boot.php(363): CodeIgniter\CodeIgniter->run()
 6 SYSTEMPATH\Boot.php(68): CodeIgniter\Boot::runCodeIgniter(Object(CodeIgniter\CodeIgniter))
 7 FCPATH\index.php(59): CodeIgniter\Boot::bootWeb(Object(Config\Paths))
DEBUG - 2026-01-22 01:00:25 --> Session: Class initialized using 'CodeIgniter\Session\Handlers\FileHandler' driver.
DEBUG - 2026-01-22 01:00:36 --> Session: Class initialized using 'CodeIgniter\Session\Handlers\FileHandler' driver.
DEBUG - 2026-01-22 01:08:46 --> Session: Class initialized using 'CodeIgniter\Session\Handlers\FileHandler' driver.
DEBUG - 2026-01-22 01:09:08 --> Session: Class initialized using 'CodeIgniter\Session\Handlers\FileHandler' driver.
CRITICAL - 2026-01-22 01:09:32 --> ParseError: syntax error, unexpected token "return", expecting "function" or "const"
[Method: GET, Route: compliance/inventory/detail/38]
in APPPATH\Controllers\ComplianceInventoryController.php on line 357.
 1 SYSTEMPATH\Autoloader\Autoloader.php(295): CodeIgniter\Autoloader\Autoloader->includeFile('C:\\xampp\\htdocs\\eams\\app\\Controllers\\ComplianceInventoryController.php')
 2 SYSTEMPATH\Autoloader\Autoloader.php(271): CodeIgniter\Autoloader\Autoloader->loadInNamespace('App\\Controllers\\ComplianceInventoryController')
 3 [internal function]: CodeIgniter\Autoloader\Autoloader->loadClass('App\\Controllers\\ComplianceInventoryController')
 4 SYSTEMPATH\CodeIgniter.php(885): class_exists('\\App\\Controllers\\ComplianceInventoryController', true)
 5 SYSTEMPATH\CodeIgniter.php(494): CodeIgniter\CodeIgniter->startController()
 6 SYSTEMPATH\CodeIgniter.php(354): CodeIgniter\CodeIgniter->handleRequest(null, Object(Config\Cache), false)
 7 SYSTEMPATH\Boot.php(363): CodeIgniter\CodeIgniter->run()
 8 SYSTEMPATH\Boot.php(68): CodeIgniter\Boot::runCodeIgniter(Object(CodeIgniter\CodeIgniter))
 9 FCPATH\index.php(59): CodeIgniter\Boot::bootWeb(Object(Config\Paths))
DEBUG - 2026-01-22 01:10:02 --> Session: Class initialized using 'CodeIgniter\Session\Handlers\FileHandler' driver.
DEBUG - 2026-01-22 01:10:05 --> Session: Class initialized using 'CodeIgniter\Session\Handlers\FileHandler' driver.
DEBUG - 2026-01-22 01:10:21 --> Session: Class initialized using 'CodeIgniter\Session\Handlers\FileHandler' driver.
DEBUG - 2026-01-22 01:10:23 --> Session: Class initialized using 'CodeIgniter\Session\Handlers\FileHandler' driver.
DEBUG - 2026-01-22 01:10:24 --> Session: Class initialized using 'CodeIgniter\Session\Handlers\FileHandler' driver.
DEBUG - 2026-01-22 01:10:28 --> Session: Class initialized using 'CodeIgniter\Session\Handlers\FileHandler' driver.
DEBUG - 2026-01-22 01:10:52 --> Session: Class initialized using 'CodeIgniter\Session\Handlers\FileHandler' driver.
DEBUG - 2026-01-22 01:11:10 --> Session: Class initialized using 'CodeIgniter\Session\Handlers\FileHandler' driver.
DEBUG - 2026-01-22 01:11:22 --> Session: Class initialized using 'CodeIgniter\Session\Handlers\FileHandler' driver.
DEBUG - 2026-01-22 01:11:24 --> Session: Class initialized using 'CodeIgniter\Session\Handlers\FileHandler' driver.
DEBUG - 2026-01-22 01:11:59 --> Session: Class initialized using 'CodeIgniter\Session\Handlers\FileHandler' driver.
DEBUG - 2026-01-22 01:12:06 --> Session: Class initialized using 'CodeIgniter\Session\Handlers\FileHandler' driver.
DEBUG - 2026-01-22 01:12:17 --> Session: Class initialized using 'CodeIgniter\Session\Handlers\FileHandler' driver.
DEBUG - 2026-01-22 01:29:14 --> Session: Class initialized using 'CodeIgniter\Session\Handlers\FileHandler' driver.
DEBUG - 2026-01-22 01:29:18 --> Session: Class initialized using 'CodeIgniter\Session\Handlers\FileHandler' driver.
DEBUG - 2026-01-22 01:30:22 --> Session: Class initialized using 'CodeIgniter\Session\Handlers\FileHandler' driver.
DEBUG - 2026-01-22 01:30:28 --> Session: Class initialized using 'CodeIgniter\Session\Handlers\FileHandler' driver.
DEBUG - 2026-01-22 01:44:29 --> Session: Class initialized using 'CodeIgniter\Session\Handlers\FileHandler' driver.
DEBUG - 2026-01-22 01:45:38 --> Session: Class initialized using 'CodeIgniter\Session\Handlers\FileHandler' driver.
DEBUG - 2026-01-22 01:49:14 --> Session: Class initialized using 'CodeIgniter\Session\Handlers\FileHandler' driver.
DEBUG - 2026-01-22 01:49:18 --> Session: Class initialized using 'CodeIgniter\Session\Handlers\FileHandler' driver.
CRITICAL - 2026-01-22 01:49:18 --> ErrorException: Undefined array key "check_frequency"
[Method: GET, Route: compliance/inventory/detail/36]
in APPPATH\Controllers\ComplianceInventoryController.php on line 183.
 1 APPPATH\Controllers\ComplianceInventoryController.php(183): CodeIgniter\Debug\Exceptions->errorHandler(2, 'Undefined array key "check_frequency"', 'C:\\xampp\\htdocs\\eams\\app\\Controllers\\ComplianceInventoryController.php', 183)
 2 SYSTEMPATH\CodeIgniter.php(933): App\Controllers\ComplianceInventoryController->detail('36')
 3 SYSTEMPATH\CodeIgniter.php(507): CodeIgniter\CodeIgniter->runController(Object(App\Controllers\ComplianceInventoryController))
 4 SYSTEMPATH\CodeIgniter.php(354): CodeIgniter\CodeIgniter->handleRequest(null, Object(Config\Cache), false)
 5 SYSTEMPATH\Boot.php(363): CodeIgniter\CodeIgniter->run()
 6 SYSTEMPATH\Boot.php(68): CodeIgniter\Boot::runCodeIgniter(Object(CodeIgniter\CodeIgniter))
 7 FCPATH\index.php(59): CodeIgniter\Boot::bootWeb(Object(Config\Paths))
DEBUG - 2026-01-22 01:50:56 --> Session: Class initialized using 'CodeIgniter\Session\Handlers\FileHandler' driver.
CRITICAL - 2026-01-22 01:50:56 --> ErrorException: Undefined array key "check_frequency"
[Method: GET, Route: compliance/inventory/detail/36]
in APPPATH\Controllers\ComplianceInventoryController.php on line 183.
 1 APPPATH\Controllers\ComplianceInventoryController.php(183): CodeIgniter\Debug\Exceptions->errorHandler(2, 'Undefined array key "check_frequency"', 'C:\\xampp\\htdocs\\eams\\app\\Controllers\\ComplianceInventoryController.php', 183)
 2 SYSTEMPATH\CodeIgniter.php(933): App\Controllers\ComplianceInventoryController->detail('36')
 3 SYSTEMPATH\CodeIgniter.php(507): CodeIgniter\CodeIgniter->runController(Object(App\Controllers\ComplianceInventoryController))
 4 SYSTEMPATH\CodeIgniter.php(354): CodeIgniter\CodeIgniter->handleRequest(null, Object(Config\Cache), false)
 5 SYSTEMPATH\Boot.php(363): CodeIgniter\CodeIgniter->run()
 6 SYSTEMPATH\Boot.php(68): CodeIgniter\Boot::runCodeIgniter(Object(CodeIgniter\CodeIgniter))
 7 FCPATH\index.php(59): CodeIgniter\Boot::bootWeb(Object(Config\Paths))
DEBUG - 2026-01-22 02:01:45 --> Session: Class initialized using 'CodeIgniter\Session\Handlers\FileHandler' driver.
ERROR - 2026-01-22 02:01:45 --> mysqli_sql_exception: Unknown column 'asset_item_types.check_frequency' in 'field list' in C:\xampp\htdocs\eams\system\Database\MySQLi\Connection.php:327
Stack trace:
#0 C:\xampp\htdocs\eams\system\Database\MySQLi\Connection.php(327): mysqli->query('SELECT `complia...', 0)
#1 C:\xampp\htdocs\eams\system\Database\BaseConnection.php(729): CodeIgniter\Database\MySQLi\Connection->execute('SELECT `complia...')
#2 C:\xampp\htdocs\eams\system\Database\BaseConnection.php(646): CodeIgniter\Database\BaseConnection->simpleQuery('SELECT `complia...')
#3 C:\xampp\htdocs\eams\system\Database\BaseBuilder.php(1649): CodeIgniter\Database\BaseConnection->query('SELECT `complia...', Array, false)
#4 C:\xampp\htdocs\eams\system\Model.php(330): CodeIgniter\Database\BaseBuilder->get()
#5 C:\xampp\htdocs\eams\system\BaseModel.php(715): CodeIgniter\Model->doFirst()
#6 C:\xampp\htdocs\eams\app\Controllers\ComplianceInventoryController.php(179): CodeIgniter\BaseModel->first()
#7 C:\xampp\htdocs\eams\system\CodeIgniter.php(933): App\Controllers\ComplianceInventoryController->detail('36')
#8 C:\xampp\htdocs\eams\system\CodeIgniter.php(507): CodeIgniter\CodeIgniter->runController(Object(App\Controllers\ComplianceInventoryController))
#9 C:\xampp\htdocs\eams\system\CodeIgniter.php(354): CodeIgniter\CodeIgniter->handleRequest(NULL, Object(Config\Cache), false)
#10 C:\xampp\htdocs\eams\system\Boot.php(363): CodeIgniter\CodeIgniter->run()
#11 C:\xampp\htdocs\eams\system\Boot.php(68): CodeIgniter\Boot::runCodeIgniter(Object(CodeIgniter\CodeIgniter))
#12 C:\xampp\htdocs\eams\public\index.php(59): CodeIgniter\Boot::bootWeb(Object(Config\Paths))
#13 {main}
CRITICAL - 2026-01-22 02:01:45 --> CodeIgniter\Database\Exceptions\DatabaseException: Unknown column 'asset_item_types.check_frequency' in 'field list'
[Method: GET, Route: compliance/inventory/detail/36]
in SYSTEMPATH\Database\BaseConnection.php on line 684.
 1 SYSTEMPATH\Database\BaseBuilder.php(1649): CodeIgniter\Database\BaseConnection->query('SELECT `compliance_inventory`.*, `inventory_categories`.`name` AS `category_name`, `areas`.`name` AS `area_name`, `asset_item_types`.`name` AS `item_display_name`, `asset_item_types`.`check_frequency`
FROM `compliance_inventory`
JOIN `inventory_categories` ON `inventory_categories`.`id` = `compliance_inventory`.`category_id`
JOIN `areas` ON `areas`.`id` = `compliance_inventory`.`area_id`
JOIN `asset_item_types` ON `asset_item_types`.`id` = `compliance_inventory`.`item_type_id`
WHERE `compliance_inventory`.`id` = :compliance_inventory.id:
 LIMIT 1', [...], false)
 2 SYSTEMPATH\Model.php(330): CodeIgniter\Database\BaseBuilder->get()
 3 SYSTEMPATH\BaseModel.php(715): CodeIgniter\Model->doFirst()
 4 APPPATH\Controllers\ComplianceInventoryController.php(179): CodeIgniter\BaseModel->first()
 5 SYSTEMPATH\CodeIgniter.php(933): App\Controllers\ComplianceInventoryController->detail('36')
 6 SYSTEMPATH\CodeIgniter.php(507): CodeIgniter\CodeIgniter->runController(Object(App\Controllers\ComplianceInventoryController))
 7 SYSTEMPATH\CodeIgniter.php(354): CodeIgniter\CodeIgniter->handleRequest(null, Object(Config\Cache), false)
 8 SYSTEMPATH\Boot.php(363): CodeIgniter\CodeIgniter->run()
 9 SYSTEMPATH\Boot.php(68): CodeIgniter\Boot::runCodeIgniter(Object(CodeIgniter\CodeIgniter))
10 FCPATH\index.php(59): CodeIgniter\Boot::bootWeb(Object(Config\Paths))
CRITICAL - 2026-01-22 02:01:45 --> [Caused by] CodeIgniter\Database\Exceptions\DatabaseException: Unknown column 'asset_item_types.check_frequency' in 'field list'
in SYSTEMPATH\Database\MySQLi\Connection.php on line 332.
 1 SYSTEMPATH\Database\BaseConnection.php(729): CodeIgniter\Database\MySQLi\Connection->execute('SELECT `compliance_inventory`.*, `inventory_categories`.`name` AS `category_name`, `areas`.`name` AS `area_name`, `asset_item_types`.`name` AS `item_display_name`, `asset_item_types`.`check_frequency`
FROM `compliance_inventory`
JOIN `inventory_categories` ON `inventory_categories`.`id` = `compliance_inventory`.`category_id`
JOIN `areas` ON `areas`.`id` = `compliance_inventory`.`area_id`
JOIN `asset_item_types` ON `asset_item_types`.`id` = `compliance_inventory`.`item_type_id`
WHERE `compliance_inventory`.`id` = \'36\'
 LIMIT 1')
 2 SYSTEMPATH\Database\BaseConnection.php(646): CodeIgniter\Database\BaseConnection->simpleQuery('SELECT `compliance_inventory`.*, `inventory_categories`.`name` AS `category_name`, `areas`.`name` AS `area_name`, `asset_item_types`.`name` AS `item_display_name`, `asset_item_types`.`check_frequency`
FROM `compliance_inventory`
JOIN `inventory_categories` ON `inventory_categories`.`id` = `compliance_inventory`.`category_id`
JOIN `areas` ON `areas`.`id` = `compliance_inventory`.`area_id`
JOIN `asset_item_types` ON `asset_item_types`.`id` = `compliance_inventory`.`item_type_id`
WHERE `compliance_inventory`.`id` = \'36\'
 LIMIT 1')
 3 SYSTEMPATH\Database\BaseBuilder.php(1649): CodeIgniter\Database\BaseConnection->query('SELECT `compliance_inventory`.*, `inventory_categories`.`name` AS `category_name`, `areas`.`name` AS `area_name`, `asset_item_types`.`name` AS `item_display_name`, `asset_item_types`.`check_frequency`
FROM `compliance_inventory`
JOIN `inventory_categories` ON `inventory_categories`.`id` = `compliance_inventory`.`category_id`
JOIN `areas` ON `areas`.`id` = `compliance_inventory`.`area_id`
JOIN `asset_item_types` ON `asset_item_types`.`id` = `compliance_inventory`.`item_type_id`
WHERE `compliance_inventory`.`id` = :compliance_inventory.id:
 LIMIT 1', [...], false)
 4 SYSTEMPATH\Model.php(330): CodeIgniter\Database\BaseBuilder->get()
 5 SYSTEMPATH\BaseModel.php(715): CodeIgniter\Model->doFirst()
 6 APPPATH\Controllers\ComplianceInventoryController.php(179): CodeIgniter\BaseModel->first()
 7 SYSTEMPATH\CodeIgniter.php(933): App\Controllers\ComplianceInventoryController->detail('36')
 8 SYSTEMPATH\CodeIgniter.php(507): CodeIgniter\CodeIgniter->runController(Object(App\Controllers\ComplianceInventoryController))
 9 SYSTEMPATH\CodeIgniter.php(354): CodeIgniter\CodeIgniter->handleRequest(null, Object(Config\Cache), false)
10 SYSTEMPATH\Boot.php(363): CodeIgniter\CodeIgniter->run()
11 SYSTEMPATH\Boot.php(68): CodeIgniter\Boot::runCodeIgniter(Object(CodeIgniter\CodeIgniter))
12 FCPATH\index.php(59): CodeIgniter\Boot::bootWeb(Object(Config\Paths))
CRITICAL - 2026-01-22 02:01:45 --> [Caused by] mysqli_sql_exception: Unknown column 'asset_item_types.check_frequency' in 'field list'
in SYSTEMPATH\Database\MySQLi\Connection.php on line 327.
 1 SYSTEMPATH\Database\MySQLi\Connection.php(327): mysqli->query('SELECT `compliance_inventory`.*, `inventory_categories`.`name` AS `category_name`, `areas`.`name` AS `area_name`, `asset_item_types`.`name` AS `item_display_name`, `asset_item_types`.`check_frequency`
FROM `compliance_inventory`
JOIN `inventory_categories` ON `inventory_categories`.`id` = `compliance_inventory`.`category_id`
JOIN `areas` ON `areas`.`id` = `compliance_inventory`.`area_id`
JOIN `asset_item_types` ON `asset_item_types`.`id` = `compliance_inventory`.`item_type_id`
WHERE `compliance_inventory`.`id` = \'36\'
 LIMIT 1', 0)
 2 SYSTEMPATH\Database\BaseConnection.php(729): CodeIgniter\Database\MySQLi\Connection->execute('SELECT `compliance_inventory`.*, `inventory_categories`.`name` AS `category_name`, `areas`.`name` AS `area_name`, `asset_item_types`.`name` AS `item_display_name`, `asset_item_types`.`check_frequency`
FROM `compliance_inventory`
JOIN `inventory_categories` ON `inventory_categories`.`id` = `compliance_inventory`.`category_id`
JOIN `areas` ON `areas`.`id` = `compliance_inventory`.`area_id`
JOIN `asset_item_types` ON `asset_item_types`.`id` = `compliance_inventory`.`item_type_id`
WHERE `compliance_inventory`.`id` = \'36\'
 LIMIT 1')
 3 SYSTEMPATH\Database\BaseConnection.php(646): CodeIgniter\Database\BaseConnection->simpleQuery('SELECT `compliance_inventory`.*, `inventory_categories`.`name` AS `category_name`, `areas`.`name` AS `area_name`, `asset_item_types`.`name` AS `item_display_name`, `asset_item_types`.`check_frequency`
FROM `compliance_inventory`
JOIN `inventory_categories` ON `inventory_categories`.`id` = `compliance_inventory`.`category_id`
JOIN `areas` ON `areas`.`id` = `compliance_inventory`.`area_id`
JOIN `asset_item_types` ON `asset_item_types`.`id` = `compliance_inventory`.`item_type_id`
WHERE `compliance_inventory`.`id` = \'36\'
 LIMIT 1')
 4 SYSTEMPATH\Database\BaseBuilder.php(1649): CodeIgniter\Database\BaseConnection->query('SELECT `compliance_inventory`.*, `inventory_categories`.`name` AS `category_name`, `areas`.`name` AS `area_name`, `asset_item_types`.`name` AS `item_display_name`, `asset_item_types`.`check_frequency`
FROM `compliance_inventory`
JOIN `inventory_categories` ON `inventory_categories`.`id` = `compliance_inventory`.`category_id`
JOIN `areas` ON `areas`.`id` = `compliance_inventory`.`area_id`
JOIN `asset_item_types` ON `asset_item_types`.`id` = `compliance_inventory`.`item_type_id`
WHERE `compliance_inventory`.`id` = :compliance_inventory.id:
 LIMIT 1', [...], false)
 5 SYSTEMPATH\Model.php(330): CodeIgniter\Database\BaseBuilder->get()
 6 SYSTEMPATH\BaseModel.php(715): CodeIgniter\Model->doFirst()
 7 APPPATH\Controllers\ComplianceInventoryController.php(179): CodeIgniter\BaseModel->first()
 8 SYSTEMPATH\CodeIgniter.php(933): App\Controllers\ComplianceInventoryController->detail('36')
 9 SYSTEMPATH\CodeIgniter.php(507): CodeIgniter\CodeIgniter->runController(Object(App\Controllers\ComplianceInventoryController))
10 SYSTEMPATH\CodeIgniter.php(354): CodeIgniter\CodeIgniter->handleRequest(null, Object(Config\Cache), false)
11 SYSTEMPATH\Boot.php(363): CodeIgniter\CodeIgniter->run()
12 SYSTEMPATH\Boot.php(68): CodeIgniter\Boot::runCodeIgniter(Object(CodeIgniter\CodeIgniter))
13 FCPATH\index.php(59): CodeIgniter\Boot::bootWeb(Object(Config\Paths))
DEBUG - 2026-01-22 02:01:53 --> Session: Class initialized using 'CodeIgniter\Session\Handlers\FileHandler' driver.
ERROR - 2026-01-22 02:01:53 --> mysqli_sql_exception: Unknown column 'asset_item_types.check_frequency' in 'field list' in C:\xampp\htdocs\eams\system\Database\MySQLi\Connection.php:327
Stack trace:
#0 C:\xampp\htdocs\eams\system\Database\MySQLi\Connection.php(327): mysqli->query('SELECT `complia...', 0)
#1 C:\xampp\htdocs\eams\system\Database\BaseConnection.php(729): CodeIgniter\Database\MySQLi\Connection->execute('SELECT `complia...')
#2 C:\xampp\htdocs\eams\system\Database\BaseConnection.php(646): CodeIgniter\Database\BaseConnection->simpleQuery('SELECT `complia...')
#3 C:\xampp\htdocs\eams\system\Database\BaseBuilder.php(1649): CodeIgniter\Database\BaseConnection->query('SELECT `complia...', Array, false)
#4 C:\xampp\htdocs\eams\system\Model.php(330): CodeIgniter\Database\BaseBuilder->get()
#5 C:\xampp\htdocs\eams\system\BaseModel.php(715): CodeIgniter\Model->doFirst()
#6 C:\xampp\htdocs\eams\app\Controllers\ComplianceInventoryController.php(179): CodeIgniter\BaseModel->first()
#7 C:\xampp\htdocs\eams\system\CodeIgniter.php(933): App\Controllers\ComplianceInventoryController->detail('36')
#8 C:\xampp\htdocs\eams\system\CodeIgniter.php(507): CodeIgniter\CodeIgniter->runController(Object(App\Controllers\ComplianceInventoryController))
#9 C:\xampp\htdocs\eams\system\CodeIgniter.php(354): CodeIgniter\CodeIgniter->handleRequest(NULL, Object(Config\Cache), false)
#10 C:\xampp\htdocs\eams\system\Boot.php(363): CodeIgniter\CodeIgniter->run()
#11 C:\xampp\htdocs\eams\system\Boot.php(68): CodeIgniter\Boot::runCodeIgniter(Object(CodeIgniter\CodeIgniter))
#12 C:\xampp\htdocs\eams\public\index.php(59): CodeIgniter\Boot::bootWeb(Object(Config\Paths))
#13 {main}
CRITICAL - 2026-01-22 02:01:53 --> CodeIgniter\Database\Exceptions\DatabaseException: Unknown column 'asset_item_types.check_frequency' in 'field list'
[Method: GET, Route: compliance/inventory/detail/36]
in SYSTEMPATH\Database\BaseConnection.php on line 684.
 1 SYSTEMPATH\Database\BaseBuilder.php(1649): CodeIgniter\Database\BaseConnection->query('SELECT `compliance_inventory`.*, `inventory_categories`.`name` AS `category_name`, `areas`.`name` AS `area_name`, `asset_item_types`.`name` AS `item_display_name`, `asset_item_types`.`check_frequency`
FROM `compliance_inventory`
JOIN `inventory_categories` ON `inventory_categories`.`id` = `compliance_inventory`.`category_id`
JOIN `areas` ON `areas`.`id` = `compliance_inventory`.`area_id`
JOIN `asset_item_types` ON `asset_item_types`.`id` = `compliance_inventory`.`item_type_id`
WHERE `compliance_inventory`.`id` = :compliance_inventory.id:
 LIMIT 1', [...], false)
 2 SYSTEMPATH\Model.php(330): CodeIgniter\Database\BaseBuilder->get()
 3 SYSTEMPATH\BaseModel.php(715): CodeIgniter\Model->doFirst()
 4 APPPATH\Controllers\ComplianceInventoryController.php(179): CodeIgniter\BaseModel->first()
 5 SYSTEMPATH\CodeIgniter.php(933): App\Controllers\ComplianceInventoryController->detail('36')
 6 SYSTEMPATH\CodeIgniter.php(507): CodeIgniter\CodeIgniter->runController(Object(App\Controllers\ComplianceInventoryController))
 7 SYSTEMPATH\CodeIgniter.php(354): CodeIgniter\CodeIgniter->handleRequest(null, Object(Config\Cache), false)
 8 SYSTEMPATH\Boot.php(363): CodeIgniter\CodeIgniter->run()
 9 SYSTEMPATH\Boot.php(68): CodeIgniter\Boot::runCodeIgniter(Object(CodeIgniter\CodeIgniter))
10 FCPATH\index.php(59): CodeIgniter\Boot::bootWeb(Object(Config\Paths))
CRITICAL - 2026-01-22 02:01:53 --> [Caused by] CodeIgniter\Database\Exceptions\DatabaseException: Unknown column 'asset_item_types.check_frequency' in 'field list'
in SYSTEMPATH\Database\MySQLi\Connection.php on line 332.
 1 SYSTEMPATH\Database\BaseConnection.php(729): CodeIgniter\Database\MySQLi\Connection->execute('SELECT `compliance_inventory`.*, `inventory_categories`.`name` AS `category_name`, `areas`.`name` AS `area_name`, `asset_item_types`.`name` AS `item_display_name`, `asset_item_types`.`check_frequency`
FROM `compliance_inventory`
JOIN `inventory_categories` ON `inventory_categories`.`id` = `compliance_inventory`.`category_id`
JOIN `areas` ON `areas`.`id` = `compliance_inventory`.`area_id`
JOIN `asset_item_types` ON `asset_item_types`.`id` = `compliance_inventory`.`item_type_id`
WHERE `compliance_inventory`.`id` = \'36\'
 LIMIT 1')
 2 SYSTEMPATH\Database\BaseConnection.php(646): CodeIgniter\Database\BaseConnection->simpleQuery('SELECT `compliance_inventory`.*, `inventory_categories`.`name` AS `category_name`, `areas`.`name` AS `area_name`, `asset_item_types`.`name` AS `item_display_name`, `asset_item_types`.`check_frequency`
FROM `compliance_inventory`
JOIN `inventory_categories` ON `inventory_categories`.`id` = `compliance_inventory`.`category_id`
JOIN `areas` ON `areas`.`id` = `compliance_inventory`.`area_id`
JOIN `asset_item_types` ON `asset_item_types`.`id` = `compliance_inventory`.`item_type_id`
WHERE `compliance_inventory`.`id` = \'36\'
 LIMIT 1')
 3 SYSTEMPATH\Database\BaseBuilder.php(1649): CodeIgniter\Database\BaseConnection->query('SELECT `compliance_inventory`.*, `inventory_categories`.`name` AS `category_name`, `areas`.`name` AS `area_name`, `asset_item_types`.`name` AS `item_display_name`, `asset_item_types`.`check_frequency`
FROM `compliance_inventory`
JOIN `inventory_categories` ON `inventory_categories`.`id` = `compliance_inventory`.`category_id`
JOIN `areas` ON `areas`.`id` = `compliance_inventory`.`area_id`
JOIN `asset_item_types` ON `asset_item_types`.`id` = `compliance_inventory`.`item_type_id`
WHERE `compliance_inventory`.`id` = :compliance_inventory.id:
 LIMIT 1', [...], false)
 4 SYSTEMPATH\Model.php(330): CodeIgniter\Database\BaseBuilder->get()
 5 SYSTEMPATH\BaseModel.php(715): CodeIgniter\Model->doFirst()
 6 APPPATH\Controllers\ComplianceInventoryController.php(179): CodeIgniter\BaseModel->first()
 7 SYSTEMPATH\CodeIgniter.php(933): App\Controllers\ComplianceInventoryController->detail('36')
 8 SYSTEMPATH\CodeIgniter.php(507): CodeIgniter\CodeIgniter->runController(Object(App\Controllers\ComplianceInventoryController))
 9 SYSTEMPATH\CodeIgniter.php(354): CodeIgniter\CodeIgniter->handleRequest(null, Object(Config\Cache), false)
10 SYSTEMPATH\Boot.php(363): CodeIgniter\CodeIgniter->run()
11 SYSTEMPATH\Boot.php(68): CodeIgniter\Boot::runCodeIgniter(Object(CodeIgniter\CodeIgniter))
12 FCPATH\index.php(59): CodeIgniter\Boot::bootWeb(Object(Config\Paths))
CRITICAL - 2026-01-22 02:01:53 --> [Caused by] mysqli_sql_exception: Unknown column 'asset_item_types.check_frequency' in 'field list'
in SYSTEMPATH\Database\MySQLi\Connection.php on line 327.
 1 SYSTEMPATH\Database\MySQLi\Connection.php(327): mysqli->query('SELECT `compliance_inventory`.*, `inventory_categories`.`name` AS `category_name`, `areas`.`name` AS `area_name`, `asset_item_types`.`name` AS `item_display_name`, `asset_item_types`.`check_frequency`
FROM `compliance_inventory`
JOIN `inventory_categories` ON `inventory_categories`.`id` = `compliance_inventory`.`category_id`
JOIN `areas` ON `areas`.`id` = `compliance_inventory`.`area_id`
JOIN `asset_item_types` ON `asset_item_types`.`id` = `compliance_inventory`.`item_type_id`
WHERE `compliance_inventory`.`id` = \'36\'
 LIMIT 1', 0)
 2 SYSTEMPATH\Database\BaseConnection.php(729): CodeIgniter\Database\MySQLi\Connection->execute('SELECT `compliance_inventory`.*, `inventory_categories`.`name` AS `category_name`, `areas`.`name` AS `area_name`, `asset_item_types`.`name` AS `item_display_name`, `asset_item_types`.`check_frequency`
FROM `compliance_inventory`
JOIN `inventory_categories` ON `inventory_categories`.`id` = `compliance_inventory`.`category_id`
JOIN `areas` ON `areas`.`id` = `compliance_inventory`.`area_id`
JOIN `asset_item_types` ON `asset_item_types`.`id` = `compliance_inventory`.`item_type_id`
WHERE `compliance_inventory`.`id` = \'36\'
 LIMIT 1')
 3 SYSTEMPATH\Database\BaseConnection.php(646): CodeIgniter\Database\BaseConnection->simpleQuery('SELECT `compliance_inventory`.*, `inventory_categories`.`name` AS `category_name`, `areas`.`name` AS `area_name`, `asset_item_types`.`name` AS `item_display_name`, `asset_item_types`.`check_frequency`
FROM `compliance_inventory`
JOIN `inventory_categories` ON `inventory_categories`.`id` = `compliance_inventory`.`category_id`
JOIN `areas` ON `areas`.`id` = `compliance_inventory`.`area_id`
JOIN `asset_item_types` ON `asset_item_types`.`id` = `compliance_inventory`.`item_type_id`
WHERE `compliance_inventory`.`id` = \'36\'
 LIMIT 1')
 4 SYSTEMPATH\Database\BaseBuilder.php(1649): CodeIgniter\Database\BaseConnection->query('SELECT `compliance_inventory`.*, `inventory_categories`.`name` AS `category_name`, `areas`.`name` AS `area_name`, `asset_item_types`.`name` AS `item_display_name`, `asset_item_types`.`check_frequency`
FROM `compliance_inventory`
JOIN `inventory_categories` ON `inventory_categories`.`id` = `compliance_inventory`.`category_id`
JOIN `areas` ON `areas`.`id` = `compliance_inventory`.`area_id`
JOIN `asset_item_types` ON `asset_item_types`.`id` = `compliance_inventory`.`item_type_id`
WHERE `compliance_inventory`.`id` = :compliance_inventory.id:
 LIMIT 1', [...], false)
 5 SYSTEMPATH\Model.php(330): CodeIgniter\Database\BaseBuilder->get()
 6 SYSTEMPATH\BaseModel.php(715): CodeIgniter\Model->doFirst()
 7 APPPATH\Controllers\ComplianceInventoryController.php(179): CodeIgniter\BaseModel->first()
 8 SYSTEMPATH\CodeIgniter.php(933): App\Controllers\ComplianceInventoryController->detail('36')
 9 SYSTEMPATH\CodeIgniter.php(507): CodeIgniter\CodeIgniter->runController(Object(App\Controllers\ComplianceInventoryController))
10 SYSTEMPATH\CodeIgniter.php(354): CodeIgniter\CodeIgniter->handleRequest(null, Object(Config\Cache), false)
11 SYSTEMPATH\Boot.php(363): CodeIgniter\CodeIgniter->run()
12 SYSTEMPATH\Boot.php(68): CodeIgniter\Boot::runCodeIgniter(Object(CodeIgniter\CodeIgniter))
13 FCPATH\index.php(59): CodeIgniter\Boot::bootWeb(Object(Config\Paths))
DEBUG - 2026-01-22 02:12:10 --> Session: Class initialized using 'CodeIgniter\Session\Handlers\FileHandler' driver.
ERROR - 2026-01-22 02:12:10 --> mysqli_sql_exception: Unknown column 'asset_item_types.check_frequency' in 'field list' in C:\xampp\htdocs\eams\system\Database\MySQLi\Connection.php:327
Stack trace:
#0 C:\xampp\htdocs\eams\system\Database\MySQLi\Connection.php(327): mysqli->query('SELECT `complia...', 0)
#1 C:\xampp\htdocs\eams\system\Database\BaseConnection.php(729): CodeIgniter\Database\MySQLi\Connection->execute('SELECT `complia...')
#2 C:\xampp\htdocs\eams\system\Database\BaseConnection.php(646): CodeIgniter\Database\BaseConnection->simpleQuery('SELECT `complia...')
#3 C:\xampp\htdocs\eams\system\Database\BaseBuilder.php(1649): CodeIgniter\Database\BaseConnection->query('SELECT `complia...', Array, false)
#4 C:\xampp\htdocs\eams\system\Model.php(330): CodeIgniter\Database\BaseBuilder->get()
#5 C:\xampp\htdocs\eams\system\BaseModel.php(715): CodeIgniter\Model->doFirst()
#6 C:\xampp\htdocs\eams\app\Controllers\ComplianceInventoryController.php(179): CodeIgniter\BaseModel->first()
#7 C:\xampp\htdocs\eams\system\CodeIgniter.php(933): App\Controllers\ComplianceInventoryController->detail('36')
#8 C:\xampp\htdocs\eams\system\CodeIgniter.php(507): CodeIgniter\CodeIgniter->runController(Object(App\Controllers\ComplianceInventoryController))
#9 C:\xampp\htdocs\eams\system\CodeIgniter.php(354): CodeIgniter\CodeIgniter->handleRequest(NULL, Object(Config\Cache), false)
#10 C:\xampp\htdocs\eams\system\Boot.php(363): CodeIgniter\CodeIgniter->run()
#11 C:\xampp\htdocs\eams\system\Boot.php(68): CodeIgniter\Boot::runCodeIgniter(Object(CodeIgniter\CodeIgniter))
#12 C:\xampp\htdocs\eams\public\index.php(59): CodeIgniter\Boot::bootWeb(Object(Config\Paths))
#13 {main}
CRITICAL - 2026-01-22 02:12:10 --> CodeIgniter\Database\Exceptions\DatabaseException: Unknown column 'asset_item_types.check_frequency' in 'field list'
[Method: GET, Route: compliance/inventory/detail/36]
in SYSTEMPATH\Database\BaseConnection.php on line 684.
 1 SYSTEMPATH\Database\BaseBuilder.php(1649): CodeIgniter\Database\BaseConnection->query('SELECT `compliance_inventory`.*, `inventory_categories`.`name` AS `category_name`, `areas`.`name` AS `area_name`, `asset_item_types`.`name` AS `item_display_name`, `asset_item_types`.`check_frequency`
FROM `compliance_inventory`
JOIN `inventory_categories` ON `inventory_categories`.`id` = `compliance_inventory`.`category_id`
JOIN `areas` ON `areas`.`id` = `compliance_inventory`.`area_id`
JOIN `asset_item_types` ON `asset_item_types`.`id` = `compliance_inventory`.`item_type_id`
WHERE `compliance_inventory`.`id` = :compliance_inventory.id:
 LIMIT 1', [...], false)
 2 SYSTEMPATH\Model.php(330): CodeIgniter\Database\BaseBuilder->get()
 3 SYSTEMPATH\BaseModel.php(715): CodeIgniter\Model->doFirst()
 4 APPPATH\Controllers\ComplianceInventoryController.php(179): CodeIgniter\BaseModel->first()
 5 SYSTEMPATH\CodeIgniter.php(933): App\Controllers\ComplianceInventoryController->detail('36')
 6 SYSTEMPATH\CodeIgniter.php(507): CodeIgniter\CodeIgniter->runController(Object(App\Controllers\ComplianceInventoryController))
 7 SYSTEMPATH\CodeIgniter.php(354): CodeIgniter\CodeIgniter->handleRequest(null, Object(Config\Cache), false)
 8 SYSTEMPATH\Boot.php(363): CodeIgniter\CodeIgniter->run()
 9 SYSTEMPATH\Boot.php(68): CodeIgniter\Boot::runCodeIgniter(Object(CodeIgniter\CodeIgniter))
10 FCPATH\index.php(59): CodeIgniter\Boot::bootWeb(Object(Config\Paths))
CRITICAL - 2026-01-22 02:12:10 --> [Caused by] CodeIgniter\Database\Exceptions\DatabaseException: Unknown column 'asset_item_types.check_frequency' in 'field list'
in SYSTEMPATH\Database\MySQLi\Connection.php on line 332.
 1 SYSTEMPATH\Database\BaseConnection.php(729): CodeIgniter\Database\MySQLi\Connection->execute('SELECT `compliance_inventory`.*, `inventory_categories`.`name` AS `category_name`, `areas`.`name` AS `area_name`, `asset_item_types`.`name` AS `item_display_name`, `asset_item_types`.`check_frequency`
FROM `compliance_inventory`
JOIN `inventory_categories` ON `inventory_categories`.`id` = `compliance_inventory`.`category_id`
JOIN `areas` ON `areas`.`id` = `compliance_inventory`.`area_id`
JOIN `asset_item_types` ON `asset_item_types`.`id` = `compliance_inventory`.`item_type_id`
WHERE `compliance_inventory`.`id` = \'36\'
 LIMIT 1')
 2 SYSTEMPATH\Database\BaseConnection.php(646): CodeIgniter\Database\BaseConnection->simpleQuery('SELECT `compliance_inventory`.*, `inventory_categories`.`name` AS `category_name`, `areas`.`name` AS `area_name`, `asset_item_types`.`name` AS `item_display_name`, `asset_item_types`.`check_frequency`
FROM `compliance_inventory`
JOIN `inventory_categories` ON `inventory_categories`.`id` = `compliance_inventory`.`category_id`
JOIN `areas` ON `areas`.`id` = `compliance_inventory`.`area_id`
JOIN `asset_item_types` ON `asset_item_types`.`id` = `compliance_inventory`.`item_type_id`
WHERE `compliance_inventory`.`id` = \'36\'
 LIMIT 1')
 3 SYSTEMPATH\Database\BaseBuilder.php(1649): CodeIgniter\Database\BaseConnection->query('SELECT `compliance_inventory`.*, `inventory_categories`.`name` AS `category_name`, `areas`.`name` AS `area_name`, `asset_item_types`.`name` AS `item_display_name`, `asset_item_types`.`check_frequency`
FROM `compliance_inventory`
JOIN `inventory_categories` ON `inventory_categories`.`id` = `compliance_inventory`.`category_id`
JOIN `areas` ON `areas`.`id` = `compliance_inventory`.`area_id`
JOIN `asset_item_types` ON `asset_item_types`.`id` = `compliance_inventory`.`item_type_id`
WHERE `compliance_inventory`.`id` = :compliance_inventory.id:
 LIMIT 1', [...], false)
 4 SYSTEMPATH\Model.php(330): CodeIgniter\Database\BaseBuilder->get()
 5 SYSTEMPATH\BaseModel.php(715): CodeIgniter\Model->doFirst()
 6 APPPATH\Controllers\ComplianceInventoryController.php(179): CodeIgniter\BaseModel->first()
 7 SYSTEMPATH\CodeIgniter.php(933): App\Controllers\ComplianceInventoryController->detail('36')
 8 SYSTEMPATH\CodeIgniter.php(507): CodeIgniter\CodeIgniter->runController(Object(App\Controllers\ComplianceInventoryController))
 9 SYSTEMPATH\CodeIgniter.php(354): CodeIgniter\CodeIgniter->handleRequest(null, Object(Config\Cache), false)
10 SYSTEMPATH\Boot.php(363): CodeIgniter\CodeIgniter->run()
11 SYSTEMPATH\Boot.php(68): CodeIgniter\Boot::runCodeIgniter(Object(CodeIgniter\CodeIgniter))
12 FCPATH\index.php(59): CodeIgniter\Boot::bootWeb(Object(Config\Paths))
CRITICAL - 2026-01-22 02:12:10 --> [Caused by] mysqli_sql_exception: Unknown column 'asset_item_types.check_frequency' in 'field list'
in SYSTEMPATH\Database\MySQLi\Connection.php on line 327.
 1 SYSTEMPATH\Database\MySQLi\Connection.php(327): mysqli->query('SELECT `compliance_inventory`.*, `inventory_categories`.`name` AS `category_name`, `areas`.`name` AS `area_name`, `asset_item_types`.`name` AS `item_display_name`, `asset_item_types`.`check_frequency`
FROM `compliance_inventory`
JOIN `inventory_categories` ON `inventory_categories`.`id` = `compliance_inventory`.`category_id`
JOIN `areas` ON `areas`.`id` = `compliance_inventory`.`area_id`
JOIN `asset_item_types` ON `asset_item_types`.`id` = `compliance_inventory`.`item_type_id`
WHERE `compliance_inventory`.`id` = \'36\'
 LIMIT 1', 0)
 2 SYSTEMPATH\Database\BaseConnection.php(729): CodeIgniter\Database\MySQLi\Connection->execute('SELECT `compliance_inventory`.*, `inventory_categories`.`name` AS `category_name`, `areas`.`name` AS `area_name`, `asset_item_types`.`name` AS `item_display_name`, `asset_item_types`.`check_frequency`
FROM `compliance_inventory`
JOIN `inventory_categories` ON `inventory_categories`.`id` = `compliance_inventory`.`category_id`
JOIN `areas` ON `areas`.`id` = `compliance_inventory`.`area_id`
JOIN `asset_item_types` ON `asset_item_types`.`id` = `compliance_inventory`.`item_type_id`
WHERE `compliance_inventory`.`id` = \'36\'
 LIMIT 1')
 3 SYSTEMPATH\Database\BaseConnection.php(646): CodeIgniter\Database\BaseConnection->simpleQuery('SELECT `compliance_inventory`.*, `inventory_categories`.`name` AS `category_name`, `areas`.`name` AS `area_name`, `asset_item_types`.`name` AS `item_display_name`, `asset_item_types`.`check_frequency`
FROM `compliance_inventory`
JOIN `inventory_categories` ON `inventory_categories`.`id` = `compliance_inventory`.`category_id`
JOIN `areas` ON `areas`.`id` = `compliance_inventory`.`area_id`
JOIN `asset_item_types` ON `asset_item_types`.`id` = `compliance_inventory`.`item_type_id`
WHERE `compliance_inventory`.`id` = \'36\'
 LIMIT 1')
 4 SYSTEMPATH\Database\BaseBuilder.php(1649): CodeIgniter\Database\BaseConnection->query('SELECT `compliance_inventory`.*, `inventory_categories`.`name` AS `category_name`, `areas`.`name` AS `area_name`, `asset_item_types`.`name` AS `item_display_name`, `asset_item_types`.`check_frequency`
FROM `compliance_inventory`
JOIN `inventory_categories` ON `inventory_categories`.`id` = `compliance_inventory`.`category_id`
JOIN `areas` ON `areas`.`id` = `compliance_inventory`.`area_id`
JOIN `asset_item_types` ON `asset_item_types`.`id` = `compliance_inventory`.`item_type_id`
WHERE `compliance_inventory`.`id` = :compliance_inventory.id:
 LIMIT 1', [...], false)
 5 SYSTEMPATH\Model.php(330): CodeIgniter\Database\BaseBuilder->get()
 6 SYSTEMPATH\BaseModel.php(715): CodeIgniter\Model->doFirst()
 7 APPPATH\Controllers\ComplianceInventoryController.php(179): CodeIgniter\BaseModel->first()
 8 SYSTEMPATH\CodeIgniter.php(933): App\Controllers\ComplianceInventoryController->detail('36')
 9 SYSTEMPATH\CodeIgniter.php(507): CodeIgniter\CodeIgniter->runController(Object(App\Controllers\ComplianceInventoryController))
10 SYSTEMPATH\CodeIgniter.php(354): CodeIgniter\CodeIgniter->handleRequest(null, Object(Config\Cache), false)
11 SYSTEMPATH\Boot.php(363): CodeIgniter\CodeIgniter->run()
12 SYSTEMPATH\Boot.php(68): CodeIgniter\Boot::runCodeIgniter(Object(CodeIgniter\CodeIgniter))
13 FCPATH\index.php(59): CodeIgniter\Boot::bootWeb(Object(Config\Paths))
DEBUG - 2026-01-22 02:20:36 --> Session: Class initialized using 'CodeIgniter\Session\Handlers\FileHandler' driver.
ERROR - 2026-01-22 02:20:36 --> mysqli_sql_exception: Unknown column 'asset_item_types.check_frequency' in 'field list' in C:\xampp\htdocs\eams\system\Database\MySQLi\Connection.php:327
Stack trace:
#0 C:\xampp\htdocs\eams\system\Database\MySQLi\Connection.php(327): mysqli->query('SELECT `complia...', 0)
#1 C:\xampp\htdocs\eams\system\Database\BaseConnection.php(729): CodeIgniter\Database\MySQLi\Connection->execute('SELECT `complia...')
#2 C:\xampp\htdocs\eams\system\Database\BaseConnection.php(646): CodeIgniter\Database\BaseConnection->simpleQuery('SELECT `complia...')
#3 C:\xampp\htdocs\eams\system\Database\BaseBuilder.php(1649): CodeIgniter\Database\BaseConnection->query('SELECT `complia...', Array, false)
#4 C:\xampp\htdocs\eams\system\Model.php(330): CodeIgniter\Database\BaseBuilder->get()
#5 C:\xampp\htdocs\eams\system\BaseModel.php(715): CodeIgniter\Model->doFirst()
#6 C:\xampp\htdocs\eams\app\Controllers\ComplianceInventoryController.php(179): CodeIgniter\BaseModel->first()
#7 C:\xampp\htdocs\eams\system\CodeIgniter.php(933): App\Controllers\ComplianceInventoryController->detail('36')
#8 C:\xampp\htdocs\eams\system\CodeIgniter.php(507): CodeIgniter\CodeIgniter->runController(Object(App\Controllers\ComplianceInventoryController))
#9 C:\xampp\htdocs\eams\system\CodeIgniter.php(354): CodeIgniter\CodeIgniter->handleRequest(NULL, Object(Config\Cache), false)
#10 C:\xampp\htdocs\eams\system\Boot.php(363): CodeIgniter\CodeIgniter->run()
#11 C:\xampp\htdocs\eams\system\Boot.php(68): CodeIgniter\Boot::runCodeIgniter(Object(CodeIgniter\CodeIgniter))
#12 C:\xampp\htdocs\eams\public\index.php(59): CodeIgniter\Boot::bootWeb(Object(Config\Paths))
#13 {main}
CRITICAL - 2026-01-22 02:20:36 --> CodeIgniter\Database\Exceptions\DatabaseException: Unknown column 'asset_item_types.check_frequency' in 'field list'
[Method: GET, Route: compliance/inventory/detail/36]
in SYSTEMPATH\Database\BaseConnection.php on line 684.
 1 SYSTEMPATH\Database\BaseBuilder.php(1649): CodeIgniter\Database\BaseConnection->query('SELECT `compliance_inventory`.*, `inventory_categories`.`name` AS `category_name`, `areas`.`name` AS `area_name`, `asset_item_types`.`name` AS `item_display_name`, `asset_item_types`.`check_frequency`
FROM `compliance_inventory`
JOIN `inventory_categories` ON `inventory_categories`.`id` = `compliance_inventory`.`category_id`
JOIN `areas` ON `areas`.`id` = `compliance_inventory`.`area_id`
JOIN `asset_item_types` ON `asset_item_types`.`id` = `compliance_inventory`.`item_type_id`
WHERE `compliance_inventory`.`id` = :compliance_inventory.id:
 LIMIT 1', [...], false)
 2 SYSTEMPATH\Model.php(330): CodeIgniter\Database\BaseBuilder->get()
 3 SYSTEMPATH\BaseModel.php(715): CodeIgniter\Model->doFirst()
 4 APPPATH\Controllers\ComplianceInventoryController.php(179): CodeIgniter\BaseModel->first()
 5 SYSTEMPATH\CodeIgniter.php(933): App\Controllers\ComplianceInventoryController->detail('36')
 6 SYSTEMPATH\CodeIgniter.php(507): CodeIgniter\CodeIgniter->runController(Object(App\Controllers\ComplianceInventoryController))
 7 SYSTEMPATH\CodeIgniter.php(354): CodeIgniter\CodeIgniter->handleRequest(null, Object(Config\Cache), false)
 8 SYSTEMPATH\Boot.php(363): CodeIgniter\CodeIgniter->run()
 9 SYSTEMPATH\Boot.php(68): CodeIgniter\Boot::runCodeIgniter(Object(CodeIgniter\CodeIgniter))
10 FCPATH\index.php(59): CodeIgniter\Boot::bootWeb(Object(Config\Paths))
CRITICAL - 2026-01-22 02:20:36 --> [Caused by] CodeIgniter\Database\Exceptions\DatabaseException: Unknown column 'asset_item_types.check_frequency' in 'field list'
in SYSTEMPATH\Database\MySQLi\Connection.php on line 332.
 1 SYSTEMPATH\Database\BaseConnection.php(729): CodeIgniter\Database\MySQLi\Connection->execute('SELECT `compliance_inventory`.*, `inventory_categories`.`name` AS `category_name`, `areas`.`name` AS `area_name`, `asset_item_types`.`name` AS `item_display_name`, `asset_item_types`.`check_frequency`
FROM `compliance_inventory`
JOIN `inventory_categories` ON `inventory_categories`.`id` = `compliance_inventory`.`category_id`
JOIN `areas` ON `areas`.`id` = `compliance_inventory`.`area_id`
JOIN `asset_item_types` ON `asset_item_types`.`id` = `compliance_inventory`.`item_type_id`
WHERE `compliance_inventory`.`id` = \'36\'
 LIMIT 1')
 2 SYSTEMPATH\Database\BaseConnection.php(646): CodeIgniter\Database\BaseConnection->simpleQuery('SELECT `compliance_inventory`.*, `inventory_categories`.`name` AS `category_name`, `areas`.`name` AS `area_name`, `asset_item_types`.`name` AS `item_display_name`, `asset_item_types`.`check_frequency`
FROM `compliance_inventory`
JOIN `inventory_categories` ON `inventory_categories`.`id` = `compliance_inventory`.`category_id`
JOIN `areas` ON `areas`.`id` = `compliance_inventory`.`area_id`
JOIN `asset_item_types` ON `asset_item_types`.`id` = `compliance_inventory`.`item_type_id`
WHERE `compliance_inventory`.`id` = \'36\'
 LIMIT 1')
 3 SYSTEMPATH\Database\BaseBuilder.php(1649): CodeIgniter\Database\BaseConnection->query('SELECT `compliance_inventory`.*, `inventory_categories`.`name` AS `category_name`, `areas`.`name` AS `area_name`, `asset_item_types`.`name` AS `item_display_name`, `asset_item_types`.`check_frequency`
FROM `compliance_inventory`
JOIN `inventory_categories` ON `inventory_categories`.`id` = `compliance_inventory`.`category_id`
JOIN `areas` ON `areas`.`id` = `compliance_inventory`.`area_id`
JOIN `asset_item_types` ON `asset_item_types`.`id` = `compliance_inventory`.`item_type_id`
WHERE `compliance_inventory`.`id` = :compliance_inventory.id:
 LIMIT 1', [...], false)
 4 SYSTEMPATH\Model.php(330): CodeIgniter\Database\BaseBuilder->get()
 5 SYSTEMPATH\BaseModel.php(715): CodeIgniter\Model->doFirst()
 6 APPPATH\Controllers\ComplianceInventoryController.php(179): CodeIgniter\BaseModel->first()
 7 SYSTEMPATH\CodeIgniter.php(933): App\Controllers\ComplianceInventoryController->detail('36')
 8 SYSTEMPATH\CodeIgniter.php(507): CodeIgniter\CodeIgniter->runController(Object(App\Controllers\ComplianceInventoryController))
 9 SYSTEMPATH\CodeIgniter.php(354): CodeIgniter\CodeIgniter->handleRequest(null, Object(Config\Cache), false)
10 SYSTEMPATH\Boot.php(363): CodeIgniter\CodeIgniter->run()
11 SYSTEMPATH\Boot.php(68): CodeIgniter\Boot::runCodeIgniter(Object(CodeIgniter\CodeIgniter))
12 FCPATH\index.php(59): CodeIgniter\Boot::bootWeb(Object(Config\Paths))
CRITICAL - 2026-01-22 02:20:36 --> [Caused by] mysqli_sql_exception: Unknown column 'asset_item_types.check_frequency' in 'field list'
in SYSTEMPATH\Database\MySQLi\Connection.php on line 327.
 1 SYSTEMPATH\Database\MySQLi\Connection.php(327): mysqli->query('SELECT `compliance_inventory`.*, `inventory_categories`.`name` AS `category_name`, `areas`.`name` AS `area_name`, `asset_item_types`.`name` AS `item_display_name`, `asset_item_types`.`check_frequency`
FROM `compliance_inventory`
JOIN `inventory_categories` ON `inventory_categories`.`id` = `compliance_inventory`.`category_id`
JOIN `areas` ON `areas`.`id` = `compliance_inventory`.`area_id`
JOIN `asset_item_types` ON `asset_item_types`.`id` = `compliance_inventory`.`item_type_id`
WHERE `compliance_inventory`.`id` = \'36\'
 LIMIT 1', 0)
 2 SYSTEMPATH\Database\BaseConnection.php(729): CodeIgniter\Database\MySQLi\Connection->execute('SELECT `compliance_inventory`.*, `inventory_categories`.`name` AS `category_name`, `areas`.`name` AS `area_name`, `asset_item_types`.`name` AS `item_display_name`, `asset_item_types`.`check_frequency`
FROM `compliance_inventory`
JOIN `inventory_categories` ON `inventory_categories`.`id` = `compliance_inventory`.`category_id`
JOIN `areas` ON `areas`.`id` = `compliance_inventory`.`area_id`
JOIN `asset_item_types` ON `asset_item_types`.`id` = `compliance_inventory`.`item_type_id`
WHERE `compliance_inventory`.`id` = \'36\'
 LIMIT 1')
 3 SYSTEMPATH\Database\BaseConnection.php(646): CodeIgniter\Database\BaseConnection->simpleQuery('SELECT `compliance_inventory`.*, `inventory_categories`.`name` AS `category_name`, `areas`.`name` AS `area_name`, `asset_item_types`.`name` AS `item_display_name`, `asset_item_types`.`check_frequency`
FROM `compliance_inventory`
JOIN `inventory_categories` ON `inventory_categories`.`id` = `compliance_inventory`.`category_id`
JOIN `areas` ON `areas`.`id` = `compliance_inventory`.`area_id`
JOIN `asset_item_types` ON `asset_item_types`.`id` = `compliance_inventory`.`item_type_id`
WHERE `compliance_inventory`.`id` = \'36\'
 LIMIT 1')
 4 SYSTEMPATH\Database\BaseBuilder.php(1649): CodeIgniter\Database\BaseConnection->query('SELECT `compliance_inventory`.*, `inventory_categories`.`name` AS `category_name`, `areas`.`name` AS `area_name`, `asset_item_types`.`name` AS `item_display_name`, `asset_item_types`.`check_frequency`
FROM `compliance_inventory`
JOIN `inventory_categories` ON `inventory_categories`.`id` = `compliance_inventory`.`category_id`
JOIN `areas` ON `areas`.`id` = `compliance_inventory`.`area_id`
JOIN `asset_item_types` ON `asset_item_types`.`id` = `compliance_inventory`.`item_type_id`
WHERE `compliance_inventory`.`id` = :compliance_inventory.id:
 LIMIT 1', [...], false)
 5 SYSTEMPATH\Model.php(330): CodeIgniter\Database\BaseBuilder->get()
 6 SYSTEMPATH\BaseModel.php(715): CodeIgniter\Model->doFirst()
 7 APPPATH\Controllers\ComplianceInventoryController.php(179): CodeIgniter\BaseModel->first()
 8 SYSTEMPATH\CodeIgniter.php(933): App\Controllers\ComplianceInventoryController->detail('36')
 9 SYSTEMPATH\CodeIgniter.php(507): CodeIgniter\CodeIgniter->runController(Object(App\Controllers\ComplianceInventoryController))
10 SYSTEMPATH\CodeIgniter.php(354): CodeIgniter\CodeIgniter->handleRequest(null, Object(Config\Cache), false)
11 SYSTEMPATH\Boot.php(363): CodeIgniter\CodeIgniter->run()
12 SYSTEMPATH\Boot.php(68): CodeIgniter\Boot::runCodeIgniter(Object(CodeIgniter\CodeIgniter))
13 FCPATH\index.php(59): CodeIgniter\Boot::bootWeb(Object(Config\Paths))
DEBUG - 2026-01-22 02:34:51 --> Session: Class initialized using 'CodeIgniter\Session\Handlers\FileHandler' driver.
ERROR - 2026-01-22 02:34:51 --> mysqli_sql_exception: Unknown column 'asset_item_types.check_frequency' in 'field list' in C:\xampp\htdocs\eams\system\Database\MySQLi\Connection.php:327
Stack trace:
#0 C:\xampp\htdocs\eams\system\Database\MySQLi\Connection.php(327): mysqli->query('SELECT `complia...', 0)
#1 C:\xampp\htdocs\eams\system\Database\BaseConnection.php(729): CodeIgniter\Database\MySQLi\Connection->execute('SELECT `complia...')
#2 C:\xampp\htdocs\eams\system\Database\BaseConnection.php(646): CodeIgniter\Database\BaseConnection->simpleQuery('SELECT `complia...')
#3 C:\xampp\htdocs\eams\system\Database\BaseBuilder.php(1649): CodeIgniter\Database\BaseConnection->query('SELECT `complia...', Array, false)
#4 C:\xampp\htdocs\eams\system\Model.php(330): CodeIgniter\Database\BaseBuilder->get()
#5 C:\xampp\htdocs\eams\system\BaseModel.php(715): CodeIgniter\Model->doFirst()
#6 C:\xampp\htdocs\eams\app\Controllers\ComplianceInventoryController.php(179): CodeIgniter\BaseModel->first()
#7 C:\xampp\htdocs\eams\system\CodeIgniter.php(933): App\Controllers\ComplianceInventoryController->detail('36')
#8 C:\xampp\htdocs\eams\system\CodeIgniter.php(507): CodeIgniter\CodeIgniter->runController(Object(App\Controllers\ComplianceInventoryController))
#9 C:\xampp\htdocs\eams\system\CodeIgniter.php(354): CodeIgniter\CodeIgniter->handleRequest(NULL, Object(Config\Cache), false)
#10 C:\xampp\htdocs\eams\system\Boot.php(363): CodeIgniter\CodeIgniter->run()
#11 C:\xampp\htdocs\eams\system\Boot.php(68): CodeIgniter\Boot::runCodeIgniter(Object(CodeIgniter\CodeIgniter))
#12 C:\xampp\htdocs\eams\public\index.php(59): CodeIgniter\Boot::bootWeb(Object(Config\Paths))
#13 {main}
CRITICAL - 2026-01-22 02:34:51 --> CodeIgniter\Database\Exceptions\DatabaseException: Unknown column 'asset_item_types.check_frequency' in 'field list'
[Method: GET, Route: compliance/inventory/detail/36]
in SYSTEMPATH\Database\BaseConnection.php on line 684.
 1 SYSTEMPATH\Database\BaseBuilder.php(1649): CodeIgniter\Database\BaseConnection->query('SELECT `compliance_inventory`.*, `inventory_categories`.`name` AS `category_name`, `areas`.`name` AS `area_name`, `asset_item_types`.`name` AS `item_display_name`, `asset_item_types`.`check_frequency`
FROM `compliance_inventory`
JOIN `inventory_categories` ON `inventory_categories`.`id` = `compliance_inventory`.`category_id`
JOIN `areas` ON `areas`.`id` = `compliance_inventory`.`area_id`
JOIN `asset_item_types` ON `asset_item_types`.`id` = `compliance_inventory`.`item_type_id`
WHERE `compliance_inventory`.`id` = :compliance_inventory.id:
 LIMIT 1', [...], false)
 2 SYSTEMPATH\Model.php(330): CodeIgniter\Database\BaseBuilder->get()
 3 SYSTEMPATH\BaseModel.php(715): CodeIgniter\Model->doFirst()
 4 APPPATH\Controllers\ComplianceInventoryController.php(179): CodeIgniter\BaseModel->first()
 5 SYSTEMPATH\CodeIgniter.php(933): App\Controllers\ComplianceInventoryController->detail('36')
 6 SYSTEMPATH\CodeIgniter.php(507): CodeIgniter\CodeIgniter->runController(Object(App\Controllers\ComplianceInventoryController))
 7 SYSTEMPATH\CodeIgniter.php(354): CodeIgniter\CodeIgniter->handleRequest(null, Object(Config\Cache), false)
 8 SYSTEMPATH\Boot.php(363): CodeIgniter\CodeIgniter->run()
 9 SYSTEMPATH\Boot.php(68): CodeIgniter\Boot::runCodeIgniter(Object(CodeIgniter\CodeIgniter))
10 FCPATH\index.php(59): CodeIgniter\Boot::bootWeb(Object(Config\Paths))
CRITICAL - 2026-01-22 02:34:51 --> [Caused by] CodeIgniter\Database\Exceptions\DatabaseException: Unknown column 'asset_item_types.check_frequency' in 'field list'
in SYSTEMPATH\Database\MySQLi\Connection.php on line 332.
 1 SYSTEMPATH\Database\BaseConnection.php(729): CodeIgniter\Database\MySQLi\Connection->execute('SELECT `compliance_inventory`.*, `inventory_categories`.`name` AS `category_name`, `areas`.`name` AS `area_name`, `asset_item_types`.`name` AS `item_display_name`, `asset_item_types`.`check_frequency`
FROM `compliance_inventory`
JOIN `inventory_categories` ON `inventory_categories`.`id` = `compliance_inventory`.`category_id`
JOIN `areas` ON `areas`.`id` = `compliance_inventory`.`area_id`
JOIN `asset_item_types` ON `asset_item_types`.`id` = `compliance_inventory`.`item_type_id`
WHERE `compliance_inventory`.`id` = \'36\'
 LIMIT 1')
 2 SYSTEMPATH\Database\BaseConnection.php(646): CodeIgniter\Database\BaseConnection->simpleQuery('SELECT `compliance_inventory`.*, `inventory_categories`.`name` AS `category_name`, `areas`.`name` AS `area_name`, `asset_item_types`.`name` AS `item_display_name`, `asset_item_types`.`check_frequency`
FROM `compliance_inventory`
JOIN `inventory_categories` ON `inventory_categories`.`id` = `compliance_inventory`.`category_id`
JOIN `areas` ON `areas`.`id` = `compliance_inventory`.`area_id`
JOIN `asset_item_types` ON `asset_item_types`.`id` = `compliance_inventory`.`item_type_id`
WHERE `compliance_inventory`.`id` = \'36\'
 LIMIT 1')
 3 SYSTEMPATH\Database\BaseBuilder.php(1649): CodeIgniter\Database\BaseConnection->query('SELECT `compliance_inventory`.*, `inventory_categories`.`name` AS `category_name`, `areas`.`name` AS `area_name`, `asset_item_types`.`name` AS `item_display_name`, `asset_item_types`.`check_frequency`
FROM `compliance_inventory`
JOIN `inventory_categories` ON `inventory_categories`.`id` = `compliance_inventory`.`category_id`
JOIN `areas` ON `areas`.`id` = `compliance_inventory`.`area_id`
JOIN `asset_item_types` ON `asset_item_types`.`id` = `compliance_inventory`.`item_type_id`
WHERE `compliance_inventory`.`id` = :compliance_inventory.id:
 LIMIT 1', [...], false)
 4 SYSTEMPATH\Model.php(330): CodeIgniter\Database\BaseBuilder->get()
 5 SYSTEMPATH\BaseModel.php(715): CodeIgniter\Model->doFirst()
 6 APPPATH\Controllers\ComplianceInventoryController.php(179): CodeIgniter\BaseModel->first()
 7 SYSTEMPATH\CodeIgniter.php(933): App\Controllers\ComplianceInventoryController->detail('36')
 8 SYSTEMPATH\CodeIgniter.php(507): CodeIgniter\CodeIgniter->runController(Object(App\Controllers\ComplianceInventoryController))
 9 SYSTEMPATH\CodeIgniter.php(354): CodeIgniter\CodeIgniter->handleRequest(null, Object(Config\Cache), false)
10 SYSTEMPATH\Boot.php(363): CodeIgniter\CodeIgniter->run()
11 SYSTEMPATH\Boot.php(68): CodeIgniter\Boot::runCodeIgniter(Object(CodeIgniter\CodeIgniter))
12 FCPATH\index.php(59): CodeIgniter\Boot::bootWeb(Object(Config\Paths))
CRITICAL - 2026-01-22 02:34:51 --> [Caused by] mysqli_sql_exception: Unknown column 'asset_item_types.check_frequency' in 'field list'
in SYSTEMPATH\Database\MySQLi\Connection.php on line 327.
 1 SYSTEMPATH\Database\MySQLi\Connection.php(327): mysqli->query('SELECT `compliance_inventory`.*, `inventory_categories`.`name` AS `category_name`, `areas`.`name` AS `area_name`, `asset_item_types`.`name` AS `item_display_name`, `asset_item_types`.`check_frequency`
FROM `compliance_inventory`
JOIN `inventory_categories` ON `inventory_categories`.`id` = `compliance_inventory`.`category_id`
JOIN `areas` ON `areas`.`id` = `compliance_inventory`.`area_id`
JOIN `asset_item_types` ON `asset_item_types`.`id` = `compliance_inventory`.`item_type_id`
WHERE `compliance_inventory`.`id` = \'36\'
 LIMIT 1', 0)
 2 SYSTEMPATH\Database\BaseConnection.php(729): CodeIgniter\Database\MySQLi\Connection->execute('SELECT `compliance_inventory`.*, `inventory_categories`.`name` AS `category_name`, `areas`.`name` AS `area_name`, `asset_item_types`.`name` AS `item_display_name`, `asset_item_types`.`check_frequency`
FROM `compliance_inventory`
JOIN `inventory_categories` ON `inventory_categories`.`id` = `compliance_inventory`.`category_id`
JOIN `areas` ON `areas`.`id` = `compliance_inventory`.`area_id`
JOIN `asset_item_types` ON `asset_item_types`.`id` = `compliance_inventory`.`item_type_id`
WHERE `compliance_inventory`.`id` = \'36\'
 LIMIT 1')
 3 SYSTEMPATH\Database\BaseConnection.php(646): CodeIgniter\Database\BaseConnection->simpleQuery('SELECT `compliance_inventory`.*, `inventory_categories`.`name` AS `category_name`, `areas`.`name` AS `area_name`, `asset_item_types`.`name` AS `item_display_name`, `asset_item_types`.`check_frequency`
FROM `compliance_inventory`
JOIN `inventory_categories` ON `inventory_categories`.`id` = `compliance_inventory`.`category_id`
JOIN `areas` ON `areas`.`id` = `compliance_inventory`.`area_id`
JOIN `asset_item_types` ON `asset_item_types`.`id` = `compliance_inventory`.`item_type_id`
WHERE `compliance_inventory`.`id` = \'36\'
 LIMIT 1')
 4 SYSTEMPATH\Database\BaseBuilder.php(1649): CodeIgniter\Database\BaseConnection->query('SELECT `compliance_inventory`.*, `inventory_categories`.`name` AS `category_name`, `areas`.`name` AS `area_name`, `asset_item_types`.`name` AS `item_display_name`, `asset_item_types`.`check_frequency`
FROM `compliance_inventory`
JOIN `inventory_categories` ON `inventory_categories`.`id` = `compliance_inventory`.`category_id`
JOIN `areas` ON `areas`.`id` = `compliance_inventory`.`area_id`
JOIN `asset_item_types` ON `asset_item_types`.`id` = `compliance_inventory`.`item_type_id`
WHERE `compliance_inventory`.`id` = :compliance_inventory.id:
 LIMIT 1', [...], false)
 5 SYSTEMPATH\Model.php(330): CodeIgniter\Database\BaseBuilder->get()
 6 SYSTEMPATH\BaseModel.php(715): CodeIgniter\Model->doFirst()
 7 APPPATH\Controllers\ComplianceInventoryController.php(179): CodeIgniter\BaseModel->first()
 8 SYSTEMPATH\CodeIgniter.php(933): App\Controllers\ComplianceInventoryController->detail('36')
 9 SYSTEMPATH\CodeIgniter.php(507): CodeIgniter\CodeIgniter->runController(Object(App\Controllers\ComplianceInventoryController))
10 SYSTEMPATH\CodeIgniter.php(354): CodeIgniter\CodeIgniter->handleRequest(null, Object(Config\Cache), false)
11 SYSTEMPATH\Boot.php(363): CodeIgniter\CodeIgniter->run()
12 SYSTEMPATH\Boot.php(68): CodeIgniter\Boot::runCodeIgniter(Object(CodeIgniter\CodeIgniter))
13 FCPATH\index.php(59): CodeIgniter\Boot::bootWeb(Object(Config\Paths))
DEBUG - 2026-01-22 02:34:54 --> Session: Class initialized using 'CodeIgniter\Session\Handlers\FileHandler' driver.
ERROR - 2026-01-22 02:34:54 --> mysqli_sql_exception: Unknown column 'asset_item_types.check_frequency' in 'field list' in C:\xampp\htdocs\eams\system\Database\MySQLi\Connection.php:327
Stack trace:
#0 C:\xampp\htdocs\eams\system\Database\MySQLi\Connection.php(327): mysqli->query('SELECT `complia...', 0)
#1 C:\xampp\htdocs\eams\system\Database\BaseConnection.php(729): CodeIgniter\Database\MySQLi\Connection->execute('SELECT `complia...')
#2 C:\xampp\htdocs\eams\system\Database\BaseConnection.php(646): CodeIgniter\Database\BaseConnection->simpleQuery('SELECT `complia...')
#3 C:\xampp\htdocs\eams\system\Database\BaseBuilder.php(1649): CodeIgniter\Database\BaseConnection->query('SELECT `complia...', Array, false)
#4 C:\xampp\htdocs\eams\system\Model.php(330): CodeIgniter\Database\BaseBuilder->get()
#5 C:\xampp\htdocs\eams\system\BaseModel.php(715): CodeIgniter\Model->doFirst()
#6 C:\xampp\htdocs\eams\app\Controllers\ComplianceInventoryController.php(179): CodeIgniter\BaseModel->first()
#7 C:\xampp\htdocs\eams\system\CodeIgniter.php(933): App\Controllers\ComplianceInventoryController->detail('36')
#8 C:\xampp\htdocs\eams\system\CodeIgniter.php(507): CodeIgniter\CodeIgniter->runController(Object(App\Controllers\ComplianceInventoryController))
#9 C:\xampp\htdocs\eams\system\CodeIgniter.php(354): CodeIgniter\CodeIgniter->handleRequest(NULL, Object(Config\Cache), false)
#10 C:\xampp\htdocs\eams\system\Boot.php(363): CodeIgniter\CodeIgniter->run()
#11 C:\xampp\htdocs\eams\system\Boot.php(68): CodeIgniter\Boot::runCodeIgniter(Object(CodeIgniter\CodeIgniter))
#12 C:\xampp\htdocs\eams\public\index.php(59): CodeIgniter\Boot::bootWeb(Object(Config\Paths))
#13 {main}
CRITICAL - 2026-01-22 02:34:54 --> CodeIgniter\Database\Exceptions\DatabaseException: Unknown column 'asset_item_types.check_frequency' in 'field list'
[Method: GET, Route: compliance/inventory/detail/36]
in SYSTEMPATH\Database\BaseConnection.php on line 684.
 1 SYSTEMPATH\Database\BaseBuilder.php(1649): CodeIgniter\Database\BaseConnection->query('SELECT `compliance_inventory`.*, `inventory_categories`.`name` AS `category_name`, `areas`.`name` AS `area_name`, `asset_item_types`.`name` AS `item_display_name`, `asset_item_types`.`check_frequency`
FROM `compliance_inventory`
JOIN `inventory_categories` ON `inventory_categories`.`id` = `compliance_inventory`.`category_id`
JOIN `areas` ON `areas`.`id` = `compliance_inventory`.`area_id`
JOIN `asset_item_types` ON `asset_item_types`.`id` = `compliance_inventory`.`item_type_id`
WHERE `compliance_inventory`.`id` = :compliance_inventory.id:
 LIMIT 1', [...], false)
 2 SYSTEMPATH\Model.php(330): CodeIgniter\Database\BaseBuilder->get()
 3 SYSTEMPATH\BaseModel.php(715): CodeIgniter\Model->doFirst()
 4 APPPATH\Controllers\ComplianceInventoryController.php(179): CodeIgniter\BaseModel->first()
 5 SYSTEMPATH\CodeIgniter.php(933): App\Controllers\ComplianceInventoryController->detail('36')
 6 SYSTEMPATH\CodeIgniter.php(507): CodeIgniter\CodeIgniter->runController(Object(App\Controllers\ComplianceInventoryController))
 7 SYSTEMPATH\CodeIgniter.php(354): CodeIgniter\CodeIgniter->handleRequest(null, Object(Config\Cache), false)
 8 SYSTEMPATH\Boot.php(363): CodeIgniter\CodeIgniter->run()
 9 SYSTEMPATH\Boot.php(68): CodeIgniter\Boot::runCodeIgniter(Object(CodeIgniter\CodeIgniter))
10 FCPATH\index.php(59): CodeIgniter\Boot::bootWeb(Object(Config\Paths))
CRITICAL - 2026-01-22 02:34:54 --> [Caused by] CodeIgniter\Database\Exceptions\DatabaseException: Unknown column 'asset_item_types.check_frequency' in 'field list'
in SYSTEMPATH\Database\MySQLi\Connection.php on line 332.
 1 SYSTEMPATH\Database\BaseConnection.php(729): CodeIgniter\Database\MySQLi\Connection->execute('SELECT `compliance_inventory`.*, `inventory_categories`.`name` AS `category_name`, `areas`.`name` AS `area_name`, `asset_item_types`.`name` AS `item_display_name`, `asset_item_types`.`check_frequency`
FROM `compliance_inventory`
JOIN `inventory_categories` ON `inventory_categories`.`id` = `compliance_inventory`.`category_id`
JOIN `areas` ON `areas`.`id` = `compliance_inventory`.`area_id`
JOIN `asset_item_types` ON `asset_item_types`.`id` = `compliance_inventory`.`item_type_id`
WHERE `compliance_inventory`.`id` = \'36\'
 LIMIT 1')
 2 SYSTEMPATH\Database\BaseConnection.php(646): CodeIgniter\Database\BaseConnection->simpleQuery('SELECT `compliance_inventory`.*, `inventory_categories`.`name` AS `category_name`, `areas`.`name` AS `area_name`, `asset_item_types`.`name` AS `item_display_name`, `asset_item_types`.`check_frequency`
FROM `compliance_inventory`
JOIN `inventory_categories` ON `inventory_categories`.`id` = `compliance_inventory`.`category_id`
JOIN `areas` ON `areas`.`id` = `compliance_inventory`.`area_id`
JOIN `asset_item_types` ON `asset_item_types`.`id` = `compliance_inventory`.`item_type_id`
WHERE `compliance_inventory`.`id` = \'36\'
 LIMIT 1')
 3 SYSTEMPATH\Database\BaseBuilder.php(1649): CodeIgniter\Database\BaseConnection->query('SELECT `compliance_inventory`.*, `inventory_categories`.`name` AS `category_name`, `areas`.`name` AS `area_name`, `asset_item_types`.`name` AS `item_display_name`, `asset_item_types`.`check_frequency`
FROM `compliance_inventory`
JOIN `inventory_categories` ON `inventory_categories`.`id` = `compliance_inventory`.`category_id`
JOIN `areas` ON `areas`.`id` = `compliance_inventory`.`area_id`
JOIN `asset_item_types` ON `asset_item_types`.`id` = `compliance_inventory`.`item_type_id`
WHERE `compliance_inventory`.`id` = :compliance_inventory.id:
 LIMIT 1', [...], false)
 4 SYSTEMPATH\Model.php(330): CodeIgniter\Database\BaseBuilder->get()
 5 SYSTEMPATH\BaseModel.php(715): CodeIgniter\Model->doFirst()
 6 APPPATH\Controllers\ComplianceInventoryController.php(179): CodeIgniter\BaseModel->first()
 7 SYSTEMPATH\CodeIgniter.php(933): App\Controllers\ComplianceInventoryController->detail('36')
 8 SYSTEMPATH\CodeIgniter.php(507): CodeIgniter\CodeIgniter->runController(Object(App\Controllers\ComplianceInventoryController))
 9 SYSTEMPATH\CodeIgniter.php(354): CodeIgniter\CodeIgniter->handleRequest(null, Object(Config\Cache), false)
10 SYSTEMPATH\Boot.php(363): CodeIgniter\CodeIgniter->run()
11 SYSTEMPATH\Boot.php(68): CodeIgniter\Boot::runCodeIgniter(Object(CodeIgniter\CodeIgniter))
12 FCPATH\index.php(59): CodeIgniter\Boot::bootWeb(Object(Config\Paths))
CRITICAL - 2026-01-22 02:34:54 --> [Caused by] mysqli_sql_exception: Unknown column 'asset_item_types.check_frequency' in 'field list'
in SYSTEMPATH\Database\MySQLi\Connection.php on line 327.
 1 SYSTEMPATH\Database\MySQLi\Connection.php(327): mysqli->query('SELECT `compliance_inventory`.*, `inventory_categories`.`name` AS `category_name`, `areas`.`name` AS `area_name`, `asset_item_types`.`name` AS `item_display_name`, `asset_item_types`.`check_frequency`
FROM `compliance_inventory`
JOIN `inventory_categories` ON `inventory_categories`.`id` = `compliance_inventory`.`category_id`
JOIN `areas` ON `areas`.`id` = `compliance_inventory`.`area_id`
JOIN `asset_item_types` ON `asset_item_types`.`id` = `compliance_inventory`.`item_type_id`
WHERE `compliance_inventory`.`id` = \'36\'
 LIMIT 1', 0)
 2 SYSTEMPATH\Database\BaseConnection.php(729): CodeIgniter\Database\MySQLi\Connection->execute('SELECT `compliance_inventory`.*, `inventory_categories`.`name` AS `category_name`, `areas`.`name` AS `area_name`, `asset_item_types`.`name` AS `item_display_name`, `asset_item_types`.`check_frequency`
FROM `compliance_inventory`
JOIN `inventory_categories` ON `inventory_categories`.`id` = `compliance_inventory`.`category_id`
JOIN `areas` ON `areas`.`id` = `compliance_inventory`.`area_id`
JOIN `asset_item_types` ON `asset_item_types`.`id` = `compliance_inventory`.`item_type_id`
WHERE `compliance_inventory`.`id` = \'36\'
 LIMIT 1')
 3 SYSTEMPATH\Database\BaseConnection.php(646): CodeIgniter\Database\BaseConnection->simpleQuery('SELECT `compliance_inventory`.*, `inventory_categories`.`name` AS `category_name`, `areas`.`name` AS `area_name`, `asset_item_types`.`name` AS `item_display_name`, `asset_item_types`.`check_frequency`
FROM `compliance_inventory`
JOIN `inventory_categories` ON `inventory_categories`.`id` = `compliance_inventory`.`category_id`
JOIN `areas` ON `areas`.`id` = `compliance_inventory`.`area_id`
JOIN `asset_item_types` ON `asset_item_types`.`id` = `compliance_inventory`.`item_type_id`
WHERE `compliance_inventory`.`id` = \'36\'
 LIMIT 1')
 4 SYSTEMPATH\Database\BaseBuilder.php(1649): CodeIgniter\Database\BaseConnection->query('SELECT `compliance_inventory`.*, `inventory_categories`.`name` AS `category_name`, `areas`.`name` AS `area_name`, `asset_item_types`.`name` AS `item_display_name`, `asset_item_types`.`check_frequency`
FROM `compliance_inventory`
JOIN `inventory_categories` ON `inventory_categories`.`id` = `compliance_inventory`.`category_id`
JOIN `areas` ON `areas`.`id` = `compliance_inventory`.`area_id`
JOIN `asset_item_types` ON `asset_item_types`.`id` = `compliance_inventory`.`item_type_id`
WHERE `compliance_inventory`.`id` = :compliance_inventory.id:
 LIMIT 1', [...], false)
 5 SYSTEMPATH\Model.php(330): CodeIgniter\Database\BaseBuilder->get()
 6 SYSTEMPATH\BaseModel.php(715): CodeIgniter\Model->doFirst()
 7 APPPATH\Controllers\ComplianceInventoryController.php(179): CodeIgniter\BaseModel->first()
 8 SYSTEMPATH\CodeIgniter.php(933): App\Controllers\ComplianceInventoryController->detail('36')
 9 SYSTEMPATH\CodeIgniter.php(507): CodeIgniter\CodeIgniter->runController(Object(App\Controllers\ComplianceInventoryController))
10 SYSTEMPATH\CodeIgniter.php(354): CodeIgniter\CodeIgniter->handleRequest(null, Object(Config\Cache), false)
11 SYSTEMPATH\Boot.php(363): CodeIgniter\CodeIgniter->run()
12 SYSTEMPATH\Boot.php(68): CodeIgniter\Boot::runCodeIgniter(Object(CodeIgniter\CodeIgniter))
13 FCPATH\index.php(59): CodeIgniter\Boot::bootWeb(Object(Config\Paths))
DEBUG - 2026-01-22 02:36:00 --> Session: Class initialized using 'CodeIgniter\Session\Handlers\FileHandler' driver.
ERROR - 2026-01-22 02:36:00 --> mysqli_sql_exception: Unknown column 'asset_item_types.check_frequency' in 'field list' in C:\xampp\htdocs\eams\system\Database\MySQLi\Connection.php:327
Stack trace:
#0 C:\xampp\htdocs\eams\system\Database\MySQLi\Connection.php(327): mysqli->query('SELECT `complia...', 0)
#1 C:\xampp\htdocs\eams\system\Database\BaseConnection.php(729): CodeIgniter\Database\MySQLi\Connection->execute('SELECT `complia...')
#2 C:\xampp\htdocs\eams\system\Database\BaseConnection.php(646): CodeIgniter\Database\BaseConnection->simpleQuery('SELECT `complia...')
#3 C:\xampp\htdocs\eams\system\Database\BaseBuilder.php(1649): CodeIgniter\Database\BaseConnection->query('SELECT `complia...', Array, false)
#4 C:\xampp\htdocs\eams\system\Model.php(330): CodeIgniter\Database\BaseBuilder->get()
#5 C:\xampp\htdocs\eams\system\BaseModel.php(715): CodeIgniter\Model->doFirst()
#6 C:\xampp\htdocs\eams\app\Controllers\ComplianceInventoryController.php(179): CodeIgniter\BaseModel->first()
#7 C:\xampp\htdocs\eams\system\CodeIgniter.php(933): App\Controllers\ComplianceInventoryController->detail('36')
#8 C:\xampp\htdocs\eams\system\CodeIgniter.php(507): CodeIgniter\CodeIgniter->runController(Object(App\Controllers\ComplianceInventoryController))
#9 C:\xampp\htdocs\eams\system\CodeIgniter.php(354): CodeIgniter\CodeIgniter->handleRequest(NULL, Object(Config\Cache), false)
#10 C:\xampp\htdocs\eams\system\Boot.php(363): CodeIgniter\CodeIgniter->run()
#11 C:\xampp\htdocs\eams\system\Boot.php(68): CodeIgniter\Boot::runCodeIgniter(Object(CodeIgniter\CodeIgniter))
#12 C:\xampp\htdocs\eams\public\index.php(59): CodeIgniter\Boot::bootWeb(Object(Config\Paths))
#13 {main}
CRITICAL - 2026-01-22 02:36:00 --> CodeIgniter\Database\Exceptions\DatabaseException: Unknown column 'asset_item_types.check_frequency' in 'field list'
[Method: GET, Route: compliance/inventory/detail/36]
in SYSTEMPATH\Database\BaseConnection.php on line 684.
 1 SYSTEMPATH\Database\BaseBuilder.php(1649): CodeIgniter\Database\BaseConnection->query('SELECT `compliance_inventory`.*, `inventory_categories`.`name` AS `category_name`, `areas`.`name` AS `area_name`, `asset_item_types`.`name` AS `item_display_name`, `asset_item_types`.`check_frequency`
FROM `compliance_inventory`
JOIN `inventory_categories` ON `inventory_categories`.`id` = `compliance_inventory`.`category_id`
JOIN `areas` ON `areas`.`id` = `compliance_inventory`.`area_id`
JOIN `asset_item_types` ON `asset_item_types`.`id` = `compliance_inventory`.`item_type_id`
WHERE `compliance_inventory`.`id` = :compliance_inventory.id:
 LIMIT 1', [...], false)
 2 SYSTEMPATH\Model.php(330): CodeIgniter\Database\BaseBuilder->get()
 3 SYSTEMPATH\BaseModel.php(715): CodeIgniter\Model->doFirst()
 4 APPPATH\Controllers\ComplianceInventoryController.php(179): CodeIgniter\BaseModel->first()
 5 SYSTEMPATH\CodeIgniter.php(933): App\Controllers\ComplianceInventoryController->detail('36')
 6 SYSTEMPATH\CodeIgniter.php(507): CodeIgniter\CodeIgniter->runController(Object(App\Controllers\ComplianceInventoryController))
 7 SYSTEMPATH\CodeIgniter.php(354): CodeIgniter\CodeIgniter->handleRequest(null, Object(Config\Cache), false)
 8 SYSTEMPATH\Boot.php(363): CodeIgniter\CodeIgniter->run()
 9 SYSTEMPATH\Boot.php(68): CodeIgniter\Boot::runCodeIgniter(Object(CodeIgniter\CodeIgniter))
10 FCPATH\index.php(59): CodeIgniter\Boot::bootWeb(Object(Config\Paths))
CRITICAL - 2026-01-22 02:36:00 --> [Caused by] CodeIgniter\Database\Exceptions\DatabaseException: Unknown column 'asset_item_types.check_frequency' in 'field list'
in SYSTEMPATH\Database\MySQLi\Connection.php on line 332.
 1 SYSTEMPATH\Database\BaseConnection.php(729): CodeIgniter\Database\MySQLi\Connection->execute('SELECT `compliance_inventory`.*, `inventory_categories`.`name` AS `category_name`, `areas`.`name` AS `area_name`, `asset_item_types`.`name` AS `item_display_name`, `asset_item_types`.`check_frequency`
FROM `compliance_inventory`
JOIN `inventory_categories` ON `inventory_categories`.`id` = `compliance_inventory`.`category_id`
JOIN `areas` ON `areas`.`id` = `compliance_inventory`.`area_id`
JOIN `asset_item_types` ON `asset_item_types`.`id` = `compliance_inventory`.`item_type_id`
WHERE `compliance_inventory`.`id` = \'36\'
 LIMIT 1')
 2 SYSTEMPATH\Database\BaseConnection.php(646): CodeIgniter\Database\BaseConnection->simpleQuery('SELECT `compliance_inventory`.*, `inventory_categories`.`name` AS `category_name`, `areas`.`name` AS `area_name`, `asset_item_types`.`name` AS `item_display_name`, `asset_item_types`.`check_frequency`
FROM `compliance_inventory`
JOIN `inventory_categories` ON `inventory_categories`.`id` = `compliance_inventory`.`category_id`
JOIN `areas` ON `areas`.`id` = `compliance_inventory`.`area_id`
JOIN `asset_item_types` ON `asset_item_types`.`id` = `compliance_inventory`.`item_type_id`
WHERE `compliance_inventory`.`id` = \'36\'
 LIMIT 1')
 3 SYSTEMPATH\Database\BaseBuilder.php(1649): CodeIgniter\Database\BaseConnection->query('SELECT `compliance_inventory`.*, `inventory_categories`.`name` AS `category_name`, `areas`.`name` AS `area_name`, `asset_item_types`.`name` AS `item_display_name`, `asset_item_types`.`check_frequency`
FROM `compliance_inventory`
JOIN `inventory_categories` ON `inventory_categories`.`id` = `compliance_inventory`.`category_id`
JOIN `areas` ON `areas`.`id` = `compliance_inventory`.`area_id`
JOIN `asset_item_types` ON `asset_item_types`.`id` = `compliance_inventory`.`item_type_id`
WHERE `compliance_inventory`.`id` = :compliance_inventory.id:
 LIMIT 1', [...], false)
 4 SYSTEMPATH\Model.php(330): CodeIgniter\Database\BaseBuilder->get()
 5 SYSTEMPATH\BaseModel.php(715): CodeIgniter\Model->doFirst()
 6 APPPATH\Controllers\ComplianceInventoryController.php(179): CodeIgniter\BaseModel->first()
 7 SYSTEMPATH\CodeIgniter.php(933): App\Controllers\ComplianceInventoryController->detail('36')
 8 SYSTEMPATH\CodeIgniter.php(507): CodeIgniter\CodeIgniter->runController(Object(App\Controllers\ComplianceInventoryController))
 9 SYSTEMPATH\CodeIgniter.php(354): CodeIgniter\CodeIgniter->handleRequest(null, Object(Config\Cache), false)
10 SYSTEMPATH\Boot.php(363): CodeIgniter\CodeIgniter->run()
11 SYSTEMPATH\Boot.php(68): CodeIgniter\Boot::runCodeIgniter(Object(CodeIgniter\CodeIgniter))
12 FCPATH\index.php(59): CodeIgniter\Boot::bootWeb(Object(Config\Paths))
CRITICAL - 2026-01-22 02:36:00 --> [Caused by] mysqli_sql_exception: Unknown column 'asset_item_types.check_frequency' in 'field list'
in SYSTEMPATH\Database\MySQLi\Connection.php on line 327.
 1 SYSTEMPATH\Database\MySQLi\Connection.php(327): mysqli->query('SELECT `compliance_inventory`.*, `inventory_categories`.`name` AS `category_name`, `areas`.`name` AS `area_name`, `asset_item_types`.`name` AS `item_display_name`, `asset_item_types`.`check_frequency`
FROM `compliance_inventory`
JOIN `inventory_categories` ON `inventory_categories`.`id` = `compliance_inventory`.`category_id`
JOIN `areas` ON `areas`.`id` = `compliance_inventory`.`area_id`
JOIN `asset_item_types` ON `asset_item_types`.`id` = `compliance_inventory`.`item_type_id`
WHERE `compliance_inventory`.`id` = \'36\'
 LIMIT 1', 0)
 2 SYSTEMPATH\Database\BaseConnection.php(729): CodeIgniter\Database\MySQLi\Connection->execute('SELECT `compliance_inventory`.*, `inventory_categories`.`name` AS `category_name`, `areas`.`name` AS `area_name`, `asset_item_types`.`name` AS `item_display_name`, `asset_item_types`.`check_frequency`
FROM `compliance_inventory`
JOIN `inventory_categories` ON `inventory_categories`.`id` = `compliance_inventory`.`category_id`
JOIN `areas` ON `areas`.`id` = `compliance_inventory`.`area_id`
JOIN `asset_item_types` ON `asset_item_types`.`id` = `compliance_inventory`.`item_type_id`
WHERE `compliance_inventory`.`id` = \'36\'
 LIMIT 1')
 3 SYSTEMPATH\Database\BaseConnection.php(646): CodeIgniter\Database\BaseConnection->simpleQuery('SELECT `compliance_inventory`.*, `inventory_categories`.`name` AS `category_name`, `areas`.`name` AS `area_name`, `asset_item_types`.`name` AS `item_display_name`, `asset_item_types`.`check_frequency`
FROM `compliance_inventory`
JOIN `inventory_categories` ON `inventory_categories`.`id` = `compliance_inventory`.`category_id`
JOIN `areas` ON `areas`.`id` = `compliance_inventory`.`area_id`
JOIN `asset_item_types` ON `asset_item_types`.`id` = `compliance_inventory`.`item_type_id`
WHERE `compliance_inventory`.`id` = \'36\'
 LIMIT 1')
 4 SYSTEMPATH\Database\BaseBuilder.php(1649): CodeIgniter\Database\BaseConnection->query('SELECT `compliance_inventory`.*, `inventory_categories`.`name` AS `category_name`, `areas`.`name` AS `area_name`, `asset_item_types`.`name` AS `item_display_name`, `asset_item_types`.`check_frequency`
FROM `compliance_inventory`
JOIN `inventory_categories` ON `inventory_categories`.`id` = `compliance_inventory`.`category_id`
JOIN `areas` ON `areas`.`id` = `compliance_inventory`.`area_id`
JOIN `asset_item_types` ON `asset_item_types`.`id` = `compliance_inventory`.`item_type_id`
WHERE `compliance_inventory`.`id` = :compliance_inventory.id:
 LIMIT 1', [...], false)
 5 SYSTEMPATH\Model.php(330): CodeIgniter\Database\BaseBuilder->get()
 6 SYSTEMPATH\BaseModel.php(715): CodeIgniter\Model->doFirst()
 7 APPPATH\Controllers\ComplianceInventoryController.php(179): CodeIgniter\BaseModel->first()
 8 SYSTEMPATH\CodeIgniter.php(933): App\Controllers\ComplianceInventoryController->detail('36')
 9 SYSTEMPATH\CodeIgniter.php(507): CodeIgniter\CodeIgniter->runController(Object(App\Controllers\ComplianceInventoryController))
10 SYSTEMPATH\CodeIgniter.php(354): CodeIgniter\CodeIgniter->handleRequest(null, Object(Config\Cache), false)
11 SYSTEMPATH\Boot.php(363): CodeIgniter\CodeIgniter->run()
12 SYSTEMPATH\Boot.php(68): CodeIgniter\Boot::runCodeIgniter(Object(CodeIgniter\CodeIgniter))
13 FCPATH\index.php(59): CodeIgniter\Boot::bootWeb(Object(Config\Paths))
DEBUG - 2026-01-22 02:36:01 --> Session: Class initialized using 'CodeIgniter\Session\Handlers\FileHandler' driver.
CRITICAL - 2026-01-22 02:36:01 --> ErrorException: Undefined variable $c
[Method: GET, Route: compliance/inventory]
in APPPATH\Views\compliance\inventory\index.php on line 7.
 1 APPPATH\Views\compliance\inventory\index.php(7): CodeIgniter\Debug\Exceptions->errorHandler(2, 'Undefined variable $c', 'C:\\xampp\\htdocs\\eams\\app\\Views\\compliance\\inventory\\index.php', 7)
 2 SYSTEMPATH\View\View.php(226): include('C:\\xampp\\htdocs\\eams\\app\\Views\\compliance\\inventory\\index.php')
 3 SYSTEMPATH\View\View.php(229): CodeIgniter\View\View->CodeIgniter\View\{closure}()
 4 SYSTEMPATH\Common.php(1199): CodeIgniter\View\View->render('compliance/inventory/index', [], true)
 5 APPPATH\Controllers\ComplianceInventoryController.php(63): view('compliance/inventory/index', [...])
 6 SYSTEMPATH\CodeIgniter.php(933): App\Controllers\ComplianceInventoryController->index()
 7 SYSTEMPATH\CodeIgniter.php(507): CodeIgniter\CodeIgniter->runController(Object(App\Controllers\ComplianceInventoryController))
 8 SYSTEMPATH\CodeIgniter.php(354): CodeIgniter\CodeIgniter->handleRequest(null, Object(Config\Cache), false)
 9 SYSTEMPATH\Boot.php(363): CodeIgniter\CodeIgniter->run()
10 SYSTEMPATH\Boot.php(68): CodeIgniter\Boot::runCodeIgniter(Object(CodeIgniter\CodeIgniter))
11 FCPATH\index.php(59): CodeIgniter\Boot::bootWeb(Object(Config\Paths))
DEBUG - 2026-01-22 02:36:06 --> Session: Class initialized using 'CodeIgniter\Session\Handlers\FileHandler' driver.
ERROR - 2026-01-22 02:36:06 --> mysqli_sql_exception: Unknown column 'asset_item_types.check_frequency' in 'field list' in C:\xampp\htdocs\eams\system\Database\MySQLi\Connection.php:327
Stack trace:
#0 C:\xampp\htdocs\eams\system\Database\MySQLi\Connection.php(327): mysqli->query('SELECT `complia...', 0)
#1 C:\xampp\htdocs\eams\system\Database\BaseConnection.php(729): CodeIgniter\Database\MySQLi\Connection->execute('SELECT `complia...')
#2 C:\xampp\htdocs\eams\system\Database\BaseConnection.php(646): CodeIgniter\Database\BaseConnection->simpleQuery('SELECT `complia...')
#3 C:\xampp\htdocs\eams\system\Database\BaseBuilder.php(1649): CodeIgniter\Database\BaseConnection->query('SELECT `complia...', Array, false)
#4 C:\xampp\htdocs\eams\system\Model.php(330): CodeIgniter\Database\BaseBuilder->get()
#5 C:\xampp\htdocs\eams\system\BaseModel.php(715): CodeIgniter\Model->doFirst()
#6 C:\xampp\htdocs\eams\app\Controllers\ComplianceInventoryController.php(179): CodeIgniter\BaseModel->first()
#7 C:\xampp\htdocs\eams\system\CodeIgniter.php(933): App\Controllers\ComplianceInventoryController->detail('37')
#8 C:\xampp\htdocs\eams\system\CodeIgniter.php(507): CodeIgniter\CodeIgniter->runController(Object(App\Controllers\ComplianceInventoryController))
#9 C:\xampp\htdocs\eams\system\CodeIgniter.php(354): CodeIgniter\CodeIgniter->handleRequest(NULL, Object(Config\Cache), false)
#10 C:\xampp\htdocs\eams\system\Boot.php(363): CodeIgniter\CodeIgniter->run()
#11 C:\xampp\htdocs\eams\system\Boot.php(68): CodeIgniter\Boot::runCodeIgniter(Object(CodeIgniter\CodeIgniter))
#12 C:\xampp\htdocs\eams\public\index.php(59): CodeIgniter\Boot::bootWeb(Object(Config\Paths))
#13 {main}
CRITICAL - 2026-01-22 02:36:06 --> CodeIgniter\Database\Exceptions\DatabaseException: Unknown column 'asset_item_types.check_frequency' in 'field list'
[Method: GET, Route: compliance/inventory/detail/37]
in SYSTEMPATH\Database\BaseConnection.php on line 684.
 1 SYSTEMPATH\Database\BaseBuilder.php(1649): CodeIgniter\Database\BaseConnection->query('SELECT `compliance_inventory`.*, `inventory_categories`.`name` AS `category_name`, `areas`.`name` AS `area_name`, `asset_item_types`.`name` AS `item_display_name`, `asset_item_types`.`check_frequency`
FROM `compliance_inventory`
JOIN `inventory_categories` ON `inventory_categories`.`id` = `compliance_inventory`.`category_id`
JOIN `areas` ON `areas`.`id` = `compliance_inventory`.`area_id`
JOIN `asset_item_types` ON `asset_item_types`.`id` = `compliance_inventory`.`item_type_id`
WHERE `compliance_inventory`.`id` = :compliance_inventory.id:
 LIMIT 1', [...], false)
 2 SYSTEMPATH\Model.php(330): CodeIgniter\Database\BaseBuilder->get()
 3 SYSTEMPATH\BaseModel.php(715): CodeIgniter\Model->doFirst()
 4 APPPATH\Controllers\ComplianceInventoryController.php(179): CodeIgniter\BaseModel->first()
 5 SYSTEMPATH\CodeIgniter.php(933): App\Controllers\ComplianceInventoryController->detail('37')
 6 SYSTEMPATH\CodeIgniter.php(507): CodeIgniter\CodeIgniter->runController(Object(App\Controllers\ComplianceInventoryController))
 7 SYSTEMPATH\CodeIgniter.php(354): CodeIgniter\CodeIgniter->handleRequest(null, Object(Config\Cache), false)
 8 SYSTEMPATH\Boot.php(363): CodeIgniter\CodeIgniter->run()
 9 SYSTEMPATH\Boot.php(68): CodeIgniter\Boot::runCodeIgniter(Object(CodeIgniter\CodeIgniter))
10 FCPATH\index.php(59): CodeIgniter\Boot::bootWeb(Object(Config\Paths))
CRITICAL - 2026-01-22 02:36:06 --> [Caused by] CodeIgniter\Database\Exceptions\DatabaseException: Unknown column 'asset_item_types.check_frequency' in 'field list'
in SYSTEMPATH\Database\MySQLi\Connection.php on line 332.
 1 SYSTEMPATH\Database\BaseConnection.php(729): CodeIgniter\Database\MySQLi\Connection->execute('SELECT `compliance_inventory`.*, `inventory_categories`.`name` AS `category_name`, `areas`.`name` AS `area_name`, `asset_item_types`.`name` AS `item_display_name`, `asset_item_types`.`check_frequency`
FROM `compliance_inventory`
JOIN `inventory_categories` ON `inventory_categories`.`id` = `compliance_inventory`.`category_id`
JOIN `areas` ON `areas`.`id` = `compliance_inventory`.`area_id`
JOIN `asset_item_types` ON `asset_item_types`.`id` = `compliance_inventory`.`item_type_id`
WHERE `compliance_inventory`.`id` = \'37\'
 LIMIT 1')
 2 SYSTEMPATH\Database\BaseConnection.php(646): CodeIgniter\Database\BaseConnection->simpleQuery('SELECT `compliance_inventory`.*, `inventory_categories`.`name` AS `category_name`, `areas`.`name` AS `area_name`, `asset_item_types`.`name` AS `item_display_name`, `asset_item_types`.`check_frequency`
FROM `compliance_inventory`
JOIN `inventory_categories` ON `inventory_categories`.`id` = `compliance_inventory`.`category_id`
JOIN `areas` ON `areas`.`id` = `compliance_inventory`.`area_id`
JOIN `asset_item_types` ON `asset_item_types`.`id` = `compliance_inventory`.`item_type_id`
WHERE `compliance_inventory`.`id` = \'37\'
 LIMIT 1')
 3 SYSTEMPATH\Database\BaseBuilder.php(1649): CodeIgniter\Database\BaseConnection->query('SELECT `compliance_inventory`.*, `inventory_categories`.`name` AS `category_name`, `areas`.`name` AS `area_name`, `asset_item_types`.`name` AS `item_display_name`, `asset_item_types`.`check_frequency`
FROM `compliance_inventory`
JOIN `inventory_categories` ON `inventory_categories`.`id` = `compliance_inventory`.`category_id`
JOIN `areas` ON `areas`.`id` = `compliance_inventory`.`area_id`
JOIN `asset_item_types` ON `asset_item_types`.`id` = `compliance_inventory`.`item_type_id`
WHERE `compliance_inventory`.`id` = :compliance_inventory.id:
 LIMIT 1', [...], false)
 4 SYSTEMPATH\Model.php(330): CodeIgniter\Database\BaseBuilder->get()
 5 SYSTEMPATH\BaseModel.php(715): CodeIgniter\Model->doFirst()
 6 APPPATH\Controllers\ComplianceInventoryController.php(179): CodeIgniter\BaseModel->first()
 7 SYSTEMPATH\CodeIgniter.php(933): App\Controllers\ComplianceInventoryController->detail('37')
 8 SYSTEMPATH\CodeIgniter.php(507): CodeIgniter\CodeIgniter->runController(Object(App\Controllers\ComplianceInventoryController))
 9 SYSTEMPATH\CodeIgniter.php(354): CodeIgniter\CodeIgniter->handleRequest(null, Object(Config\Cache), false)
10 SYSTEMPATH\Boot.php(363): CodeIgniter\CodeIgniter->run()
11 SYSTEMPATH\Boot.php(68): CodeIgniter\Boot::runCodeIgniter(Object(CodeIgniter\CodeIgniter))
12 FCPATH\index.php(59): CodeIgniter\Boot::bootWeb(Object(Config\Paths))
CRITICAL - 2026-01-22 02:36:06 --> [Caused by] mysqli_sql_exception: Unknown column 'asset_item_types.check_frequency' in 'field list'
in SYSTEMPATH\Database\MySQLi\Connection.php on line 327.
 1 SYSTEMPATH\Database\MySQLi\Connection.php(327): mysqli->query('SELECT `compliance_inventory`.*, `inventory_categories`.`name` AS `category_name`, `areas`.`name` AS `area_name`, `asset_item_types`.`name` AS `item_display_name`, `asset_item_types`.`check_frequency`
FROM `compliance_inventory`
JOIN `inventory_categories` ON `inventory_categories`.`id` = `compliance_inventory`.`category_id`
JOIN `areas` ON `areas`.`id` = `compliance_inventory`.`area_id`
JOIN `asset_item_types` ON `asset_item_types`.`id` = `compliance_inventory`.`item_type_id`
WHERE `compliance_inventory`.`id` = \'37\'
 LIMIT 1', 0)
 2 SYSTEMPATH\Database\BaseConnection.php(729): CodeIgniter\Database\MySQLi\Connection->execute('SELECT `compliance_inventory`.*, `inventory_categories`.`name` AS `category_name`, `areas`.`name` AS `area_name`, `asset_item_types`.`name` AS `item_display_name`, `asset_item_types`.`check_frequency`
FROM `compliance_inventory`
JOIN `inventory_categories` ON `inventory_categories`.`id` = `compliance_inventory`.`category_id`
JOIN `areas` ON `areas`.`id` = `compliance_inventory`.`area_id`
JOIN `asset_item_types` ON `asset_item_types`.`id` = `compliance_inventory`.`item_type_id`
WHERE `compliance_inventory`.`id` = \'37\'
 LIMIT 1')
 3 SYSTEMPATH\Database\BaseConnection.php(646): CodeIgniter\Database\BaseConnection->simpleQuery('SELECT `compliance_inventory`.*, `inventory_categories`.`name` AS `category_name`, `areas`.`name` AS `area_name`, `asset_item_types`.`name` AS `item_display_name`, `asset_item_types`.`check_frequency`
FROM `compliance_inventory`
JOIN `inventory_categories` ON `inventory_categories`.`id` = `compliance_inventory`.`category_id`
JOIN `areas` ON `areas`.`id` = `compliance_inventory`.`area_id`
JOIN `asset_item_types` ON `asset_item_types`.`id` = `compliance_inventory`.`item_type_id`
WHERE `compliance_inventory`.`id` = \'37\'
 LIMIT 1')
 4 SYSTEMPATH\Database\BaseBuilder.php(1649): CodeIgniter\Database\BaseConnection->query('SELECT `compliance_inventory`.*, `inventory_categories`.`name` AS `category_name`, `areas`.`name` AS `area_name`, `asset_item_types`.`name` AS `item_display_name`, `asset_item_types`.`check_frequency`
FROM `compliance_inventory`
JOIN `inventory_categories` ON `inventory_categories`.`id` = `compliance_inventory`.`category_id`
JOIN `areas` ON `areas`.`id` = `compliance_inventory`.`area_id`
JOIN `asset_item_types` ON `asset_item_types`.`id` = `compliance_inventory`.`item_type_id`
WHERE `compliance_inventory`.`id` = :compliance_inventory.id:
 LIMIT 1', [...], false)
 5 SYSTEMPATH\Model.php(330): CodeIgniter\Database\BaseBuilder->get()
 6 SYSTEMPATH\BaseModel.php(715): CodeIgniter\Model->doFirst()
 7 APPPATH\Controllers\ComplianceInventoryController.php(179): CodeIgniter\BaseModel->first()
 8 SYSTEMPATH\CodeIgniter.php(933): App\Controllers\ComplianceInventoryController->detail('37')
 9 SYSTEMPATH\CodeIgniter.php(507): CodeIgniter\CodeIgniter->runController(Object(App\Controllers\ComplianceInventoryController))
10 SYSTEMPATH\CodeIgniter.php(354): CodeIgniter\CodeIgniter->handleRequest(null, Object(Config\Cache), false)
11 SYSTEMPATH\Boot.php(363): CodeIgniter\CodeIgniter->run()
12 SYSTEMPATH\Boot.php(68): CodeIgniter\Boot::runCodeIgniter(Object(CodeIgniter\CodeIgniter))
13 FCPATH\index.php(59): CodeIgniter\Boot::bootWeb(Object(Config\Paths))
DEBUG - 2026-01-22 02:36:11 --> Session: Class initialized using 'CodeIgniter\Session\Handlers\FileHandler' driver.
CRITICAL - 2026-01-22 02:36:11 --> ErrorException: Undefined variable $c
[Method: GET, Route: compliance/inventory]
in APPPATH\Views\compliance\inventory\index.php on line 7.
 1 APPPATH\Views\compliance\inventory\index.php(7): CodeIgniter\Debug\Exceptions->errorHandler(2, 'Undefined variable $c', 'C:\\xampp\\htdocs\\eams\\app\\Views\\compliance\\inventory\\index.php', 7)
 2 SYSTEMPATH\View\View.php(226): include('C:\\xampp\\htdocs\\eams\\app\\Views\\compliance\\inventory\\index.php')
 3 SYSTEMPATH\View\View.php(229): CodeIgniter\View\View->CodeIgniter\View\{closure}()
 4 SYSTEMPATH\Common.php(1199): CodeIgniter\View\View->render('compliance/inventory/index', [], true)
 5 APPPATH\Controllers\ComplianceInventoryController.php(63): view('compliance/inventory/index', [...])
 6 SYSTEMPATH\CodeIgniter.php(933): App\Controllers\ComplianceInventoryController->index()
 7 SYSTEMPATH\CodeIgniter.php(507): CodeIgniter\CodeIgniter->runController(Object(App\Controllers\ComplianceInventoryController))
 8 SYSTEMPATH\CodeIgniter.php(354): CodeIgniter\CodeIgniter->handleRequest(null, Object(Config\Cache), false)
 9 SYSTEMPATH\Boot.php(363): CodeIgniter\CodeIgniter->run()
10 SYSTEMPATH\Boot.php(68): CodeIgniter\Boot::runCodeIgniter(Object(CodeIgniter\CodeIgniter))
11 FCPATH\index.php(59): CodeIgniter\Boot::bootWeb(Object(Config\Paths))
DEBUG - 2026-01-22 02:36:12 --> Session: Class initialized using 'CodeIgniter\Session\Handlers\FileHandler' driver.
ERROR - 2026-01-22 02:36:12 --> mysqli_sql_exception: Unknown column 'asset_item_types.check_frequency' in 'field list' in C:\xampp\htdocs\eams\system\Database\MySQLi\Connection.php:327
Stack trace:
#0 C:\xampp\htdocs\eams\system\Database\MySQLi\Connection.php(327): mysqli->query('SELECT `complia...', 0)
#1 C:\xampp\htdocs\eams\system\Database\BaseConnection.php(729): CodeIgniter\Database\MySQLi\Connection->execute('SELECT `complia...')
#2 C:\xampp\htdocs\eams\system\Database\BaseConnection.php(646): CodeIgniter\Database\BaseConnection->simpleQuery('SELECT `complia...')
#3 C:\xampp\htdocs\eams\system\Database\BaseBuilder.php(1649): CodeIgniter\Database\BaseConnection->query('SELECT `complia...', Array, false)
#4 C:\xampp\htdocs\eams\system\Model.php(330): CodeIgniter\Database\BaseBuilder->get()
#5 C:\xampp\htdocs\eams\system\BaseModel.php(715): CodeIgniter\Model->doFirst()
#6 C:\xampp\htdocs\eams\app\Controllers\ComplianceInventoryController.php(179): CodeIgniter\BaseModel->first()
#7 C:\xampp\htdocs\eams\system\CodeIgniter.php(933): App\Controllers\ComplianceInventoryController->detail('38')
#8 C:\xampp\htdocs\eams\system\CodeIgniter.php(507): CodeIgniter\CodeIgniter->runController(Object(App\Controllers\ComplianceInventoryController))
#9 C:\xampp\htdocs\eams\system\CodeIgniter.php(354): CodeIgniter\CodeIgniter->handleRequest(NULL, Object(Config\Cache), false)
#10 C:\xampp\htdocs\eams\system\Boot.php(363): CodeIgniter\CodeIgniter->run()
#11 C:\xampp\htdocs\eams\system\Boot.php(68): CodeIgniter\Boot::runCodeIgniter(Object(CodeIgniter\CodeIgniter))
#12 C:\xampp\htdocs\eams\public\index.php(59): CodeIgniter\Boot::bootWeb(Object(Config\Paths))
#13 {main}
CRITICAL - 2026-01-22 02:36:12 --> CodeIgniter\Database\Exceptions\DatabaseException: Unknown column 'asset_item_types.check_frequency' in 'field list'
[Method: GET, Route: compliance/inventory/detail/38]
in SYSTEMPATH\Database\BaseConnection.php on line 684.
 1 SYSTEMPATH\Database\BaseBuilder.php(1649): CodeIgniter\Database\BaseConnection->query('SELECT `compliance_inventory`.*, `inventory_categories`.`name` AS `category_name`, `areas`.`name` AS `area_name`, `asset_item_types`.`name` AS `item_display_name`, `asset_item_types`.`check_frequency`
FROM `compliance_inventory`
JOIN `inventory_categories` ON `inventory_categories`.`id` = `compliance_inventory`.`category_id`
JOIN `areas` ON `areas`.`id` = `compliance_inventory`.`area_id`
JOIN `asset_item_types` ON `asset_item_types`.`id` = `compliance_inventory`.`item_type_id`
WHERE `compliance_inventory`.`id` = :compliance_inventory.id:
 LIMIT 1', [...], false)
 2 SYSTEMPATH\Model.php(330): CodeIgniter\Database\BaseBuilder->get()
 3 SYSTEMPATH\BaseModel.php(715): CodeIgniter\Model->doFirst()
 4 APPPATH\Controllers\ComplianceInventoryController.php(179): CodeIgniter\BaseModel->first()
 5 SYSTEMPATH\CodeIgniter.php(933): App\Controllers\ComplianceInventoryController->detail('38')
 6 SYSTEMPATH\CodeIgniter.php(507): CodeIgniter\CodeIgniter->runController(Object(App\Controllers\ComplianceInventoryController))
 7 SYSTEMPATH\CodeIgniter.php(354): CodeIgniter\CodeIgniter->handleRequest(null, Object(Config\Cache), false)
 8 SYSTEMPATH\Boot.php(363): CodeIgniter\CodeIgniter->run()
 9 SYSTEMPATH\Boot.php(68): CodeIgniter\Boot::runCodeIgniter(Object(CodeIgniter\CodeIgniter))
10 FCPATH\index.php(59): CodeIgniter\Boot::bootWeb(Object(Config\Paths))
CRITICAL - 2026-01-22 02:36:12 --> [Caused by] CodeIgniter\Database\Exceptions\DatabaseException: Unknown column 'asset_item_types.check_frequency' in 'field list'
in SYSTEMPATH\Database\MySQLi\Connection.php on line 332.
 1 SYSTEMPATH\Database\BaseConnection.php(729): CodeIgniter\Database\MySQLi\Connection->execute('SELECT `compliance_inventory`.*, `inventory_categories`.`name` AS `category_name`, `areas`.`name` AS `area_name`, `asset_item_types`.`name` AS `item_display_name`, `asset_item_types`.`check_frequency`
FROM `compliance_inventory`
JOIN `inventory_categories` ON `inventory_categories`.`id` = `compliance_inventory`.`category_id`
JOIN `areas` ON `areas`.`id` = `compliance_inventory`.`area_id`
JOIN `asset_item_types` ON `asset_item_types`.`id` = `compliance_inventory`.`item_type_id`
WHERE `compliance_inventory`.`id` = \'38\'
 LIMIT 1')
 2 SYSTEMPATH\Database\BaseConnection.php(646): CodeIgniter\Database\BaseConnection->simpleQuery('SELECT `compliance_inventory`.*, `inventory_categories`.`name` AS `category_name`, `areas`.`name` AS `area_name`, `asset_item_types`.`name` AS `item_display_name`, `asset_item_types`.`check_frequency`
FROM `compliance_inventory`
JOIN `inventory_categories` ON `inventory_categories`.`id` = `compliance_inventory`.`category_id`
JOIN `areas` ON `areas`.`id` = `compliance_inventory`.`area_id`
JOIN `asset_item_types` ON `asset_item_types`.`id` = `compliance_inventory`.`item_type_id`
WHERE `compliance_inventory`.`id` = \'38\'
 LIMIT 1')
 3 SYSTEMPATH\Database\BaseBuilder.php(1649): CodeIgniter\Database\BaseConnection->query('SELECT `compliance_inventory`.*, `inventory_categories`.`name` AS `category_name`, `areas`.`name` AS `area_name`, `asset_item_types`.`name` AS `item_display_name`, `asset_item_types`.`check_frequency`
FROM `compliance_inventory`
JOIN `inventory_categories` ON `inventory_categories`.`id` = `compliance_inventory`.`category_id`
JOIN `areas` ON `areas`.`id` = `compliance_inventory`.`area_id`
JOIN `asset_item_types` ON `asset_item_types`.`id` = `compliance_inventory`.`item_type_id`
WHERE `compliance_inventory`.`id` = :compliance_inventory.id:
 LIMIT 1', [...], false)
 4 SYSTEMPATH\Model.php(330): CodeIgniter\Database\BaseBuilder->get()
 5 SYSTEMPATH\BaseModel.php(715): CodeIgniter\Model->doFirst()
 6 APPPATH\Controllers\ComplianceInventoryController.php(179): CodeIgniter\BaseModel->first()
 7 SYSTEMPATH\CodeIgniter.php(933): App\Controllers\ComplianceInventoryController->detail('38')
 8 SYSTEMPATH\CodeIgniter.php(507): CodeIgniter\CodeIgniter->runController(Object(App\Controllers\ComplianceInventoryController))
 9 SYSTEMPATH\CodeIgniter.php(354): CodeIgniter\CodeIgniter->handleRequest(null, Object(Config\Cache), false)
10 SYSTEMPATH\Boot.php(363): CodeIgniter\CodeIgniter->run()
11 SYSTEMPATH\Boot.php(68): CodeIgniter\Boot::runCodeIgniter(Object(CodeIgniter\CodeIgniter))
12 FCPATH\index.php(59): CodeIgniter\Boot::bootWeb(Object(Config\Paths))
CRITICAL - 2026-01-22 02:36:12 --> [Caused by] mysqli_sql_exception: Unknown column 'asset_item_types.check_frequency' in 'field list'
in SYSTEMPATH\Database\MySQLi\Connection.php on line 327.
 1 SYSTEMPATH\Database\MySQLi\Connection.php(327): mysqli->query('SELECT `compliance_inventory`.*, `inventory_categories`.`name` AS `category_name`, `areas`.`name` AS `area_name`, `asset_item_types`.`name` AS `item_display_name`, `asset_item_types`.`check_frequency`
FROM `compliance_inventory`
JOIN `inventory_categories` ON `inventory_categories`.`id` = `compliance_inventory`.`category_id`
JOIN `areas` ON `areas`.`id` = `compliance_inventory`.`area_id`
JOIN `asset_item_types` ON `asset_item_types`.`id` = `compliance_inventory`.`item_type_id`
WHERE `compliance_inventory`.`id` = \'38\'
 LIMIT 1', 0)
 2 SYSTEMPATH\Database\BaseConnection.php(729): CodeIgniter\Database\MySQLi\Connection->execute('SELECT `compliance_inventory`.*, `inventory_categories`.`name` AS `category_name`, `areas`.`name` AS `area_name`, `asset_item_types`.`name` AS `item_display_name`, `asset_item_types`.`check_frequency`
FROM `compliance_inventory`
JOIN `inventory_categories` ON `inventory_categories`.`id` = `compliance_inventory`.`category_id`
JOIN `areas` ON `areas`.`id` = `compliance_inventory`.`area_id`
JOIN `asset_item_types` ON `asset_item_types`.`id` = `compliance_inventory`.`item_type_id`
WHERE `compliance_inventory`.`id` = \'38\'
 LIMIT 1')
 3 SYSTEMPATH\Database\BaseConnection.php(646): CodeIgniter\Database\BaseConnection->simpleQuery('SELECT `compliance_inventory`.*, `inventory_categories`.`name` AS `category_name`, `areas`.`name` AS `area_name`, `asset_item_types`.`name` AS `item_display_name`, `asset_item_types`.`check_frequency`
FROM `compliance_inventory`
JOIN `inventory_categories` ON `inventory_categories`.`id` = `compliance_inventory`.`category_id`
JOIN `areas` ON `areas`.`id` = `compliance_inventory`.`area_id`
JOIN `asset_item_types` ON `asset_item_types`.`id` = `compliance_inventory`.`item_type_id`
WHERE `compliance_inventory`.`id` = \'38\'
 LIMIT 1')
 4 SYSTEMPATH\Database\BaseBuilder.php(1649): CodeIgniter\Database\BaseConnection->query('SELECT `compliance_inventory`.*, `inventory_categories`.`name` AS `category_name`, `areas`.`name` AS `area_name`, `asset_item_types`.`name` AS `item_display_name`, `asset_item_types`.`check_frequency`
FROM `compliance_inventory`
JOIN `inventory_categories` ON `inventory_categories`.`id` = `compliance_inventory`.`category_id`
JOIN `areas` ON `areas`.`id` = `compliance_inventory`.`area_id`
JOIN `asset_item_types` ON `asset_item_types`.`id` = `compliance_inventory`.`item_type_id`
WHERE `compliance_inventory`.`id` = :compliance_inventory.id:
 LIMIT 1', [...], false)
 5 SYSTEMPATH\Model.php(330): CodeIgniter\Database\BaseBuilder->get()
 6 SYSTEMPATH\BaseModel.php(715): CodeIgniter\Model->doFirst()
 7 APPPATH\Controllers\ComplianceInventoryController.php(179): CodeIgniter\BaseModel->first()
 8 SYSTEMPATH\CodeIgniter.php(933): App\Controllers\ComplianceInventoryController->detail('38')
 9 SYSTEMPATH\CodeIgniter.php(507): CodeIgniter\CodeIgniter->runController(Object(App\Controllers\ComplianceInventoryController))
10 SYSTEMPATH\CodeIgniter.php(354): CodeIgniter\CodeIgniter->handleRequest(null, Object(Config\Cache), false)
11 SYSTEMPATH\Boot.php(363): CodeIgniter\CodeIgniter->run()
12 SYSTEMPATH\Boot.php(68): CodeIgniter\Boot::runCodeIgniter(Object(CodeIgniter\CodeIgniter))
13 FCPATH\index.php(59): CodeIgniter\Boot::bootWeb(Object(Config\Paths))
DEBUG - 2026-01-22 02:36:17 --> Session: Class initialized using 'CodeIgniter\Session\Handlers\FileHandler' driver.
ERROR - 2026-01-22 02:36:17 --> mysqli_sql_exception: Unknown column 'asset_item_types.check_frequency' in 'field list' in C:\xampp\htdocs\eams\system\Database\MySQLi\Connection.php:327
Stack trace:
#0 C:\xampp\htdocs\eams\system\Database\MySQLi\Connection.php(327): mysqli->query('SELECT `complia...', 0)
#1 C:\xampp\htdocs\eams\system\Database\BaseConnection.php(729): CodeIgniter\Database\MySQLi\Connection->execute('SELECT `complia...')
#2 C:\xampp\htdocs\eams\system\Database\BaseConnection.php(646): CodeIgniter\Database\BaseConnection->simpleQuery('SELECT `complia...')
#3 C:\xampp\htdocs\eams\system\Database\BaseBuilder.php(1649): CodeIgniter\Database\BaseConnection->query('SELECT `complia...', Array, false)
#4 C:\xampp\htdocs\eams\system\Model.php(330): CodeIgniter\Database\BaseBuilder->get()
#5 C:\xampp\htdocs\eams\system\BaseModel.php(715): CodeIgniter\Model->doFirst()
#6 C:\xampp\htdocs\eams\app\Controllers\ComplianceInventoryController.php(179): CodeIgniter\BaseModel->first()
#7 C:\xampp\htdocs\eams\system\CodeIgniter.php(933): App\Controllers\ComplianceInventoryController->detail('38')
#8 C:\xampp\htdocs\eams\system\CodeIgniter.php(507): CodeIgniter\CodeIgniter->runController(Object(App\Controllers\ComplianceInventoryController))
#9 C:\xampp\htdocs\eams\system\CodeIgniter.php(354): CodeIgniter\CodeIgniter->handleRequest(NULL, Object(Config\Cache), false)
#10 C:\xampp\htdocs\eams\system\Boot.php(363): CodeIgniter\CodeIgniter->run()
#11 C:\xampp\htdocs\eams\system\Boot.php(68): CodeIgniter\Boot::runCodeIgniter(Object(CodeIgniter\CodeIgniter))
#12 C:\xampp\htdocs\eams\public\index.php(59): CodeIgniter\Boot::bootWeb(Object(Config\Paths))
#13 {main}
CRITICAL - 2026-01-22 02:36:17 --> CodeIgniter\Database\Exceptions\DatabaseException: Unknown column 'asset_item_types.check_frequency' in 'field list'
[Method: GET, Route: compliance/inventory/detail/38]
in SYSTEMPATH\Database\BaseConnection.php on line 684.
 1 SYSTEMPATH\Database\BaseBuilder.php(1649): CodeIgniter\Database\BaseConnection->query('SELECT `compliance_inventory`.*, `inventory_categories`.`name` AS `category_name`, `areas`.`name` AS `area_name`, `asset_item_types`.`name` AS `item_display_name`, `asset_item_types`.`check_frequency`
FROM `compliance_inventory`
JOIN `inventory_categories` ON `inventory_categories`.`id` = `compliance_inventory`.`category_id`
JOIN `areas` ON `areas`.`id` = `compliance_inventory`.`area_id`
JOIN `asset_item_types` ON `asset_item_types`.`id` = `compliance_inventory`.`item_type_id`
WHERE `compliance_inventory`.`id` = :compliance_inventory.id:
 LIMIT 1', [...], false)
 2 SYSTEMPATH\Model.php(330): CodeIgniter\Database\BaseBuilder->get()
 3 SYSTEMPATH\BaseModel.php(715): CodeIgniter\Model->doFirst()
 4 APPPATH\Controllers\ComplianceInventoryController.php(179): CodeIgniter\BaseModel->first()
 5 SYSTEMPATH\CodeIgniter.php(933): App\Controllers\ComplianceInventoryController->detail('38')
 6 SYSTEMPATH\CodeIgniter.php(507): CodeIgniter\CodeIgniter->runController(Object(App\Controllers\ComplianceInventoryController))
 7 SYSTEMPATH\CodeIgniter.php(354): CodeIgniter\CodeIgniter->handleRequest(null, Object(Config\Cache), false)
 8 SYSTEMPATH\Boot.php(363): CodeIgniter\CodeIgniter->run()
 9 SYSTEMPATH\Boot.php(68): CodeIgniter\Boot::runCodeIgniter(Object(CodeIgniter\CodeIgniter))
10 FCPATH\index.php(59): CodeIgniter\Boot::bootWeb(Object(Config\Paths))
CRITICAL - 2026-01-22 02:36:17 --> [Caused by] CodeIgniter\Database\Exceptions\DatabaseException: Unknown column 'asset_item_types.check_frequency' in 'field list'
in SYSTEMPATH\Database\MySQLi\Connection.php on line 332.
 1 SYSTEMPATH\Database\BaseConnection.php(729): CodeIgniter\Database\MySQLi\Connection->execute('SELECT `compliance_inventory`.*, `inventory_categories`.`name` AS `category_name`, `areas`.`name` AS `area_name`, `asset_item_types`.`name` AS `item_display_name`, `asset_item_types`.`check_frequency`
FROM `compliance_inventory`
JOIN `inventory_categories` ON `inventory_categories`.`id` = `compliance_inventory`.`category_id`
JOIN `areas` ON `areas`.`id` = `compliance_inventory`.`area_id`
JOIN `asset_item_types` ON `asset_item_types`.`id` = `compliance_inventory`.`item_type_id`
WHERE `compliance_inventory`.`id` = \'38\'
 LIMIT 1')
 2 SYSTEMPATH\Database\BaseConnection.php(646): CodeIgniter\Database\BaseConnection->simpleQuery('SELECT `compliance_inventory`.*, `inventory_categories`.`name` AS `category_name`, `areas`.`name` AS `area_name`, `asset_item_types`.`name` AS `item_display_name`, `asset_item_types`.`check_frequency`
FROM `compliance_inventory`
JOIN `inventory_categories` ON `inventory_categories`.`id` = `compliance_inventory`.`category_id`
JOIN `areas` ON `areas`.`id` = `compliance_inventory`.`area_id`
JOIN `asset_item_types` ON `asset_item_types`.`id` = `compliance_inventory`.`item_type_id`
WHERE `compliance_inventory`.`id` = \'38\'
 LIMIT 1')
 3 SYSTEMPATH\Database\BaseBuilder.php(1649): CodeIgniter\Database\BaseConnection->query('SELECT `compliance_inventory`.*, `inventory_categories`.`name` AS `category_name`, `areas`.`name` AS `area_name`, `asset_item_types`.`name` AS `item_display_name`, `asset_item_types`.`check_frequency`
FROM `compliance_inventory`
JOIN `inventory_categories` ON `inventory_categories`.`id` = `compliance_inventory`.`category_id`
JOIN `areas` ON `areas`.`id` = `compliance_inventory`.`area_id`
JOIN `asset_item_types` ON `asset_item_types`.`id` = `compliance_inventory`.`item_type_id`
WHERE `compliance_inventory`.`id` = :compliance_inventory.id:
 LIMIT 1', [...], false)
 4 SYSTEMPATH\Model.php(330): CodeIgniter\Database\BaseBuilder->get()
 5 SYSTEMPATH\BaseModel.php(715): CodeIgniter\Model->doFirst()
 6 APPPATH\Controllers\ComplianceInventoryController.php(179): CodeIgniter\BaseModel->first()
 7 SYSTEMPATH\CodeIgniter.php(933): App\Controllers\ComplianceInventoryController->detail('38')
 8 SYSTEMPATH\CodeIgniter.php(507): CodeIgniter\CodeIgniter->runController(Object(App\Controllers\ComplianceInventoryController))
 9 SYSTEMPATH\CodeIgniter.php(354): CodeIgniter\CodeIgniter->handleRequest(null, Object(Config\Cache), false)
10 SYSTEMPATH\Boot.php(363): CodeIgniter\CodeIgniter->run()
11 SYSTEMPATH\Boot.php(68): CodeIgniter\Boot::runCodeIgniter(Object(CodeIgniter\CodeIgniter))
12 FCPATH\index.php(59): CodeIgniter\Boot::bootWeb(Object(Config\Paths))
CRITICAL - 2026-01-22 02:36:17 --> [Caused by] mysqli_sql_exception: Unknown column 'asset_item_types.check_frequency' in 'field list'
in SYSTEMPATH\Database\MySQLi\Connection.php on line 327.
 1 SYSTEMPATH\Database\MySQLi\Connection.php(327): mysqli->query('SELECT `compliance_inventory`.*, `inventory_categories`.`name` AS `category_name`, `areas`.`name` AS `area_name`, `asset_item_types`.`name` AS `item_display_name`, `asset_item_types`.`check_frequency`
FROM `compliance_inventory`
JOIN `inventory_categories` ON `inventory_categories`.`id` = `compliance_inventory`.`category_id`
JOIN `areas` ON `areas`.`id` = `compliance_inventory`.`area_id`
JOIN `asset_item_types` ON `asset_item_types`.`id` = `compliance_inventory`.`item_type_id`
WHERE `compliance_inventory`.`id` = \'38\'
 LIMIT 1', 0)
 2 SYSTEMPATH\Database\BaseConnection.php(729): CodeIgniter\Database\MySQLi\Connection->execute('SELECT `compliance_inventory`.*, `inventory_categories`.`name` AS `category_name`, `areas`.`name` AS `area_name`, `asset_item_types`.`name` AS `item_display_name`, `asset_item_types`.`check_frequency`
FROM `compliance_inventory`
JOIN `inventory_categories` ON `inventory_categories`.`id` = `compliance_inventory`.`category_id`
JOIN `areas` ON `areas`.`id` = `compliance_inventory`.`area_id`
JOIN `asset_item_types` ON `asset_item_types`.`id` = `compliance_inventory`.`item_type_id`
WHERE `compliance_inventory`.`id` = \'38\'
 LIMIT 1')
 3 SYSTEMPATH\Database\BaseConnection.php(646): CodeIgniter\Database\BaseConnection->simpleQuery('SELECT `compliance_inventory`.*, `inventory_categories`.`name` AS `category_name`, `areas`.`name` AS `area_name`, `asset_item_types`.`name` AS `item_display_name`, `asset_item_types`.`check_frequency`
FROM `compliance_inventory`
JOIN `inventory_categories` ON `inventory_categories`.`id` = `compliance_inventory`.`category_id`
JOIN `areas` ON `areas`.`id` = `compliance_inventory`.`area_id`
JOIN `asset_item_types` ON `asset_item_types`.`id` = `compliance_inventory`.`item_type_id`
WHERE `compliance_inventory`.`id` = \'38\'
 LIMIT 1')
 4 SYSTEMPATH\Database\BaseBuilder.php(1649): CodeIgniter\Database\BaseConnection->query('SELECT `compliance_inventory`.*, `inventory_categories`.`name` AS `category_name`, `areas`.`name` AS `area_name`, `asset_item_types`.`name` AS `item_display_name`, `asset_item_types`.`check_frequency`
FROM `compliance_inventory`
JOIN `inventory_categories` ON `inventory_categories`.`id` = `compliance_inventory`.`category_id`
JOIN `areas` ON `areas`.`id` = `compliance_inventory`.`area_id`
JOIN `asset_item_types` ON `asset_item_types`.`id` = `compliance_inventory`.`item_type_id`
WHERE `compliance_inventory`.`id` = :compliance_inventory.id:
 LIMIT 1', [...], false)
 5 SYSTEMPATH\Model.php(330): CodeIgniter\Database\BaseBuilder->get()
 6 SYSTEMPATH\BaseModel.php(715): CodeIgniter\Model->doFirst()
 7 APPPATH\Controllers\ComplianceInventoryController.php(179): CodeIgniter\BaseModel->first()
 8 SYSTEMPATH\CodeIgniter.php(933): App\Controllers\ComplianceInventoryController->detail('38')
 9 SYSTEMPATH\CodeIgniter.php(507): CodeIgniter\CodeIgniter->runController(Object(App\Controllers\ComplianceInventoryController))
10 SYSTEMPATH\CodeIgniter.php(354): CodeIgniter\CodeIgniter->handleRequest(null, Object(Config\Cache), false)
11 SYSTEMPATH\Boot.php(363): CodeIgniter\CodeIgniter->run()
12 SYSTEMPATH\Boot.php(68): CodeIgniter\Boot::runCodeIgniter(Object(CodeIgniter\CodeIgniter))
13 FCPATH\index.php(59): CodeIgniter\Boot::bootWeb(Object(Config\Paths))
DEBUG - 2026-01-22 02:36:21 --> Session: Class initialized using 'CodeIgniter\Session\Handlers\FileHandler' driver.
CRITICAL - 2026-01-22 02:36:21 --> ErrorException: Undefined variable $c
[Method: GET, Route: compliance/inventory]
in APPPATH\Views\compliance\inventory\index.php on line 7.
 1 APPPATH\Views\compliance\inventory\index.php(7): CodeIgniter\Debug\Exceptions->errorHandler(2, 'Undefined variable $c', 'C:\\xampp\\htdocs\\eams\\app\\Views\\compliance\\inventory\\index.php', 7)
 2 SYSTEMPATH\View\View.php(226): include('C:\\xampp\\htdocs\\eams\\app\\Views\\compliance\\inventory\\index.php')
 3 SYSTEMPATH\View\View.php(229): CodeIgniter\View\View->CodeIgniter\View\{closure}()
 4 SYSTEMPATH\Common.php(1199): CodeIgniter\View\View->render('compliance/inventory/index', [], true)
 5 APPPATH\Controllers\ComplianceInventoryController.php(63): view('compliance/inventory/index', [...])
 6 SYSTEMPATH\CodeIgniter.php(933): App\Controllers\ComplianceInventoryController->index()
 7 SYSTEMPATH\CodeIgniter.php(507): CodeIgniter\CodeIgniter->runController(Object(App\Controllers\ComplianceInventoryController))
 8 SYSTEMPATH\CodeIgniter.php(354): CodeIgniter\CodeIgniter->handleRequest(null, Object(Config\Cache), false)
 9 SYSTEMPATH\Boot.php(363): CodeIgniter\CodeIgniter->run()
10 SYSTEMPATH\Boot.php(68): CodeIgniter\Boot::runCodeIgniter(Object(CodeIgniter\CodeIgniter))
11 FCPATH\index.php(59): CodeIgniter\Boot::bootWeb(Object(Config\Paths))
DEBUG - 2026-01-22 02:37:15 --> Session: Class initialized using 'CodeIgniter\Session\Handlers\FileHandler' driver.
ERROR - 2026-01-22 02:37:15 --> mysqli_sql_exception: Unknown column 'asset_item_types.check_frequency' in 'field list' in C:\xampp\htdocs\eams\system\Database\MySQLi\Connection.php:327
Stack trace:
#0 C:\xampp\htdocs\eams\system\Database\MySQLi\Connection.php(327): mysqli->query('SELECT `complia...', 0)
#1 C:\xampp\htdocs\eams\system\Database\BaseConnection.php(729): CodeIgniter\Database\MySQLi\Connection->execute('SELECT `complia...')
#2 C:\xampp\htdocs\eams\system\Database\BaseConnection.php(646): CodeIgniter\Database\BaseConnection->simpleQuery('SELECT `complia...')
#3 C:\xampp\htdocs\eams\system\Database\BaseBuilder.php(1649): CodeIgniter\Database\BaseConnection->query('SELECT `complia...', Array, false)
#4 C:\xampp\htdocs\eams\system\Model.php(330): CodeIgniter\Database\BaseBuilder->get()
#5 C:\xampp\htdocs\eams\system\BaseModel.php(715): CodeIgniter\Model->doFirst()
#6 C:\xampp\htdocs\eams\app\Controllers\ComplianceInventoryController.php(179): CodeIgniter\BaseModel->first()
#7 C:\xampp\htdocs\eams\system\CodeIgniter.php(933): App\Controllers\ComplianceInventoryController->detail('38')
#8 C:\xampp\htdocs\eams\system\CodeIgniter.php(507): CodeIgniter\CodeIgniter->runController(Object(App\Controllers\ComplianceInventoryController))
#9 C:\xampp\htdocs\eams\system\CodeIgniter.php(354): CodeIgniter\CodeIgniter->handleRequest(NULL, Object(Config\Cache), false)
#10 C:\xampp\htdocs\eams\system\Boot.php(363): CodeIgniter\CodeIgniter->run()
#11 C:\xampp\htdocs\eams\system\Boot.php(68): CodeIgniter\Boot::runCodeIgniter(Object(CodeIgniter\CodeIgniter))
#12 C:\xampp\htdocs\eams\public\index.php(59): CodeIgniter\Boot::bootWeb(Object(Config\Paths))
#13 {main}
CRITICAL - 2026-01-22 02:37:15 --> CodeIgniter\Database\Exceptions\DatabaseException: Unknown column 'asset_item_types.check_frequency' in 'field list'
[Method: GET, Route: compliance/inventory/detail/38]
in SYSTEMPATH\Database\BaseConnection.php on line 684.
 1 SYSTEMPATH\Database\BaseBuilder.php(1649): CodeIgniter\Database\BaseConnection->query('SELECT `compliance_inventory`.*, `inventory_categories`.`name` AS `category_name`, `areas`.`name` AS `area_name`, `asset_item_types`.`name` AS `item_display_name`, `asset_item_types`.`check_frequency`
FROM `compliance_inventory`
JOIN `inventory_categories` ON `inventory_categories`.`id` = `compliance_inventory`.`category_id`
JOIN `areas` ON `areas`.`id` = `compliance_inventory`.`area_id`
JOIN `asset_item_types` ON `asset_item_types`.`id` = `compliance_inventory`.`item_type_id`
WHERE `compliance_inventory`.`id` = :compliance_inventory.id:
 LIMIT 1', [...], false)
 2 SYSTEMPATH\Model.php(330): CodeIgniter\Database\BaseBuilder->get()
 3 SYSTEMPATH\BaseModel.php(715): CodeIgniter\Model->doFirst()
 4 APPPATH\Controllers\ComplianceInventoryController.php(179): CodeIgniter\BaseModel->first()
 5 SYSTEMPATH\CodeIgniter.php(933): App\Controllers\ComplianceInventoryController->detail('38')
 6 SYSTEMPATH\CodeIgniter.php(507): CodeIgniter\CodeIgniter->runController(Object(App\Controllers\ComplianceInventoryController))
 7 SYSTEMPATH\CodeIgniter.php(354): CodeIgniter\CodeIgniter->handleRequest(null, Object(Config\Cache), false)
 8 SYSTEMPATH\Boot.php(363): CodeIgniter\CodeIgniter->run()
 9 SYSTEMPATH\Boot.php(68): CodeIgniter\Boot::runCodeIgniter(Object(CodeIgniter\CodeIgniter))
10 FCPATH\index.php(59): CodeIgniter\Boot::bootWeb(Object(Config\Paths))
CRITICAL - 2026-01-22 02:37:15 --> [Caused by] CodeIgniter\Database\Exceptions\DatabaseException: Unknown column 'asset_item_types.check_frequency' in 'field list'
in SYSTEMPATH\Database\MySQLi\Connection.php on line 332.
 1 SYSTEMPATH\Database\BaseConnection.php(729): CodeIgniter\Database\MySQLi\Connection->execute('SELECT `compliance_inventory`.*, `inventory_categories`.`name` AS `category_name`, `areas`.`name` AS `area_name`, `asset_item_types`.`name` AS `item_display_name`, `asset_item_types`.`check_frequency`
FROM `compliance_inventory`
JOIN `inventory_categories` ON `inventory_categories`.`id` = `compliance_inventory`.`category_id`
JOIN `areas` ON `areas`.`id` = `compliance_inventory`.`area_id`
JOIN `asset_item_types` ON `asset_item_types`.`id` = `compliance_inventory`.`item_type_id`
WHERE `compliance_inventory`.`id` = \'38\'
 LIMIT 1')
 2 SYSTEMPATH\Database\BaseConnection.php(646): CodeIgniter\Database\BaseConnection->simpleQuery('SELECT `compliance_inventory`.*, `inventory_categories`.`name` AS `category_name`, `areas`.`name` AS `area_name`, `asset_item_types`.`name` AS `item_display_name`, `asset_item_types`.`check_frequency`
FROM `compliance_inventory`
JOIN `inventory_categories` ON `inventory_categories`.`id` = `compliance_inventory`.`category_id`
JOIN `areas` ON `areas`.`id` = `compliance_inventory`.`area_id`
JOIN `asset_item_types` ON `asset_item_types`.`id` = `compliance_inventory`.`item_type_id`
WHERE `compliance_inventory`.`id` = \'38\'
 LIMIT 1')
 3 SYSTEMPATH\Database\BaseBuilder.php(1649): CodeIgniter\Database\BaseConnection->query('SELECT `compliance_inventory`.*, `inventory_categories`.`name` AS `category_name`, `areas`.`name` AS `area_name`, `asset_item_types`.`name` AS `item_display_name`, `asset_item_types`.`check_frequency`
FROM `compliance_inventory`
JOIN `inventory_categories` ON `inventory_categories`.`id` = `compliance_inventory`.`category_id`
JOIN `areas` ON `areas`.`id` = `compliance_inventory`.`area_id`
JOIN `asset_item_types` ON `asset_item_types`.`id` = `compliance_inventory`.`item_type_id`
WHERE `compliance_inventory`.`id` = :compliance_inventory.id:
 LIMIT 1', [...], false)
 4 SYSTEMPATH\Model.php(330): CodeIgniter\Database\BaseBuilder->get()
 5 SYSTEMPATH\BaseModel.php(715): CodeIgniter\Model->doFirst()
 6 APPPATH\Controllers\ComplianceInventoryController.php(179): CodeIgniter\BaseModel->first()
 7 SYSTEMPATH\CodeIgniter.php(933): App\Controllers\ComplianceInventoryController->detail('38')
 8 SYSTEMPATH\CodeIgniter.php(507): CodeIgniter\CodeIgniter->runController(Object(App\Controllers\ComplianceInventoryController))
 9 SYSTEMPATH\CodeIgniter.php(354): CodeIgniter\CodeIgniter->handleRequest(null, Object(Config\Cache), false)
10 SYSTEMPATH\Boot.php(363): CodeIgniter\CodeIgniter->run()
11 SYSTEMPATH\Boot.php(68): CodeIgniter\Boot::runCodeIgniter(Object(CodeIgniter\CodeIgniter))
12 FCPATH\index.php(59): CodeIgniter\Boot::bootWeb(Object(Config\Paths))
CRITICAL - 2026-01-22 02:37:15 --> [Caused by] mysqli_sql_exception: Unknown column 'asset_item_types.check_frequency' in 'field list'
in SYSTEMPATH\Database\MySQLi\Connection.php on line 327.
 1 SYSTEMPATH\Database\MySQLi\Connection.php(327): mysqli->query('SELECT `compliance_inventory`.*, `inventory_categories`.`name` AS `category_name`, `areas`.`name` AS `area_name`, `asset_item_types`.`name` AS `item_display_name`, `asset_item_types`.`check_frequency`
FROM `compliance_inventory`
JOIN `inventory_categories` ON `inventory_categories`.`id` = `compliance_inventory`.`category_id`
JOIN `areas` ON `areas`.`id` = `compliance_inventory`.`area_id`
JOIN `asset_item_types` ON `asset_item_types`.`id` = `compliance_inventory`.`item_type_id`
WHERE `compliance_inventory`.`id` = \'38\'
 LIMIT 1', 0)
 2 SYSTEMPATH\Database\BaseConnection.php(729): CodeIgniter\Database\MySQLi\Connection->execute('SELECT `compliance_inventory`.*, `inventory_categories`.`name` AS `category_name`, `areas`.`name` AS `area_name`, `asset_item_types`.`name` AS `item_display_name`, `asset_item_types`.`check_frequency`
FROM `compliance_inventory`
JOIN `inventory_categories` ON `inventory_categories`.`id` = `compliance_inventory`.`category_id`
JOIN `areas` ON `areas`.`id` = `compliance_inventory`.`area_id`
JOIN `asset_item_types` ON `asset_item_types`.`id` = `compliance_inventory`.`item_type_id`
WHERE `compliance_inventory`.`id` = \'38\'
 LIMIT 1')
 3 SYSTEMPATH\Database\BaseConnection.php(646): CodeIgniter\Database\BaseConnection->simpleQuery('SELECT `compliance_inventory`.*, `inventory_categories`.`name` AS `category_name`, `areas`.`name` AS `area_name`, `asset_item_types`.`name` AS `item_display_name`, `asset_item_types`.`check_frequency`
FROM `compliance_inventory`
JOIN `inventory_categories` ON `inventory_categories`.`id` = `compliance_inventory`.`category_id`
JOIN `areas` ON `areas`.`id` = `compliance_inventory`.`area_id`
JOIN `asset_item_types` ON `asset_item_types`.`id` = `compliance_inventory`.`item_type_id`
WHERE `compliance_inventory`.`id` = \'38\'
 LIMIT 1')
 4 SYSTEMPATH\Database\BaseBuilder.php(1649): CodeIgniter\Database\BaseConnection->query('SELECT `compliance_inventory`.*, `inventory_categories`.`name` AS `category_name`, `areas`.`name` AS `area_name`, `asset_item_types`.`name` AS `item_display_name`, `asset_item_types`.`check_frequency`
FROM `compliance_inventory`
JOIN `inventory_categories` ON `inventory_categories`.`id` = `compliance_inventory`.`category_id`
JOIN `areas` ON `areas`.`id` = `compliance_inventory`.`area_id`
JOIN `asset_item_types` ON `asset_item_types`.`id` = `compliance_inventory`.`item_type_id`
WHERE `compliance_inventory`.`id` = :compliance_inventory.id:
 LIMIT 1', [...], false)
 5 SYSTEMPATH\Model.php(330): CodeIgniter\Database\BaseBuilder->get()
 6 SYSTEMPATH\BaseModel.php(715): CodeIgniter\Model->doFirst()
 7 APPPATH\Controllers\ComplianceInventoryController.php(179): CodeIgniter\BaseModel->first()
 8 SYSTEMPATH\CodeIgniter.php(933): App\Controllers\ComplianceInventoryController->detail('38')
 9 SYSTEMPATH\CodeIgniter.php(507): CodeIgniter\CodeIgniter->runController(Object(App\Controllers\ComplianceInventoryController))
10 SYSTEMPATH\CodeIgniter.php(354): CodeIgniter\CodeIgniter->handleRequest(null, Object(Config\Cache), false)
11 SYSTEMPATH\Boot.php(363): CodeIgniter\CodeIgniter->run()
12 SYSTEMPATH\Boot.php(68): CodeIgniter\Boot::runCodeIgniter(Object(CodeIgniter\CodeIgniter))
13 FCPATH\index.php(59): CodeIgniter\Boot::bootWeb(Object(Config\Paths))
DEBUG - 2026-01-22 02:49:00 --> Session: Class initialized using 'CodeIgniter\Session\Handlers\FileHandler' driver.
ERROR - 2026-01-22 02:49:00 --> mysqli_sql_exception: Unknown column 'asset_item_types.check_frequency' in 'field list' in C:\xampp\htdocs\eams\system\Database\MySQLi\Connection.php:327
Stack trace:
#0 C:\xampp\htdocs\eams\system\Database\MySQLi\Connection.php(327): mysqli->query('SELECT `complia...', 0)
#1 C:\xampp\htdocs\eams\system\Database\BaseConnection.php(729): CodeIgniter\Database\MySQLi\Connection->execute('SELECT `complia...')
#2 C:\xampp\htdocs\eams\system\Database\BaseConnection.php(646): CodeIgniter\Database\BaseConnection->simpleQuery('SELECT `complia...')
#3 C:\xampp\htdocs\eams\system\Database\BaseBuilder.php(1649): CodeIgniter\Database\BaseConnection->query('SELECT `complia...', Array, false)
#4 C:\xampp\htdocs\eams\system\Model.php(330): CodeIgniter\Database\BaseBuilder->get()
#5 C:\xampp\htdocs\eams\system\BaseModel.php(715): CodeIgniter\Model->doFirst()
#6 C:\xampp\htdocs\eams\app\Controllers\ComplianceInventoryController.php(179): CodeIgniter\BaseModel->first()
#7 C:\xampp\htdocs\eams\system\CodeIgniter.php(933): App\Controllers\ComplianceInventoryController->detail('38')
#8 C:\xampp\htdocs\eams\system\CodeIgniter.php(507): CodeIgniter\CodeIgniter->runController(Object(App\Controllers\ComplianceInventoryController))
#9 C:\xampp\htdocs\eams\system\CodeIgniter.php(354): CodeIgniter\CodeIgniter->handleRequest(NULL, Object(Config\Cache), false)
#10 C:\xampp\htdocs\eams\system\Boot.php(363): CodeIgniter\CodeIgniter->run()
#11 C:\xampp\htdocs\eams\system\Boot.php(68): CodeIgniter\Boot::runCodeIgniter(Object(CodeIgniter\CodeIgniter))
#12 C:\xampp\htdocs\eams\public\index.php(59): CodeIgniter\Boot::bootWeb(Object(Config\Paths))
#13 {main}
CRITICAL - 2026-01-22 02:49:00 --> CodeIgniter\Database\Exceptions\DatabaseException: Unknown column 'asset_item_types.check_frequency' in 'field list'
[Method: GET, Route: compliance/inventory/detail/38]
in SYSTEMPATH\Database\BaseConnection.php on line 684.
 1 SYSTEMPATH\Database\BaseBuilder.php(1649): CodeIgniter\Database\BaseConnection->query('SELECT `compliance_inventory`.*, `inventory_categories`.`name` AS `category_name`, `areas`.`name` AS `area_name`, `asset_item_types`.`name` AS `item_display_name`, `asset_item_types`.`check_frequency`
FROM `compliance_inventory`
JOIN `inventory_categories` ON `inventory_categories`.`id` = `compliance_inventory`.`category_id`
JOIN `areas` ON `areas`.`id` = `compliance_inventory`.`area_id`
JOIN `asset_item_types` ON `asset_item_types`.`id` = `compliance_inventory`.`item_type_id`
WHERE `compliance_inventory`.`id` = :compliance_inventory.id:
 LIMIT 1', [...], false)
 2 SYSTEMPATH\Model.php(330): CodeIgniter\Database\BaseBuilder->get()
 3 SYSTEMPATH\BaseModel.php(715): CodeIgniter\Model->doFirst()
 4 APPPATH\Controllers\ComplianceInventoryController.php(179): CodeIgniter\BaseModel->first()
 5 SYSTEMPATH\CodeIgniter.php(933): App\Controllers\ComplianceInventoryController->detail('38')
 6 SYSTEMPATH\CodeIgniter.php(507): CodeIgniter\CodeIgniter->runController(Object(App\Controllers\ComplianceInventoryController))
 7 SYSTEMPATH\CodeIgniter.php(354): CodeIgniter\CodeIgniter->handleRequest(null, Object(Config\Cache), false)
 8 SYSTEMPATH\Boot.php(363): CodeIgniter\CodeIgniter->run()
 9 SYSTEMPATH\Boot.php(68): CodeIgniter\Boot::runCodeIgniter(Object(CodeIgniter\CodeIgniter))
10 FCPATH\index.php(59): CodeIgniter\Boot::bootWeb(Object(Config\Paths))
CRITICAL - 2026-01-22 02:49:00 --> [Caused by] CodeIgniter\Database\Exceptions\DatabaseException: Unknown column 'asset_item_types.check_frequency' in 'field list'
in SYSTEMPATH\Database\MySQLi\Connection.php on line 332.
 1 SYSTEMPATH\Database\BaseConnection.php(729): CodeIgniter\Database\MySQLi\Connection->execute('SELECT `compliance_inventory`.*, `inventory_categories`.`name` AS `category_name`, `areas`.`name` AS `area_name`, `asset_item_types`.`name` AS `item_display_name`, `asset_item_types`.`check_frequency`
FROM `compliance_inventory`
JOIN `inventory_categories` ON `inventory_categories`.`id` = `compliance_inventory`.`category_id`
JOIN `areas` ON `areas`.`id` = `compliance_inventory`.`area_id`
JOIN `asset_item_types` ON `asset_item_types`.`id` = `compliance_inventory`.`item_type_id`
WHERE `compliance_inventory`.`id` = \'38\'
 LIMIT 1')
 2 SYSTEMPATH\Database\BaseConnection.php(646): CodeIgniter\Database\BaseConnection->simpleQuery('SELECT `compliance_inventory`.*, `inventory_categories`.`name` AS `category_name`, `areas`.`name` AS `area_name`, `asset_item_types`.`name` AS `item_display_name`, `asset_item_types`.`check_frequency`
FROM `compliance_inventory`
JOIN `inventory_categories` ON `inventory_categories`.`id` = `compliance_inventory`.`category_id`
JOIN `areas` ON `areas`.`id` = `compliance_inventory`.`area_id`
JOIN `asset_item_types` ON `asset_item_types`.`id` = `compliance_inventory`.`item_type_id`
WHERE `compliance_inventory`.`id` = \'38\'
 LIMIT 1')
 3 SYSTEMPATH\Database\BaseBuilder.php(1649): CodeIgniter\Database\BaseConnection->query('SELECT `compliance_inventory`.*, `inventory_categories`.`name` AS `category_name`, `areas`.`name` AS `area_name`, `asset_item_types`.`name` AS `item_display_name`, `asset_item_types`.`check_frequency`
FROM `compliance_inventory`
JOIN `inventory_categories` ON `inventory_categories`.`id` = `compliance_inventory`.`category_id`
JOIN `areas` ON `areas`.`id` = `compliance_inventory`.`area_id`
JOIN `asset_item_types` ON `asset_item_types`.`id` = `compliance_inventory`.`item_type_id`
WHERE `compliance_inventory`.`id` = :compliance_inventory.id:
 LIMIT 1', [...], false)
 4 SYSTEMPATH\Model.php(330): CodeIgniter\Database\BaseBuilder->get()
 5 SYSTEMPATH\BaseModel.php(715): CodeIgniter\Model->doFirst()
 6 APPPATH\Controllers\ComplianceInventoryController.php(179): CodeIgniter\BaseModel->first()
 7 SYSTEMPATH\CodeIgniter.php(933): App\Controllers\ComplianceInventoryController->detail('38')
 8 SYSTEMPATH\CodeIgniter.php(507): CodeIgniter\CodeIgniter->runController(Object(App\Controllers\ComplianceInventoryController))
 9 SYSTEMPATH\CodeIgniter.php(354): CodeIgniter\CodeIgniter->handleRequest(null, Object(Config\Cache), false)
10 SYSTEMPATH\Boot.php(363): CodeIgniter\CodeIgniter->run()
11 SYSTEMPATH\Boot.php(68): CodeIgniter\Boot::runCodeIgniter(Object(CodeIgniter\CodeIgniter))
12 FCPATH\index.php(59): CodeIgniter\Boot::bootWeb(Object(Config\Paths))
CRITICAL - 2026-01-22 02:49:00 --> [Caused by] mysqli_sql_exception: Unknown column 'asset_item_types.check_frequency' in 'field list'
in SYSTEMPATH\Database\MySQLi\Connection.php on line 327.
 1 SYSTEMPATH\Database\MySQLi\Connection.php(327): mysqli->query('SELECT `compliance_inventory`.*, `inventory_categories`.`name` AS `category_name`, `areas`.`name` AS `area_name`, `asset_item_types`.`name` AS `item_display_name`, `asset_item_types`.`check_frequency`
FROM `compliance_inventory`
JOIN `inventory_categories` ON `inventory_categories`.`id` = `compliance_inventory`.`category_id`
JOIN `areas` ON `areas`.`id` = `compliance_inventory`.`area_id`
JOIN `asset_item_types` ON `asset_item_types`.`id` = `compliance_inventory`.`item_type_id`
WHERE `compliance_inventory`.`id` = \'38\'
 LIMIT 1', 0)
 2 SYSTEMPATH\Database\BaseConnection.php(729): CodeIgniter\Database\MySQLi\Connection->execute('SELECT `compliance_inventory`.*, `inventory_categories`.`name` AS `category_name`, `areas`.`name` AS `area_name`, `asset_item_types`.`name` AS `item_display_name`, `asset_item_types`.`check_frequency`
FROM `compliance_inventory`
JOIN `inventory_categories` ON `inventory_categories`.`id` = `compliance_inventory`.`category_id`
JOIN `areas` ON `areas`.`id` = `compliance_inventory`.`area_id`
JOIN `asset_item_types` ON `asset_item_types`.`id` = `compliance_inventory`.`item_type_id`
WHERE `compliance_inventory`.`id` = \'38\'
 LIMIT 1')
 3 SYSTEMPATH\Database\BaseConnection.php(646): CodeIgniter\Database\BaseConnection->simpleQuery('SELECT `compliance_inventory`.*, `inventory_categories`.`name` AS `category_name`, `areas`.`name` AS `area_name`, `asset_item_types`.`name` AS `item_display_name`, `asset_item_types`.`check_frequency`
FROM `compliance_inventory`
JOIN `inventory_categories` ON `inventory_categories`.`id` = `compliance_inventory`.`category_id`
JOIN `areas` ON `areas`.`id` = `compliance_inventory`.`area_id`
JOIN `asset_item_types` ON `asset_item_types`.`id` = `compliance_inventory`.`item_type_id`
WHERE `compliance_inventory`.`id` = \'38\'
 LIMIT 1')
 4 SYSTEMPATH\Database\BaseBuilder.php(1649): CodeIgniter\Database\BaseConnection->query('SELECT `compliance_inventory`.*, `inventory_categories`.`name` AS `category_name`, `areas`.`name` AS `area_name`, `asset_item_types`.`name` AS `item_display_name`, `asset_item_types`.`check_frequency`
FROM `compliance_inventory`
JOIN `inventory_categories` ON `inventory_categories`.`id` = `compliance_inventory`.`category_id`
JOIN `areas` ON `areas`.`id` = `compliance_inventory`.`area_id`
JOIN `asset_item_types` ON `asset_item_types`.`id` = `compliance_inventory`.`item_type_id`
WHERE `compliance_inventory`.`id` = :compliance_inventory.id:
 LIMIT 1', [...], false)
 5 SYSTEMPATH\Model.php(330): CodeIgniter\Database\BaseBuilder->get()
 6 SYSTEMPATH\BaseModel.php(715): CodeIgniter\Model->doFirst()
 7 APPPATH\Controllers\ComplianceInventoryController.php(179): CodeIgniter\BaseModel->first()
 8 SYSTEMPATH\CodeIgniter.php(933): App\Controllers\ComplianceInventoryController->detail('38')
 9 SYSTEMPATH\CodeIgniter.php(507): CodeIgniter\CodeIgniter->runController(Object(App\Controllers\ComplianceInventoryController))
10 SYSTEMPATH\CodeIgniter.php(354): CodeIgniter\CodeIgniter->handleRequest(null, Object(Config\Cache), false)
11 SYSTEMPATH\Boot.php(363): CodeIgniter\CodeIgniter->run()
12 SYSTEMPATH\Boot.php(68): CodeIgniter\Boot::runCodeIgniter(Object(CodeIgniter\CodeIgniter))
13 FCPATH\index.php(59): CodeIgniter\Boot::bootWeb(Object(Config\Paths))
DEBUG - 2026-01-22 02:49:17 --> Session: Class initialized using 'CodeIgniter\Session\Handlers\FileHandler' driver.
CRITICAL - 2026-01-22 02:49:17 --> ErrorException: Undefined variable $isLocked
[Method: GET, Route: compliance/inventory/detail/38]
in APPPATH\Views\compliance\checklist\index.php on line 18.
 1 APPPATH\Views\compliance\checklist\index.php(18): CodeIgniter\Debug\Exceptions->errorHandler(2, 'Undefined variable $isLocked', 'C:\\xampp\\htdocs\\eams\\app\\Views\\compliance\\checklist\\index.php', 18)
 2 SYSTEMPATH\View\View.php(226): include('C:\\xampp\\htdocs\\eams\\app\\Views\\compliance\\checklist\\index.php')
 3 SYSTEMPATH\View\View.php(229): CodeIgniter\View\View->CodeIgniter\View\{closure}()
 4 SYSTEMPATH\Common.php(1199): CodeIgniter\View\View->render('compliance/checklist/index', [], true)
 5 APPPATH\Controllers\ComplianceInventoryController.php(204): view('compliance/checklist/index', [...])
 6 SYSTEMPATH\CodeIgniter.php(933): App\Controllers\ComplianceInventoryController->detail('38')
 7 SYSTEMPATH\CodeIgniter.php(507): CodeIgniter\CodeIgniter->runController(Object(App\Controllers\ComplianceInventoryController))
 8 SYSTEMPATH\CodeIgniter.php(354): CodeIgniter\CodeIgniter->handleRequest(null, Object(Config\Cache), false)
 9 SYSTEMPATH\Boot.php(363): CodeIgniter\CodeIgniter->run()
10 SYSTEMPATH\Boot.php(68): CodeIgniter\Boot::runCodeIgniter(Object(CodeIgniter\CodeIgniter))
11 FCPATH\index.php(59): CodeIgniter\Boot::bootWeb(Object(Config\Paths))
DEBUG - 2026-01-22 02:50:47 --> Session: Class initialized using 'CodeIgniter\Session\Handlers\FileHandler' driver.
CRITICAL - 2026-01-22 02:50:47 --> ErrorException: Undefined variable $c
[Method: GET, Route: compliance/inventory]
in APPPATH\Views\compliance\inventory\index.php on line 7.
 1 APPPATH\Views\compliance\inventory\index.php(7): CodeIgniter\Debug\Exceptions->errorHandler(2, 'Undefined variable $c', 'C:\\xampp\\htdocs\\eams\\app\\Views\\compliance\\inventory\\index.php', 7)
 2 SYSTEMPATH\View\View.php(226): include('C:\\xampp\\htdocs\\eams\\app\\Views\\compliance\\inventory\\index.php')
 3 SYSTEMPATH\View\View.php(229): CodeIgniter\View\View->CodeIgniter\View\{closure}()
 4 SYSTEMPATH\Common.php(1199): CodeIgniter\View\View->render('compliance/inventory/index', [], true)
 5 APPPATH\Controllers\ComplianceInventoryController.php(63): view('compliance/inventory/index', [...])
 6 SYSTEMPATH\CodeIgniter.php(933): App\Controllers\ComplianceInventoryController->index()
 7 SYSTEMPATH\CodeIgniter.php(507): CodeIgniter\CodeIgniter->runController(Object(App\Controllers\ComplianceInventoryController))
 8 SYSTEMPATH\CodeIgniter.php(354): CodeIgniter\CodeIgniter->handleRequest(null, Object(Config\Cache), false)
 9 SYSTEMPATH\Boot.php(363): CodeIgniter\CodeIgniter->run()
10 SYSTEMPATH\Boot.php(68): CodeIgniter\Boot::runCodeIgniter(Object(CodeIgniter\CodeIgniter))
11 FCPATH\index.php(59): CodeIgniter\Boot::bootWeb(Object(Config\Paths))
DEBUG - 2026-01-22 02:51:04 --> Session: Class initialized using 'CodeIgniter\Session\Handlers\FileHandler' driver.
CRITICAL - 2026-01-22 02:51:04 --> ErrorException: Undefined variable $isLocked
[Method: GET, Route: compliance/inventory/detail/38]
in APPPATH\Views\compliance\checklist\index.php on line 18.
 1 APPPATH\Views\compliance\checklist\index.php(18): CodeIgniter\Debug\Exceptions->errorHandler(2, 'Undefined variable $isLocked', 'C:\\xampp\\htdocs\\eams\\app\\Views\\compliance\\checklist\\index.php', 18)
 2 SYSTEMPATH\View\View.php(226): include('C:\\xampp\\htdocs\\eams\\app\\Views\\compliance\\checklist\\index.php')
 3 SYSTEMPATH\View\View.php(229): CodeIgniter\View\View->CodeIgniter\View\{closure}()
 4 SYSTEMPATH\Common.php(1199): CodeIgniter\View\View->render('compliance/checklist/index', [], true)
 5 APPPATH\Controllers\ComplianceInventoryController.php(204): view('compliance/checklist/index', [...])
 6 SYSTEMPATH\CodeIgniter.php(933): App\Controllers\ComplianceInventoryController->detail('38')
 7 SYSTEMPATH\CodeIgniter.php(507): CodeIgniter\CodeIgniter->runController(Object(App\Controllers\ComplianceInventoryController))
 8 SYSTEMPATH\CodeIgniter.php(354): CodeIgniter\CodeIgniter->handleRequest(null, Object(Config\Cache), false)
 9 SYSTEMPATH\Boot.php(363): CodeIgniter\CodeIgniter->run()
10 SYSTEMPATH\Boot.php(68): CodeIgniter\Boot::runCodeIgniter(Object(CodeIgniter\CodeIgniter))
11 FCPATH\index.php(59): CodeIgniter\Boot::bootWeb(Object(Config\Paths))
DEBUG - 2026-01-22 02:52:07 --> Session: Class initialized using 'CodeIgniter\Session\Handlers\FileHandler' driver.
CRITICAL - 2026-01-22 02:52:07 --> ErrorException: Undefined variable $c
[Method: GET, Route: compliance/inventory]
in APPPATH\Views\compliance\inventory\index.php on line 7.
 1 APPPATH\Views\compliance\inventory\index.php(7): CodeIgniter\Debug\Exceptions->errorHandler(2, 'Undefined variable $c', 'C:\\xampp\\htdocs\\eams\\app\\Views\\compliance\\inventory\\index.php', 7)
 2 SYSTEMPATH\View\View.php(226): include('C:\\xampp\\htdocs\\eams\\app\\Views\\compliance\\inventory\\index.php')
 3 SYSTEMPATH\View\View.php(229): CodeIgniter\View\View->CodeIgniter\View\{closure}()
 4 SYSTEMPATH\Common.php(1199): CodeIgniter\View\View->render('compliance/inventory/index', [], true)
 5 APPPATH\Controllers\ComplianceInventoryController.php(63): view('compliance/inventory/index', [...])
 6 SYSTEMPATH\CodeIgniter.php(933): App\Controllers\ComplianceInventoryController->index()
 7 SYSTEMPATH\CodeIgniter.php(507): CodeIgniter\CodeIgniter->runController(Object(App\Controllers\ComplianceInventoryController))
 8 SYSTEMPATH\CodeIgniter.php(354): CodeIgniter\CodeIgniter->handleRequest(null, Object(Config\Cache), false)
 9 SYSTEMPATH\Boot.php(363): CodeIgniter\CodeIgniter->run()
10 SYSTEMPATH\Boot.php(68): CodeIgniter\Boot::runCodeIgniter(Object(CodeIgniter\CodeIgniter))
11 FCPATH\index.php(59): CodeIgniter\Boot::bootWeb(Object(Config\Paths))
DEBUG - 2026-01-22 02:52:08 --> Session: Class initialized using 'CodeIgniter\Session\Handlers\FileHandler' driver.
DEBUG - 2026-01-22 02:52:08 --> Session: Class initialized using 'CodeIgniter\Session\Handlers\FileHandler' driver.
DEBUG - 2026-01-22 02:52:08 --> Session: Class initialized using 'CodeIgniter\Session\Handlers\FileHandler' driver.
DEBUG - 2026-01-22 02:52:18 --> Session: Class initialized using 'CodeIgniter\Session\Handlers\FileHandler' driver.
DEBUG - 2026-01-22 02:52:18 --> Session: Class initialized using 'CodeIgniter\Session\Handlers\FileHandler' driver.
DEBUG - 2026-01-22 02:52:21 --> Session: Class initialized using 'CodeIgniter\Session\Handlers\FileHandler' driver.
CRITICAL - 2026-01-22 02:52:22 --> CodeIgniter\Exceptions\BadMethodCallException: Call to undefined method App\Models\ComplianceChecklistLogModel::getLastChecksByInventory
[Method: GET, Route: compliance/dashboard]
in SYSTEMPATH\Model.php on line 927.
 1 APPPATH\Controllers\ComplianceDashboardController.php(45): CodeIgniter\Model->__call('getLastChecksByInventory', [...])
 2 SYSTEMPATH\CodeIgniter.php(933): App\Controllers\ComplianceDashboardController->index()
 3 SYSTEMPATH\CodeIgniter.php(507): CodeIgniter\CodeIgniter->runController(Object(App\Controllers\ComplianceDashboardController))
 4 SYSTEMPATH\CodeIgniter.php(354): CodeIgniter\CodeIgniter->handleRequest(null, Object(Config\Cache), false)
 5 SYSTEMPATH\Boot.php(363): CodeIgniter\CodeIgniter->run()
 6 SYSTEMPATH\Boot.php(68): CodeIgniter\Boot::runCodeIgniter(Object(CodeIgniter\CodeIgniter))
 7 FCPATH\index.php(59): CodeIgniter\Boot::bootWeb(Object(Config\Paths))
DEBUG - 2026-01-22 02:52:30 --> Session: Class initialized using 'CodeIgniter\Session\Handlers\FileHandler' driver.
CRITICAL - 2026-01-22 02:52:30 --> ErrorException: Undefined variable $c
[Method: GET, Route: compliance/inventory]
in APPPATH\Views\compliance\inventory\index.php on line 7.
 1 APPPATH\Views\compliance\inventory\index.php(7): CodeIgniter\Debug\Exceptions->errorHandler(2, 'Undefined variable $c', 'C:\\xampp\\htdocs\\eams\\app\\Views\\compliance\\inventory\\index.php', 7)
 2 SYSTEMPATH\View\View.php(226): include('C:\\xampp\\htdocs\\eams\\app\\Views\\compliance\\inventory\\index.php')
 3 SYSTEMPATH\View\View.php(229): CodeIgniter\View\View->CodeIgniter\View\{closure}()
 4 SYSTEMPATH\Common.php(1199): CodeIgniter\View\View->render('compliance/inventory/index', [], true)
 5 APPPATH\Controllers\ComplianceInventoryController.php(63): view('compliance/inventory/index', [...])
 6 SYSTEMPATH\CodeIgniter.php(933): App\Controllers\ComplianceInventoryController->index()
 7 SYSTEMPATH\CodeIgniter.php(507): CodeIgniter\CodeIgniter->runController(Object(App\Controllers\ComplianceInventoryController))
 8 SYSTEMPATH\CodeIgniter.php(354): CodeIgniter\CodeIgniter->handleRequest(null, Object(Config\Cache), false)
 9 SYSTEMPATH\Boot.php(363): CodeIgniter\CodeIgniter->run()
10 SYSTEMPATH\Boot.php(68): CodeIgniter\Boot::runCodeIgniter(Object(CodeIgniter\CodeIgniter))
11 FCPATH\index.php(59): CodeIgniter\Boot::bootWeb(Object(Config\Paths))
DEBUG - 2026-01-22 03:07:18 --> Session: Class initialized using 'CodeIgniter\Session\Handlers\FileHandler' driver.
CRITICAL - 2026-01-22 03:07:18 --> ErrorException: Undefined variable $c
[Method: GET, Route: compliance/inventory]
in APPPATH\Views\compliance\inventory\index.php on line 7.
 1 APPPATH\Views\compliance\inventory\index.php(7): CodeIgniter\Debug\Exceptions->errorHandler(2, 'Undefined variable $c', 'C:\\xampp\\htdocs\\eams\\app\\Views\\compliance\\inventory\\index.php', 7)
 2 SYSTEMPATH\View\View.php(226): include('C:\\xampp\\htdocs\\eams\\app\\Views\\compliance\\inventory\\index.php')
 3 SYSTEMPATH\View\View.php(229): CodeIgniter\View\View->CodeIgniter\View\{closure}()
 4 SYSTEMPATH\Common.php(1199): CodeIgniter\View\View->render('compliance/inventory/index', [], true)
 5 APPPATH\Controllers\ComplianceInventoryController.php(63): view('compliance/inventory/index', [...])
 6 SYSTEMPATH\CodeIgniter.php(933): App\Controllers\ComplianceInventoryController->index()
 7 SYSTEMPATH\CodeIgniter.php(507): CodeIgniter\CodeIgniter->runController(Object(App\Controllers\ComplianceInventoryController))
 8 SYSTEMPATH\CodeIgniter.php(354): CodeIgniter\CodeIgniter->handleRequest(null, Object(Config\Cache), false)
 9 SYSTEMPATH\Boot.php(363): CodeIgniter\CodeIgniter->run()
10 SYSTEMPATH\Boot.php(68): CodeIgniter\Boot::runCodeIgniter(Object(CodeIgniter\CodeIgniter))
11 FCPATH\index.php(59): CodeIgniter\Boot::bootWeb(Object(Config\Paths))
DEBUG - 2026-01-22 03:07:20 --> Session: Class initialized using 'CodeIgniter\Session\Handlers\FileHandler' driver.
DEBUG - 2026-01-22 03:07:23 --> Session: Class initialized using 'CodeIgniter\Session\Handlers\FileHandler' driver.
DEBUG - 2026-01-22 03:07:24 --> Session: Class initialized using 'CodeIgniter\Session\Handlers\FileHandler' driver.
DEBUG - 2026-01-22 03:07:24 --> Session: Class initialized using 'CodeIgniter\Session\Handlers\FileHandler' driver.
DEBUG - 2026-01-22 03:07:27 --> Session: Class initialized using 'CodeIgniter\Session\Handlers\FileHandler' driver.
CRITICAL - 2026-01-22 03:07:28 --> CodeIgniter\Exceptions\BadMethodCallException: Call to undefined method App\Models\ComplianceChecklistLogModel::getLastChecksByInventory
[Method: GET, Route: compliance/dashboard]
in SYSTEMPATH\Model.php on line 927.
 1 APPPATH\Controllers\ComplianceDashboardController.php(45): CodeIgniter\Model->__call('getLastChecksByInventory', [...])
 2 SYSTEMPATH\CodeIgniter.php(933): App\Controllers\ComplianceDashboardController->index()
 3 SYSTEMPATH\CodeIgniter.php(507): CodeIgniter\CodeIgniter->runController(Object(App\Controllers\ComplianceDashboardController))
 4 SYSTEMPATH\CodeIgniter.php(354): CodeIgniter\CodeIgniter->handleRequest(null, Object(Config\Cache), false)
 5 SYSTEMPATH\Boot.php(363): CodeIgniter\CodeIgniter->run()
 6 SYSTEMPATH\Boot.php(68): CodeIgniter\Boot::runCodeIgniter(Object(CodeIgniter\CodeIgniter))
 7 FCPATH\index.php(59): CodeIgniter\Boot::bootWeb(Object(Config\Paths))
DEBUG - 2026-01-22 03:07:36 --> Session: Class initialized using 'CodeIgniter\Session\Handlers\FileHandler' driver.
CRITICAL - 2026-01-22 03:07:36 --> CodeIgniter\Exceptions\BadMethodCallException: Call to undefined method App\Models\ComplianceChecklistLogModel::getLastChecksByInventory
[Method: GET, Route: compliance/dashboard]
in SYSTEMPATH\Model.php on line 927.
 1 APPPATH\Controllers\ComplianceDashboardController.php(45): CodeIgniter\Model->__call('getLastChecksByInventory', [...])
 2 SYSTEMPATH\CodeIgniter.php(933): App\Controllers\ComplianceDashboardController->index()
 3 SYSTEMPATH\CodeIgniter.php(507): CodeIgniter\CodeIgniter->runController(Object(App\Controllers\ComplianceDashboardController))
 4 SYSTEMPATH\CodeIgniter.php(354): CodeIgniter\CodeIgniter->handleRequest(null, Object(Config\Cache), false)
 5 SYSTEMPATH\Boot.php(363): CodeIgniter\CodeIgniter->run()
 6 SYSTEMPATH\Boot.php(68): CodeIgniter\Boot::runCodeIgniter(Object(CodeIgniter\CodeIgniter))
 7 FCPATH\index.php(59): CodeIgniter\Boot::bootWeb(Object(Config\Paths))
DEBUG - 2026-01-22 03:07:38 --> Session: Class initialized using 'CodeIgniter\Session\Handlers\FileHandler' driver.
DEBUG - 2026-01-22 03:07:40 --> Session: Class initialized using 'CodeIgniter\Session\Handlers\FileHandler' driver.
CRITICAL - 2026-01-22 03:07:40 --> ErrorException: Undefined variable $c
[Method: GET, Route: compliance/inventory]
in APPPATH\Views\compliance\inventory\index.php on line 7.
 1 APPPATH\Views\compliance\inventory\index.php(7): CodeIgniter\Debug\Exceptions->errorHandler(2, 'Undefined variable $c', 'C:\\xampp\\htdocs\\eams\\app\\Views\\compliance\\inventory\\index.php', 7)
 2 SYSTEMPATH\View\View.php(226): include('C:\\xampp\\htdocs\\eams\\app\\Views\\compliance\\inventory\\index.php')
 3 SYSTEMPATH\View\View.php(229): CodeIgniter\View\View->CodeIgniter\View\{closure}()
 4 SYSTEMPATH\Common.php(1199): CodeIgniter\View\View->render('compliance/inventory/index', [], true)
 5 APPPATH\Controllers\ComplianceInventoryController.php(63): view('compliance/inventory/index', [...])
 6 SYSTEMPATH\CodeIgniter.php(933): App\Controllers\ComplianceInventoryController->index()
 7 SYSTEMPATH\CodeIgniter.php(507): CodeIgniter\CodeIgniter->runController(Object(App\Controllers\ComplianceInventoryController))
 8 SYSTEMPATH\CodeIgniter.php(354): CodeIgniter\CodeIgniter->handleRequest(null, Object(Config\Cache), false)
 9 SYSTEMPATH\Boot.php(363): CodeIgniter\CodeIgniter->run()
10 SYSTEMPATH\Boot.php(68): CodeIgniter\Boot::runCodeIgniter(Object(CodeIgniter\CodeIgniter))
11 FCPATH\index.php(59): CodeIgniter\Boot::bootWeb(Object(Config\Paths))
DEBUG - 2026-01-22 03:07:44 --> Session: Class initialized using 'CodeIgniter\Session\Handlers\FileHandler' driver.
CRITICAL - 2026-01-22 03:07:44 --> ErrorException: Undefined variable $isLocked
[Method: GET, Route: compliance/inventory/detail/38]
in APPPATH\Views\compliance\checklist\index.php on line 18.
 1 APPPATH\Views\compliance\checklist\index.php(18): CodeIgniter\Debug\Exceptions->errorHandler(2, 'Undefined variable $isLocked', 'C:\\xampp\\htdocs\\eams\\app\\Views\\compliance\\checklist\\index.php', 18)
 2 SYSTEMPATH\View\View.php(226): include('C:\\xampp\\htdocs\\eams\\app\\Views\\compliance\\checklist\\index.php')
 3 SYSTEMPATH\View\View.php(229): CodeIgniter\View\View->CodeIgniter\View\{closure}()
 4 SYSTEMPATH\Common.php(1199): CodeIgniter\View\View->render('compliance/checklist/index', [], true)
 5 APPPATH\Controllers\ComplianceInventoryController.php(204): view('compliance/checklist/index', [...])
 6 SYSTEMPATH\CodeIgniter.php(933): App\Controllers\ComplianceInventoryController->detail('38')
 7 SYSTEMPATH\CodeIgniter.php(507): CodeIgniter\CodeIgniter->runController(Object(App\Controllers\ComplianceInventoryController))
 8 SYSTEMPATH\CodeIgniter.php(354): CodeIgniter\CodeIgniter->handleRequest(null, Object(Config\Cache), false)
 9 SYSTEMPATH\Boot.php(363): CodeIgniter\CodeIgniter->run()
10 SYSTEMPATH\Boot.php(68): CodeIgniter\Boot::runCodeIgniter(Object(CodeIgniter\CodeIgniter))
11 FCPATH\index.php(59): CodeIgniter\Boot::bootWeb(Object(Config\Paths))
DEBUG - 2026-01-22 03:08:48 --> Session: Class initialized using 'CodeIgniter\Session\Handlers\FileHandler' driver.
CRITICAL - 2026-01-22 03:08:48 --> ErrorException: Undefined variable $isLocked
[Method: GET, Route: compliance/inventory/detail/38]
in APPPATH\Views\compliance\checklist\index.php on line 18.
 1 APPPATH\Views\compliance\checklist\index.php(18): CodeIgniter\Debug\Exceptions->errorHandler(2, 'Undefined variable $isLocked', 'C:\\xampp\\htdocs\\eams\\app\\Views\\compliance\\checklist\\index.php', 18)
 2 SYSTEMPATH\View\View.php(226): include('C:\\xampp\\htdocs\\eams\\app\\Views\\compliance\\checklist\\index.php')
 3 SYSTEMPATH\View\View.php(229): CodeIgniter\View\View->CodeIgniter\View\{closure}()
 4 SYSTEMPATH\Common.php(1199): CodeIgniter\View\View->render('compliance/checklist/index', [], true)
 5 APPPATH\Controllers\ComplianceInventoryController.php(204): view('compliance/checklist/index', [...])
 6 SYSTEMPATH\CodeIgniter.php(933): App\Controllers\ComplianceInventoryController->detail('38')
 7 SYSTEMPATH\CodeIgniter.php(507): CodeIgniter\CodeIgniter->runController(Object(App\Controllers\ComplianceInventoryController))
 8 SYSTEMPATH\CodeIgniter.php(354): CodeIgniter\CodeIgniter->handleRequest(null, Object(Config\Cache), false)
 9 SYSTEMPATH\Boot.php(363): CodeIgniter\CodeIgniter->run()
10 SYSTEMPATH\Boot.php(68): CodeIgniter\Boot::runCodeIgniter(Object(CodeIgniter\CodeIgniter))
11 FCPATH\index.php(59): CodeIgniter\Boot::bootWeb(Object(Config\Paths))
DEBUG - 2026-01-22 03:08:49 --> Session: Class initialized using 'CodeIgniter\Session\Handlers\FileHandler' driver.
DEBUG - 2026-01-22 03:09:02 --> Session: Class initialized using 'CodeIgniter\Session\Handlers\FileHandler' driver.
DEBUG - 2026-01-22 03:10:43 --> Session: Class initialized using 'CodeIgniter\Session\Handlers\FileHandler' driver.
CRITICAL - 2026-01-22 03:10:43 --> ErrorException: Undefined variable $isLocked
[Method: GET, Route: compliance/inventory/detail/36]
in APPPATH\Views\compliance\checklist\index.php on line 18.
 1 APPPATH\Views\compliance\checklist\index.php(18): CodeIgniter\Debug\Exceptions->errorHandler(2, 'Undefined variable $isLocked', 'C:\\xampp\\htdocs\\eams\\app\\Views\\compliance\\checklist\\index.php', 18)
 2 SYSTEMPATH\View\View.php(226): include('C:\\xampp\\htdocs\\eams\\app\\Views\\compliance\\checklist\\index.php')
 3 SYSTEMPATH\View\View.php(229): CodeIgniter\View\View->CodeIgniter\View\{closure}()
 4 SYSTEMPATH\Common.php(1199): CodeIgniter\View\View->render('compliance/checklist/index', [], true)
 5 APPPATH\Controllers\ComplianceInventoryController.php(204): view('compliance/checklist/index', [...])
 6 SYSTEMPATH\CodeIgniter.php(933): App\Controllers\ComplianceInventoryController->detail('36')
 7 SYSTEMPATH\CodeIgniter.php(507): CodeIgniter\CodeIgniter->runController(Object(App\Controllers\ComplianceInventoryController))
 8 SYSTEMPATH\CodeIgniter.php(354): CodeIgniter\CodeIgniter->handleRequest(null, Object(Config\Cache), false)
 9 SYSTEMPATH\Boot.php(363): CodeIgniter\CodeIgniter->run()
10 SYSTEMPATH\Boot.php(68): CodeIgniter\Boot::runCodeIgniter(Object(CodeIgniter\CodeIgniter))
11 FCPATH\index.php(59): CodeIgniter\Boot::bootWeb(Object(Config\Paths))
DEBUG - 2026-01-22 03:37:52 --> Session: Class initialized using 'CodeIgniter\Session\Handlers\FileHandler' driver.
CRITICAL - 2026-01-22 03:37:52 --> ErrorException: Undefined variable $isLocked
[Method: GET, Route: compliance/inventory/detail/36]
in APPPATH\Views\compliance\checklist\index.php on line 18.
 1 APPPATH\Views\compliance\checklist\index.php(18): CodeIgniter\Debug\Exceptions->errorHandler(2, 'Undefined variable $isLocked', 'C:\\xampp\\htdocs\\eams\\app\\Views\\compliance\\checklist\\index.php', 18)
 2 SYSTEMPATH\View\View.php(226): include('C:\\xampp\\htdocs\\eams\\app\\Views\\compliance\\checklist\\index.php')
 3 SYSTEMPATH\View\View.php(229): CodeIgniter\View\View->CodeIgniter\View\{closure}()
 4 SYSTEMPATH\Common.php(1199): CodeIgniter\View\View->render('compliance/checklist/index', [], true)
 5 APPPATH\Controllers\ComplianceInventoryController.php(204): view('compliance/checklist/index', [...])
 6 SYSTEMPATH\CodeIgniter.php(933): App\Controllers\ComplianceInventoryController->detail('36')
 7 SYSTEMPATH\CodeIgniter.php(507): CodeIgniter\CodeIgniter->runController(Object(App\Controllers\ComplianceInventoryController))
 8 SYSTEMPATH\CodeIgniter.php(354): CodeIgniter\CodeIgniter->handleRequest(null, Object(Config\Cache), false)
 9 SYSTEMPATH\Boot.php(363): CodeIgniter\CodeIgniter->run()
10 SYSTEMPATH\Boot.php(68): CodeIgniter\Boot::runCodeIgniter(Object(CodeIgniter\CodeIgniter))
11 FCPATH\index.php(59): CodeIgniter\Boot::bootWeb(Object(Config\Paths))
DEBUG - 2026-01-22 03:37:57 --> Session: Class initialized using 'CodeIgniter\Session\Handlers\FileHandler' driver.
CRITICAL - 2026-01-22 03:37:57 --> ErrorException: Undefined variable $isLocked
[Method: GET, Route: compliance/inventory/detail/36]
in APPPATH\Views\compliance\checklist\index.php on line 18.
 1 APPPATH\Views\compliance\checklist\index.php(18): CodeIgniter\Debug\Exceptions->errorHandler(2, 'Undefined variable $isLocked', 'C:\\xampp\\htdocs\\eams\\app\\Views\\compliance\\checklist\\index.php', 18)
 2 SYSTEMPATH\View\View.php(226): include('C:\\xampp\\htdocs\\eams\\app\\Views\\compliance\\checklist\\index.php')
 3 SYSTEMPATH\View\View.php(229): CodeIgniter\View\View->CodeIgniter\View\{closure}()
 4 SYSTEMPATH\Common.php(1199): CodeIgniter\View\View->render('compliance/checklist/index', [], true)
 5 APPPATH\Controllers\ComplianceInventoryController.php(204): view('compliance/checklist/index', [...])
 6 SYSTEMPATH\CodeIgniter.php(933): App\Controllers\ComplianceInventoryController->detail('36')
 7 SYSTEMPATH\CodeIgniter.php(507): CodeIgniter\CodeIgniter->runController(Object(App\Controllers\ComplianceInventoryController))
 8 SYSTEMPATH\CodeIgniter.php(354): CodeIgniter\CodeIgniter->handleRequest(null, Object(Config\Cache), false)
 9 SYSTEMPATH\Boot.php(363): CodeIgniter\CodeIgniter->run()
10 SYSTEMPATH\Boot.php(68): CodeIgniter\Boot::runCodeIgniter(Object(CodeIgniter\CodeIgniter))
11 FCPATH\index.php(59): CodeIgniter\Boot::bootWeb(Object(Config\Paths))
DEBUG - 2026-01-22 03:40:49 --> Session: Class initialized using 'CodeIgniter\Session\Handlers\FileHandler' driver.
CRITICAL - 2026-01-22 03:40:49 --> ErrorException: Undefined variable $isLocked
[Method: GET, Route: compliance/inventory/detail/36]
in APPPATH\Views\compliance\checklist\index.php on line 18.
 1 APPPATH\Views\compliance\checklist\index.php(18): CodeIgniter\Debug\Exceptions->errorHandler(2, 'Undefined variable $isLocked', 'C:\\xampp\\htdocs\\eams\\app\\Views\\compliance\\checklist\\index.php', 18)
 2 SYSTEMPATH\View\View.php(226): include('C:\\xampp\\htdocs\\eams\\app\\Views\\compliance\\checklist\\index.php')
 3 SYSTEMPATH\View\View.php(229): CodeIgniter\View\View->CodeIgniter\View\{closure}()
 4 SYSTEMPATH\Common.php(1199): CodeIgniter\View\View->render('compliance/checklist/index', [], true)
 5 APPPATH\Controllers\ComplianceInventoryController.php(204): view('compliance/checklist/index', [...])
 6 SYSTEMPATH\CodeIgniter.php(933): App\Controllers\ComplianceInventoryController->detail('36')
 7 SYSTEMPATH\CodeIgniter.php(507): CodeIgniter\CodeIgniter->runController(Object(App\Controllers\ComplianceInventoryController))
 8 SYSTEMPATH\CodeIgniter.php(354): CodeIgniter\CodeIgniter->handleRequest(null, Object(Config\Cache), false)
 9 SYSTEMPATH\Boot.php(363): CodeIgniter\CodeIgniter->run()
10 SYSTEMPATH\Boot.php(68): CodeIgniter\Boot::runCodeIgniter(Object(CodeIgniter\CodeIgniter))
11 FCPATH\index.php(59): CodeIgniter\Boot::bootWeb(Object(Config\Paths))
DEBUG - 2026-01-22 03:40:51 --> Session: Class initialized using 'CodeIgniter\Session\Handlers\FileHandler' driver.
CRITICAL - 2026-01-22 03:40:51 --> ErrorException: Undefined variable $isLocked
[Method: GET, Route: compliance/inventory/detail/36]
in APPPATH\Views\compliance\checklist\index.php on line 18.
 1 APPPATH\Views\compliance\checklist\index.php(18): CodeIgniter\Debug\Exceptions->errorHandler(2, 'Undefined variable $isLocked', 'C:\\xampp\\htdocs\\eams\\app\\Views\\compliance\\checklist\\index.php', 18)
 2 SYSTEMPATH\View\View.php(226): include('C:\\xampp\\htdocs\\eams\\app\\Views\\compliance\\checklist\\index.php')
 3 SYSTEMPATH\View\View.php(229): CodeIgniter\View\View->CodeIgniter\View\{closure}()
 4 SYSTEMPATH\Common.php(1199): CodeIgniter\View\View->render('compliance/checklist/index', [], true)
 5 APPPATH\Controllers\ComplianceInventoryController.php(204): view('compliance/checklist/index', [...])
 6 SYSTEMPATH\CodeIgniter.php(933): App\Controllers\ComplianceInventoryController->detail('36')
 7 SYSTEMPATH\CodeIgniter.php(507): CodeIgniter\CodeIgniter->runController(Object(App\Controllers\ComplianceInventoryController))
 8 SYSTEMPATH\CodeIgniter.php(354): CodeIgniter\CodeIgniter->handleRequest(null, Object(Config\Cache), false)
 9 SYSTEMPATH\Boot.php(363): CodeIgniter\CodeIgniter->run()
10 SYSTEMPATH\Boot.php(68): CodeIgniter\Boot::runCodeIgniter(Object(CodeIgniter\CodeIgniter))
11 FCPATH\index.php(59): CodeIgniter\Boot::bootWeb(Object(Config\Paths))
DEBUG - 2026-01-22 03:40:54 --> Session: Class initialized using 'CodeIgniter\Session\Handlers\FileHandler' driver.
CRITICAL - 2026-01-22 03:40:54 --> ErrorException: Undefined variable $isLocked
[Method: GET, Route: compliance/inventory/detail/36]
in APPPATH\Views\compliance\checklist\index.php on line 18.
 1 APPPATH\Views\compliance\checklist\index.php(18): CodeIgniter\Debug\Exceptions->errorHandler(2, 'Undefined variable $isLocked', 'C:\\xampp\\htdocs\\eams\\app\\Views\\compliance\\checklist\\index.php', 18)
 2 SYSTEMPATH\View\View.php(226): include('C:\\xampp\\htdocs\\eams\\app\\Views\\compliance\\checklist\\index.php')
 3 SYSTEMPATH\View\View.php(229): CodeIgniter\View\View->CodeIgniter\View\{closure}()
 4 SYSTEMPATH\Common.php(1199): CodeIgniter\View\View->render('compliance/checklist/index', [], true)
 5 APPPATH\Controllers\ComplianceInventoryController.php(204): view('compliance/checklist/index', [...])
 6 SYSTEMPATH\CodeIgniter.php(933): App\Controllers\ComplianceInventoryController->detail('36')
 7 SYSTEMPATH\CodeIgniter.php(507): CodeIgniter\CodeIgniter->runController(Object(App\Controllers\ComplianceInventoryController))
 8 SYSTEMPATH\CodeIgniter.php(354): CodeIgniter\CodeIgniter->handleRequest(null, Object(Config\Cache), false)
 9 SYSTEMPATH\Boot.php(363): CodeIgniter\CodeIgniter->run()
10 SYSTEMPATH\Boot.php(68): CodeIgniter\Boot::runCodeIgniter(Object(CodeIgniter\CodeIgniter))
11 FCPATH\index.php(59): CodeIgniter\Boot::bootWeb(Object(Config\Paths))
DEBUG - 2026-01-22 03:40:57 --> Session: Class initialized using 'CodeIgniter\Session\Handlers\FileHandler' driver.
DEBUG - 2026-01-22 03:41:01 --> Session: Class initialized using 'CodeIgniter\Session\Handlers\FileHandler' driver.
CRITICAL - 2026-01-22 03:41:01 --> ErrorException: Undefined variable $isLocked
[Method: GET, Route: compliance/inventory/detail/36]
in APPPATH\Views\compliance\checklist\index.php on line 18.
 1 APPPATH\Views\compliance\checklist\index.php(18): CodeIgniter\Debug\Exceptions->errorHandler(2, 'Undefined variable $isLocked', 'C:\\xampp\\htdocs\\eams\\app\\Views\\compliance\\checklist\\index.php', 18)
 2 SYSTEMPATH\View\View.php(226): include('C:\\xampp\\htdocs\\eams\\app\\Views\\compliance\\checklist\\index.php')
 3 SYSTEMPATH\View\View.php(229): CodeIgniter\View\View->CodeIgniter\View\{closure}()
 4 SYSTEMPATH\Common.php(1199): CodeIgniter\View\View->render('compliance/checklist/index', [], true)
 5 APPPATH\Controllers\ComplianceInventoryController.php(204): view('compliance/checklist/index', [...])
 6 SYSTEMPATH\CodeIgniter.php(933): App\Controllers\ComplianceInventoryController->detail('36')
 7 SYSTEMPATH\CodeIgniter.php(507): CodeIgniter\CodeIgniter->runController(Object(App\Controllers\ComplianceInventoryController))
 8 SYSTEMPATH\CodeIgniter.php(354): CodeIgniter\CodeIgniter->handleRequest(null, Object(Config\Cache), false)
 9 SYSTEMPATH\Boot.php(363): CodeIgniter\CodeIgniter->run()
10 SYSTEMPATH\Boot.php(68): CodeIgniter\Boot::runCodeIgniter(Object(CodeIgniter\CodeIgniter))
11 FCPATH\index.php(59): CodeIgniter\Boot::bootWeb(Object(Config\Paths))
DEBUG - 2026-01-22 03:43:23 --> Session: Class initialized using 'CodeIgniter\Session\Handlers\FileHandler' driver.
CRITICAL - 2026-01-22 03:43:23 --> ErrorException: Undefined variable $isLocked
[Method: GET, Route: compliance/inventory/detail/36]
in APPPATH\Views\compliance\checklist\index.php on line 18.
 1 APPPATH\Views\compliance\checklist\index.php(18): CodeIgniter\Debug\Exceptions->errorHandler(2, 'Undefined variable $isLocked', 'C:\\xampp\\htdocs\\eams\\app\\Views\\compliance\\checklist\\index.php', 18)
 2 SYSTEMPATH\View\View.php(226): include('C:\\xampp\\htdocs\\eams\\app\\Views\\compliance\\checklist\\index.php')
 3 SYSTEMPATH\View\View.php(229): CodeIgniter\View\View->CodeIgniter\View\{closure}()
 4 SYSTEMPATH\Common.php(1199): CodeIgniter\View\View->render('compliance/checklist/index', [], true)
 5 APPPATH\Controllers\ComplianceInventoryController.php(204): view('compliance/checklist/index', [...])
 6 SYSTEMPATH\CodeIgniter.php(933): App\Controllers\ComplianceInventoryController->detail('36')
 7 SYSTEMPATH\CodeIgniter.php(507): CodeIgniter\CodeIgniter->runController(Object(App\Controllers\ComplianceInventoryController))
 8 SYSTEMPATH\CodeIgniter.php(354): CodeIgniter\CodeIgniter->handleRequest(null, Object(Config\Cache), false)
 9 SYSTEMPATH\Boot.php(363): CodeIgniter\CodeIgniter->run()
10 SYSTEMPATH\Boot.php(68): CodeIgniter\Boot::runCodeIgniter(Object(CodeIgniter\CodeIgniter))
11 FCPATH\index.php(59): CodeIgniter\Boot::bootWeb(Object(Config\Paths))
DEBUG - 2026-01-22 03:57:09 --> Session: Class initialized using 'CodeIgniter\Session\Handlers\FileHandler' driver.
CRITICAL - 2026-01-22 03:57:09 --> ErrorException: Undefined variable $isLocked
[Method: GET, Route: compliance/inventory/detail/36]
in APPPATH\Views\compliance\checklist\index.php on line 18.
 1 APPPATH\Views\compliance\checklist\index.php(18): CodeIgniter\Debug\Exceptions->errorHandler(2, 'Undefined variable $isLocked', 'C:\\xampp\\htdocs\\eams\\app\\Views\\compliance\\checklist\\index.php', 18)
 2 SYSTEMPATH\View\View.php(226): include('C:\\xampp\\htdocs\\eams\\app\\Views\\compliance\\checklist\\index.php')
 3 SYSTEMPATH\View\View.php(229): CodeIgniter\View\View->CodeIgniter\View\{closure}()
 4 SYSTEMPATH\Common.php(1199): CodeIgniter\View\View->render('compliance/checklist/index', [], true)
 5 APPPATH\Controllers\ComplianceInventoryController.php(204): view('compliance/checklist/index', [...])
 6 SYSTEMPATH\CodeIgniter.php(933): App\Controllers\ComplianceInventoryController->detail('36')
 7 SYSTEMPATH\CodeIgniter.php(507): CodeIgniter\CodeIgniter->runController(Object(App\Controllers\ComplianceInventoryController))
 8 SYSTEMPATH\CodeIgniter.php(354): CodeIgniter\CodeIgniter->handleRequest(null, Object(Config\Cache), false)
 9 SYSTEMPATH\Boot.php(363): CodeIgniter\CodeIgniter->run()
10 SYSTEMPATH\Boot.php(68): CodeIgniter\Boot::runCodeIgniter(Object(CodeIgniter\CodeIgniter))
11 FCPATH\index.php(59): CodeIgniter\Boot::bootWeb(Object(Config\Paths))
DEBUG - 2026-01-22 03:59:44 --> Session: Class initialized using 'CodeIgniter\Session\Handlers\FileHandler' driver.
CRITICAL - 2026-01-22 03:59:44 --> ErrorException: Undefined variable $isLocked
[Method: GET, Route: compliance/inventory/detail/36]
in APPPATH\Views\compliance\checklist\index.php on line 18.
 1 APPPATH\Views\compliance\checklist\index.php(18): CodeIgniter\Debug\Exceptions->errorHandler(2, 'Undefined variable $isLocked', 'C:\\xampp\\htdocs\\eams\\app\\Views\\compliance\\checklist\\index.php', 18)
 2 SYSTEMPATH\View\View.php(226): include('C:\\xampp\\htdocs\\eams\\app\\Views\\compliance\\checklist\\index.php')
 3 SYSTEMPATH\View\View.php(229): CodeIgniter\View\View->CodeIgniter\View\{closure}()
 4 SYSTEMPATH\Common.php(1199): CodeIgniter\View\View->render('compliance/checklist/index', [], true)
 5 APPPATH\Controllers\ComplianceInventoryController.php(204): view('compliance/checklist/index', [...])
 6 SYSTEMPATH\CodeIgniter.php(933): App\Controllers\ComplianceInventoryController->detail('36')
 7 SYSTEMPATH\CodeIgniter.php(507): CodeIgniter\CodeIgniter->runController(Object(App\Controllers\ComplianceInventoryController))
 8 SYSTEMPATH\CodeIgniter.php(354): CodeIgniter\CodeIgniter->handleRequest(null, Object(Config\Cache), false)
 9 SYSTEMPATH\Boot.php(363): CodeIgniter\CodeIgniter->run()
10 SYSTEMPATH\Boot.php(68): CodeIgniter\Boot::runCodeIgniter(Object(CodeIgniter\CodeIgniter))
11 FCPATH\index.php(59): CodeIgniter\Boot::bootWeb(Object(Config\Paths))
DEBUG - 2026-01-22 04:03:40 --> Session: Class initialized using 'CodeIgniter\Session\Handlers\FileHandler' driver.
DEBUG - 2026-01-22 04:03:43 --> Session: Class initialized using 'CodeIgniter\Session\Handlers\FileHandler' driver.
DEBUG - 2026-01-22 04:03:48 --> Session: Class initialized using 'CodeIgniter\Session\Handlers\FileHandler' driver.
CRITICAL - 2026-01-22 04:03:48 --> ErrorException: Undefined variable $isLocked
[Method: GET, Route: compliance/inventory/detail/36]
in APPPATH\Views\compliance\checklist\index.php on line 18.
 1 APPPATH\Views\compliance\checklist\index.php(18): CodeIgniter\Debug\Exceptions->errorHandler(2, 'Undefined variable $isLocked', 'C:\\xampp\\htdocs\\eams\\app\\Views\\compliance\\checklist\\index.php', 18)
 2 SYSTEMPATH\View\View.php(226): include('C:\\xampp\\htdocs\\eams\\app\\Views\\compliance\\checklist\\index.php')
 3 SYSTEMPATH\View\View.php(229): CodeIgniter\View\View->CodeIgniter\View\{closure}()
 4 SYSTEMPATH\Common.php(1199): CodeIgniter\View\View->render('compliance/checklist/index', [], true)
 5 APPPATH\Controllers\ComplianceInventoryController.php(204): view('compliance/checklist/index', [...])
 6 SYSTEMPATH\CodeIgniter.php(933): App\Controllers\ComplianceInventoryController->detail('36')
 7 SYSTEMPATH\CodeIgniter.php(507): CodeIgniter\CodeIgniter->runController(Object(App\Controllers\ComplianceInventoryController))
 8 SYSTEMPATH\CodeIgniter.php(354): CodeIgniter\CodeIgniter->handleRequest(null, Object(Config\Cache), false)
 9 SYSTEMPATH\Boot.php(363): CodeIgniter\CodeIgniter->run()
10 SYSTEMPATH\Boot.php(68): CodeIgniter\Boot::runCodeIgniter(Object(CodeIgniter\CodeIgniter))
11 FCPATH\index.php(59): CodeIgniter\Boot::bootWeb(Object(Config\Paths))
DEBUG - 2026-01-22 04:03:50 --> Session: Class initialized using 'CodeIgniter\Session\Handlers\FileHandler' driver.
CRITICAL - 2026-01-22 04:03:50 --> ErrorException: Undefined variable $isLocked
[Method: GET, Route: compliance/inventory/detail/36]
in APPPATH\Views\compliance\checklist\index.php on line 18.
 1 APPPATH\Views\compliance\checklist\index.php(18): CodeIgniter\Debug\Exceptions->errorHandler(2, 'Undefined variable $isLocked', 'C:\\xampp\\htdocs\\eams\\app\\Views\\compliance\\checklist\\index.php', 18)
 2 SYSTEMPATH\View\View.php(226): include('C:\\xampp\\htdocs\\eams\\app\\Views\\compliance\\checklist\\index.php')
 3 SYSTEMPATH\View\View.php(229): CodeIgniter\View\View->CodeIgniter\View\{closure}()
 4 SYSTEMPATH\Common.php(1199): CodeIgniter\View\View->render('compliance/checklist/index', [], true)
 5 APPPATH\Controllers\ComplianceInventoryController.php(204): view('compliance/checklist/index', [...])
 6 SYSTEMPATH\CodeIgniter.php(933): App\Controllers\ComplianceInventoryController->detail('36')
 7 SYSTEMPATH\CodeIgniter.php(507): CodeIgniter\CodeIgniter->runController(Object(App\Controllers\ComplianceInventoryController))
 8 SYSTEMPATH\CodeIgniter.php(354): CodeIgniter\CodeIgniter->handleRequest(null, Object(Config\Cache), false)
 9 SYSTEMPATH\Boot.php(363): CodeIgniter\CodeIgniter->run()
10 SYSTEMPATH\Boot.php(68): CodeIgniter\Boot::runCodeIgniter(Object(CodeIgniter\CodeIgniter))
11 FCPATH\index.php(59): CodeIgniter\Boot::bootWeb(Object(Config\Paths))
DEBUG - 2026-01-22 04:03:52 --> Session: Class initialized using 'CodeIgniter\Session\Handlers\FileHandler' driver.
CRITICAL - 2026-01-22 04:03:52 --> ErrorException: Undefined variable $isLocked
[Method: GET, Route: compliance/inventory/detail/36]
in APPPATH\Views\compliance\checklist\index.php on line 18.
 1 APPPATH\Views\compliance\checklist\index.php(18): CodeIgniter\Debug\Exceptions->errorHandler(2, 'Undefined variable $isLocked', 'C:\\xampp\\htdocs\\eams\\app\\Views\\compliance\\checklist\\index.php', 18)
 2 SYSTEMPATH\View\View.php(226): include('C:\\xampp\\htdocs\\eams\\app\\Views\\compliance\\checklist\\index.php')
 3 SYSTEMPATH\View\View.php(229): CodeIgniter\View\View->CodeIgniter\View\{closure}()
 4 SYSTEMPATH\Common.php(1199): CodeIgniter\View\View->render('compliance/checklist/index', [], true)
 5 APPPATH\Controllers\ComplianceInventoryController.php(204): view('compliance/checklist/index', [...])
 6 SYSTEMPATH\CodeIgniter.php(933): App\Controllers\ComplianceInventoryController->detail('36')
 7 SYSTEMPATH\CodeIgniter.php(507): CodeIgniter\CodeIgniter->runController(Object(App\Controllers\ComplianceInventoryController))
 8 SYSTEMPATH\CodeIgniter.php(354): CodeIgniter\CodeIgniter->handleRequest(null, Object(Config\Cache), false)
 9 SYSTEMPATH\Boot.php(363): CodeIgniter\CodeIgniter->run()
10 SYSTEMPATH\Boot.php(68): CodeIgniter\Boot::runCodeIgniter(Object(CodeIgniter\CodeIgniter))
11 FCPATH\index.php(59): CodeIgniter\Boot::bootWeb(Object(Config\Paths))
DEBUG - 2026-01-22 04:03:57 --> Session: Class initialized using 'CodeIgniter\Session\Handlers\FileHandler' driver.
CRITICAL - 2026-01-22 04:03:57 --> ErrorException: Undefined variable $isLocked
[Method: GET, Route: compliance/inventory/detail/36]
in APPPATH\Views\compliance\checklist\index.php on line 18.
 1 APPPATH\Views\compliance\checklist\index.php(18): CodeIgniter\Debug\Exceptions->errorHandler(2, 'Undefined variable $isLocked', 'C:\\xampp\\htdocs\\eams\\app\\Views\\compliance\\checklist\\index.php', 18)
 2 SYSTEMPATH\View\View.php(226): include('C:\\xampp\\htdocs\\eams\\app\\Views\\compliance\\checklist\\index.php')
 3 SYSTEMPATH\View\View.php(229): CodeIgniter\View\View->CodeIgniter\View\{closure}()
 4 SYSTEMPATH\Common.php(1199): CodeIgniter\View\View->render('compliance/checklist/index', [], true)
 5 APPPATH\Controllers\ComplianceInventoryController.php(204): view('compliance/checklist/index', [...])
 6 SYSTEMPATH\CodeIgniter.php(933): App\Controllers\ComplianceInventoryController->detail('36')
 7 SYSTEMPATH\CodeIgniter.php(507): CodeIgniter\CodeIgniter->runController(Object(App\Controllers\ComplianceInventoryController))
 8 SYSTEMPATH\CodeIgniter.php(354): CodeIgniter\CodeIgniter->handleRequest(null, Object(Config\Cache), false)
 9 SYSTEMPATH\Boot.php(363): CodeIgniter\CodeIgniter->run()
10 SYSTEMPATH\Boot.php(68): CodeIgniter\Boot::runCodeIgniter(Object(CodeIgniter\CodeIgniter))
11 FCPATH\index.php(59): CodeIgniter\Boot::bootWeb(Object(Config\Paths))
DEBUG - 2026-01-22 04:04:09 --> Session: Class initialized using 'CodeIgniter\Session\Handlers\FileHandler' driver.
CRITICAL - 2026-01-22 04:04:10 --> ErrorException: Undefined variable $isLocked
[Method: GET, Route: compliance/inventory/detail/36]
in APPPATH\Views\compliance\checklist\index.php on line 18.
 1 APPPATH\Views\compliance\checklist\index.php(18): CodeIgniter\Debug\Exceptions->errorHandler(2, 'Undefined variable $isLocked', 'C:\\xampp\\htdocs\\eams\\app\\Views\\compliance\\checklist\\index.php', 18)
 2 SYSTEMPATH\View\View.php(226): include('C:\\xampp\\htdocs\\eams\\app\\Views\\compliance\\checklist\\index.php')
 3 SYSTEMPATH\View\View.php(229): CodeIgniter\View\View->CodeIgniter\View\{closure}()
 4 SYSTEMPATH\Common.php(1199): CodeIgniter\View\View->render('compliance/checklist/index', [], true)
 5 APPPATH\Controllers\ComplianceInventoryController.php(204): view('compliance/checklist/index', [...])
 6 SYSTEMPATH\CodeIgniter.php(933): App\Controllers\ComplianceInventoryController->detail('36')
 7 SYSTEMPATH\CodeIgniter.php(507): CodeIgniter\CodeIgniter->runController(Object(App\Controllers\ComplianceInventoryController))
 8 SYSTEMPATH\CodeIgniter.php(354): CodeIgniter\CodeIgniter->handleRequest(null, Object(Config\Cache), false)
 9 SYSTEMPATH\Boot.php(363): CodeIgniter\CodeIgniter->run()
10 SYSTEMPATH\Boot.php(68): CodeIgniter\Boot::runCodeIgniter(Object(CodeIgniter\CodeIgniter))
11 FCPATH\index.php(59): CodeIgniter\Boot::bootWeb(Object(Config\Paths))
DEBUG - 2026-01-22 04:04:29 --> Session: Class initialized using 'CodeIgniter\Session\Handlers\FileHandler' driver.
CRITICAL - 2026-01-22 04:04:29 --> ErrorException: Undefined variable $isLocked
[Method: GET, Route: compliance/inventory/detail/36]
in APPPATH\Views\compliance\checklist\index.php on line 18.
 1 APPPATH\Views\compliance\checklist\index.php(18): CodeIgniter\Debug\Exceptions->errorHandler(2, 'Undefined variable $isLocked', 'C:\\xampp\\htdocs\\eams\\app\\Views\\compliance\\checklist\\index.php', 18)
 2 SYSTEMPATH\View\View.php(226): include('C:\\xampp\\htdocs\\eams\\app\\Views\\compliance\\checklist\\index.php')
 3 SYSTEMPATH\View\View.php(229): CodeIgniter\View\View->CodeIgniter\View\{closure}()
 4 SYSTEMPATH\Common.php(1199): CodeIgniter\View\View->render('compliance/checklist/index', [], true)
 5 APPPATH\Controllers\ComplianceInventoryController.php(204): view('compliance/checklist/index', [...])
 6 SYSTEMPATH\CodeIgniter.php(933): App\Controllers\ComplianceInventoryController->detail('36')
 7 SYSTEMPATH\CodeIgniter.php(507): CodeIgniter\CodeIgniter->runController(Object(App\Controllers\ComplianceInventoryController))
 8 SYSTEMPATH\CodeIgniter.php(354): CodeIgniter\CodeIgniter->handleRequest(null, Object(Config\Cache), false)
 9 SYSTEMPATH\Boot.php(363): CodeIgniter\CodeIgniter->run()
10 SYSTEMPATH\Boot.php(68): CodeIgniter\Boot::runCodeIgniter(Object(CodeIgniter\CodeIgniter))
11 FCPATH\index.php(59): CodeIgniter\Boot::bootWeb(Object(Config\Paths))
DEBUG - 2026-01-22 04:04:50 --> Session: Class initialized using 'CodeIgniter\Session\Handlers\FileHandler' driver.
CRITICAL - 2026-01-22 04:04:50 --> ErrorException: Undefined variable $isLocked
[Method: GET, Route: compliance/inventory/detail/36]
in APPPATH\Views\compliance\checklist\index.php on line 18.
 1 APPPATH\Views\compliance\checklist\index.php(18): CodeIgniter\Debug\Exceptions->errorHandler(2, 'Undefined variable $isLocked', 'C:\\xampp\\htdocs\\eams\\app\\Views\\compliance\\checklist\\index.php', 18)
 2 SYSTEMPATH\View\View.php(226): include('C:\\xampp\\htdocs\\eams\\app\\Views\\compliance\\checklist\\index.php')
 3 SYSTEMPATH\View\View.php(229): CodeIgniter\View\View->CodeIgniter\View\{closure}()
 4 SYSTEMPATH\Common.php(1199): CodeIgniter\View\View->render('compliance/checklist/index', [], true)
 5 APPPATH\Controllers\ComplianceInventoryController.php(204): view('compliance/checklist/index', [...])
 6 SYSTEMPATH\CodeIgniter.php(933): App\Controllers\ComplianceInventoryController->detail('36')
 7 SYSTEMPATH\CodeIgniter.php(507): CodeIgniter\CodeIgniter->runController(Object(App\Controllers\ComplianceInventoryController))
 8 SYSTEMPATH\CodeIgniter.php(354): CodeIgniter\CodeIgniter->handleRequest(null, Object(Config\Cache), false)
 9 SYSTEMPATH\Boot.php(363): CodeIgniter\CodeIgniter->run()
10 SYSTEMPATH\Boot.php(68): CodeIgniter\Boot::runCodeIgniter(Object(CodeIgniter\CodeIgniter))
11 FCPATH\index.php(59): CodeIgniter\Boot::bootWeb(Object(Config\Paths))
DEBUG - 2026-01-22 04:15:25 --> Session: Class initialized using 'CodeIgniter\Session\Handlers\FileHandler' driver.
DEBUG - 2026-01-22 04:15:32 --> Session: Class initialized using 'CodeIgniter\Session\Handlers\FileHandler' driver.
DEBUG - 2026-01-22 04:15:34 --> Session: Class initialized using 'CodeIgniter\Session\Handlers\FileHandler' driver.
DEBUG - 2026-01-22 04:15:36 --> Session: Class initialized using 'CodeIgniter\Session\Handlers\FileHandler' driver.
DEBUG - 2026-01-22 04:15:37 --> Session: Class initialized using 'CodeIgniter\Session\Handlers\FileHandler' driver.
DEBUG - 2026-01-22 04:15:45 --> Session: Class initialized using 'CodeIgniter\Session\Handlers\FileHandler' driver.
DEBUG - 2026-01-22 04:15:48 --> Session: Class initialized using 'CodeIgniter\Session\Handlers\FileHandler' driver.
DEBUG - 2026-01-22 04:15:50 --> Session: Class initialized using 'CodeIgniter\Session\Handlers\FileHandler' driver.
DEBUG - 2026-01-22 04:16:08 --> Session: Class initialized using 'CodeIgniter\Session\Handlers\FileHandler' driver.
DEBUG - 2026-01-22 04:16:13 --> Session: Class initialized using 'CodeIgniter\Session\Handlers\FileHandler' driver.
DEBUG - 2026-01-22 04:16:37 --> Session: Class initialized using 'CodeIgniter\Session\Handlers\FileHandler' driver.
DEBUG - 2026-01-22 04:16:38 --> Session: Class initialized using 'CodeIgniter\Session\Handlers\FileHandler' driver.
DEBUG - 2026-01-22 07:00:35 --> Session: Class initialized using 'CodeIgniter\Session\Handlers\FileHandler' driver.
DEBUG - 2026-01-22 07:00:39 --> Session: Class initialized using 'CodeIgniter\Session\Handlers\FileHandler' driver.
DEBUG - 2026-01-22 07:00:43 --> Session: Class initialized using 'CodeIgniter\Session\Handlers\FileHandler' driver.
DEBUG - 2026-01-22 07:00:46 --> Session: Class initialized using 'CodeIgniter\Session\Handlers\FileHandler' driver.
DEBUG - 2026-01-22 07:00:48 --> Session: Class initialized using 'CodeIgniter\Session\Handlers\FileHandler' driver.
DEBUG - 2026-01-22 07:00:51 --> Session: Class initialized using 'CodeIgniter\Session\Handlers\FileHandler' driver.
DEBUG - 2026-01-22 07:02:05 --> Session: Class initialized using 'CodeIgniter\Session\Handlers\FileHandler' driver.
DEBUG - 2026-01-22 07:02:32 --> Session: Class initialized using 'CodeIgniter\Session\Handlers\FileHandler' driver.
DEBUG - 2026-01-22 07:02:32 --> Session: Class initialized using 'CodeIgniter\Session\Handlers\FileHandler' driver.
DEBUG - 2026-01-22 07:02:40 --> Session: Class initialized using 'CodeIgniter\Session\Handlers\FileHandler' driver.
DEBUG - 2026-01-22 07:02:43 --> Session: Class initialized using 'CodeIgniter\Session\Handlers\FileHandler' driver.
DEBUG - 2026-01-22 07:02:44 --> Session: Class initialized using 'CodeIgniter\Session\Handlers\FileHandler' driver.
DEBUG - 2026-01-22 07:02:46 --> Session: Class initialized using 'CodeIgniter\Session\Handlers\FileHandler' driver.
DEBUG - 2026-01-22 07:02:47 --> Session: Class initialized using 'CodeIgniter\Session\Handlers\FileHandler' driver.
DEBUG - 2026-01-22 07:02:52 --> Session: Class initialized using 'CodeIgniter\Session\Handlers\FileHandler' driver.
DEBUG - 2026-01-22 07:02:59 --> Session: Class initialized using 'CodeIgniter\Session\Handlers\FileHandler' driver.
DEBUG - 2026-01-22 07:03:01 --> Session: Class initialized using 'CodeIgniter\Session\Handlers\FileHandler' driver.
DEBUG - 2026-01-22 07:04:18 --> Session: Class initialized using 'CodeIgniter\Session\Handlers\FileHandler' driver.
DEBUG - 2026-01-22 07:04:20 --> Session: Class initialized using 'CodeIgniter\Session\Handlers\FileHandler' driver.
CRITICAL - 2026-01-22 07:04:20 --> ErrorException: Undefined variable $isLocked
[Method: GET, Route: compliance/inventory/detail/36]
in APPPATH\Views\compliance\checklist\index.php on line 13.
 1 APPPATH\Views\compliance\checklist\index.php(13): CodeIgniter\Debug\Exceptions->errorHandler(2, 'Undefined variable $isLocked', 'C:\\xampp\\htdocs\\eams\\app\\Views\\compliance\\checklist\\index.php', 13)
 2 SYSTEMPATH\View\View.php(226): include('C:\\xampp\\htdocs\\eams\\app\\Views\\compliance\\checklist\\index.php')
 3 SYSTEMPATH\View\View.php(229): CodeIgniter\View\View->CodeIgniter\View\{closure}()
 4 SYSTEMPATH\Common.php(1199): CodeIgniter\View\View->render('compliance/checklist/index', [], true)
 5 APPPATH\Controllers\ComplianceInventoryController.php(204): view('compliance/checklist/index', [...])
 6 SYSTEMPATH\CodeIgniter.php(933): App\Controllers\ComplianceInventoryController->detail('36')
 7 SYSTEMPATH\CodeIgniter.php(507): CodeIgniter\CodeIgniter->runController(Object(App\Controllers\ComplianceInventoryController))
 8 SYSTEMPATH\CodeIgniter.php(354): CodeIgniter\CodeIgniter->handleRequest(null, Object(Config\Cache), false)
 9 SYSTEMPATH\Boot.php(363): CodeIgniter\CodeIgniter->run()
10 SYSTEMPATH\Boot.php(68): CodeIgniter\Boot::runCodeIgniter(Object(CodeIgniter\CodeIgniter))
11 FCPATH\index.php(59): CodeIgniter\Boot::bootWeb(Object(Config\Paths))
DEBUG - 2026-01-22 07:04:24 --> Session: Class initialized using 'CodeIgniter\Session\Handlers\FileHandler' driver.
DEBUG - 2026-01-22 07:04:29 --> Session: Class initialized using 'CodeIgniter\Session\Handlers\FileHandler' driver.
CRITICAL - 2026-01-22 07:04:30 --> ErrorException: Undefined variable $isLocked
[Method: GET, Route: compliance/inventory/detail/36]
in APPPATH\Views\compliance\checklist\index.php on line 13.
 1 APPPATH\Views\compliance\checklist\index.php(13): CodeIgniter\Debug\Exceptions->errorHandler(2, 'Undefined variable $isLocked', 'C:\\xampp\\htdocs\\eams\\app\\Views\\compliance\\checklist\\index.php', 13)
 2 SYSTEMPATH\View\View.php(226): include('C:\\xampp\\htdocs\\eams\\app\\Views\\compliance\\checklist\\index.php')
 3 SYSTEMPATH\View\View.php(229): CodeIgniter\View\View->CodeIgniter\View\{closure}()
 4 SYSTEMPATH\Common.php(1199): CodeIgniter\View\View->render('compliance/checklist/index', [], true)
 5 APPPATH\Controllers\ComplianceInventoryController.php(204): view('compliance/checklist/index', [...])
 6 SYSTEMPATH\CodeIgniter.php(933): App\Controllers\ComplianceInventoryController->detail('36')
 7 SYSTEMPATH\CodeIgniter.php(507): CodeIgniter\CodeIgniter->runController(Object(App\Controllers\ComplianceInventoryController))
 8 SYSTEMPATH\CodeIgniter.php(354): CodeIgniter\CodeIgniter->handleRequest(null, Object(Config\Cache), false)
 9 SYSTEMPATH\Boot.php(363): CodeIgniter\CodeIgniter->run()
10 SYSTEMPATH\Boot.php(68): CodeIgniter\Boot::runCodeIgniter(Object(CodeIgniter\CodeIgniter))
11 FCPATH\index.php(59): CodeIgniter\Boot::bootWeb(Object(Config\Paths))
DEBUG - 2026-01-22 07:05:13 --> Session: Class initialized using 'CodeIgniter\Session\Handlers\FileHandler' driver.
CRITICAL - 2026-01-22 07:05:13 --> ErrorException: Undefined variable $isLocked
[Method: GET, Route: compliance/inventory/detail/36]
in APPPATH\Views\compliance\checklist\index.php on line 13.
 1 APPPATH\Views\compliance\checklist\index.php(13): CodeIgniter\Debug\Exceptions->errorHandler(2, 'Undefined variable $isLocked', 'C:\\xampp\\htdocs\\eams\\app\\Views\\compliance\\checklist\\index.php', 13)
 2 SYSTEMPATH\View\View.php(226): include('C:\\xampp\\htdocs\\eams\\app\\Views\\compliance\\checklist\\index.php')
 3 SYSTEMPATH\View\View.php(229): CodeIgniter\View\View->CodeIgniter\View\{closure}()
 4 SYSTEMPATH\Common.php(1199): CodeIgniter\View\View->render('compliance/checklist/index', [], true)
 5 APPPATH\Controllers\ComplianceInventoryController.php(204): view('compliance/checklist/index', [...])
 6 SYSTEMPATH\CodeIgniter.php(933): App\Controllers\ComplianceInventoryController->detail('36')
 7 SYSTEMPATH\CodeIgniter.php(507): CodeIgniter\CodeIgniter->runController(Object(App\Controllers\ComplianceInventoryController))
 8 SYSTEMPATH\CodeIgniter.php(354): CodeIgniter\CodeIgniter->handleRequest(null, Object(Config\Cache), false)
 9 SYSTEMPATH\Boot.php(363): CodeIgniter\CodeIgniter->run()
10 SYSTEMPATH\Boot.php(68): CodeIgniter\Boot::runCodeIgniter(Object(CodeIgniter\CodeIgniter))
11 FCPATH\index.php(59): CodeIgniter\Boot::bootWeb(Object(Config\Paths))
DEBUG - 2026-01-22 07:05:16 --> Session: Class initialized using 'CodeIgniter\Session\Handlers\FileHandler' driver.
CRITICAL - 2026-01-22 07:05:16 --> ErrorException: Undefined variable $isLocked
[Method: GET, Route: compliance/inventory/detail/36]
in APPPATH\Views\compliance\checklist\index.php on line 13.
 1 APPPATH\Views\compliance\checklist\index.php(13): CodeIgniter\Debug\Exceptions->errorHandler(2, 'Undefined variable $isLocked', 'C:\\xampp\\htdocs\\eams\\app\\Views\\compliance\\checklist\\index.php', 13)
 2 SYSTEMPATH\View\View.php(226): include('C:\\xampp\\htdocs\\eams\\app\\Views\\compliance\\checklist\\index.php')
 3 SYSTEMPATH\View\View.php(229): CodeIgniter\View\View->CodeIgniter\View\{closure}()
 4 SYSTEMPATH\Common.php(1199): CodeIgniter\View\View->render('compliance/checklist/index', [], true)
 5 APPPATH\Controllers\ComplianceInventoryController.php(204): view('compliance/checklist/index', [...])
 6 SYSTEMPATH\CodeIgniter.php(933): App\Controllers\ComplianceInventoryController->detail('36')
 7 SYSTEMPATH\CodeIgniter.php(507): CodeIgniter\CodeIgniter->runController(Object(App\Controllers\ComplianceInventoryController))
 8 SYSTEMPATH\CodeIgniter.php(354): CodeIgniter\CodeIgniter->handleRequest(null, Object(Config\Cache), false)
 9 SYSTEMPATH\Boot.php(363): CodeIgniter\CodeIgniter->run()
10 SYSTEMPATH\Boot.php(68): CodeIgniter\Boot::runCodeIgniter(Object(CodeIgniter\CodeIgniter))
11 FCPATH\index.php(59): CodeIgniter\Boot::bootWeb(Object(Config\Paths))
DEBUG - 2026-01-22 07:06:15 --> Session: Class initialized using 'CodeIgniter\Session\Handlers\FileHandler' driver.
CRITICAL - 2026-01-22 07:06:15 --> ErrorException: Undefined variable $isLocked
[Method: GET, Route: compliance/inventory/detail/36]
in APPPATH\Views\compliance\checklist\index.php on line 13.
 1 APPPATH\Views\compliance\checklist\index.php(13): CodeIgniter\Debug\Exceptions->errorHandler(2, 'Undefined variable $isLocked', 'C:\\xampp\\htdocs\\eams\\app\\Views\\compliance\\checklist\\index.php', 13)
 2 SYSTEMPATH\View\View.php(226): include('C:\\xampp\\htdocs\\eams\\app\\Views\\compliance\\checklist\\index.php')
 3 SYSTEMPATH\View\View.php(229): CodeIgniter\View\View->CodeIgniter\View\{closure}()
 4 SYSTEMPATH\Common.php(1199): CodeIgniter\View\View->render('compliance/checklist/index', [], true)
 5 APPPATH\Controllers\ComplianceInventoryController.php(204): view('compliance/checklist/index', [...])
 6 SYSTEMPATH\CodeIgniter.php(933): App\Controllers\ComplianceInventoryController->detail('36')
 7 SYSTEMPATH\CodeIgniter.php(507): CodeIgniter\CodeIgniter->runController(Object(App\Controllers\ComplianceInventoryController))
 8 SYSTEMPATH\CodeIgniter.php(354): CodeIgniter\CodeIgniter->handleRequest(null, Object(Config\Cache), false)
 9 SYSTEMPATH\Boot.php(363): CodeIgniter\CodeIgniter->run()
10 SYSTEMPATH\Boot.php(68): CodeIgniter\Boot::runCodeIgniter(Object(CodeIgniter\CodeIgniter))
11 FCPATH\index.php(59): CodeIgniter\Boot::bootWeb(Object(Config\Paths))
DEBUG - 2026-01-22 07:06:28 --> Session: Class initialized using 'CodeIgniter\Session\Handlers\FileHandler' driver.
DEBUG - 2026-01-22 07:06:31 --> Session: Class initialized using 'CodeIgniter\Session\Handlers\FileHandler' driver.
CRITICAL - 2026-01-22 07:06:31 --> ErrorException: Undefined variable $isLocked
[Method: GET, Route: compliance/inventory/detail/36]
in APPPATH\Views\compliance\checklist\index.php on line 13.
 1 APPPATH\Views\compliance\checklist\index.php(13): CodeIgniter\Debug\Exceptions->errorHandler(2, 'Undefined variable $isLocked', 'C:\\xampp\\htdocs\\eams\\app\\Views\\compliance\\checklist\\index.php', 13)
 2 SYSTEMPATH\View\View.php(226): include('C:\\xampp\\htdocs\\eams\\app\\Views\\compliance\\checklist\\index.php')
 3 SYSTEMPATH\View\View.php(229): CodeIgniter\View\View->CodeIgniter\View\{closure}()
 4 SYSTEMPATH\Common.php(1199): CodeIgniter\View\View->render('compliance/checklist/index', [], true)
 5 APPPATH\Controllers\ComplianceInventoryController.php(204): view('compliance/checklist/index', [...])
 6 SYSTEMPATH\CodeIgniter.php(933): App\Controllers\ComplianceInventoryController->detail('36')
 7 SYSTEMPATH\CodeIgniter.php(507): CodeIgniter\CodeIgniter->runController(Object(App\Controllers\ComplianceInventoryController))
 8 SYSTEMPATH\CodeIgniter.php(354): CodeIgniter\CodeIgniter->handleRequest(null, Object(Config\Cache), false)
 9 SYSTEMPATH\Boot.php(363): CodeIgniter\CodeIgniter->run()
10 SYSTEMPATH\Boot.php(68): CodeIgniter\Boot::runCodeIgniter(Object(CodeIgniter\CodeIgniter))
11 FCPATH\index.php(59): CodeIgniter\Boot::bootWeb(Object(Config\Paths))
DEBUG - 2026-01-22 07:07:58 --> Session: Class initialized using 'CodeIgniter\Session\Handlers\FileHandler' driver.
CRITICAL - 2026-01-22 07:07:58 --> ErrorException: Undefined variable $isLocked
[Method: GET, Route: compliance/inventory/detail/36]
in APPPATH\Views\compliance\checklist\index.php on line 13.
 1 APPPATH\Views\compliance\checklist\index.php(13): CodeIgniter\Debug\Exceptions->errorHandler(2, 'Undefined variable $isLocked', 'C:\\xampp\\htdocs\\eams\\app\\Views\\compliance\\checklist\\index.php', 13)
 2 SYSTEMPATH\View\View.php(226): include('C:\\xampp\\htdocs\\eams\\app\\Views\\compliance\\checklist\\index.php')
 3 SYSTEMPATH\View\View.php(229): CodeIgniter\View\View->CodeIgniter\View\{closure}()
 4 SYSTEMPATH\Common.php(1199): CodeIgniter\View\View->render('compliance/checklist/index', [], true)
 5 APPPATH\Controllers\ComplianceInventoryController.php(204): view('compliance/checklist/index', [...])
 6 SYSTEMPATH\CodeIgniter.php(933): App\Controllers\ComplianceInventoryController->detail('36')
 7 SYSTEMPATH\CodeIgniter.php(507): CodeIgniter\CodeIgniter->runController(Object(App\Controllers\ComplianceInventoryController))
 8 SYSTEMPATH\CodeIgniter.php(354): CodeIgniter\CodeIgniter->handleRequest(null, Object(Config\Cache), false)
 9 SYSTEMPATH\Boot.php(363): CodeIgniter\CodeIgniter->run()
10 SYSTEMPATH\Boot.php(68): CodeIgniter\Boot::runCodeIgniter(Object(CodeIgniter\CodeIgniter))
11 FCPATH\index.php(59): CodeIgniter\Boot::bootWeb(Object(Config\Paths))
DEBUG - 2026-01-22 07:07:59 --> Session: Class initialized using 'CodeIgniter\Session\Handlers\FileHandler' driver.
CRITICAL - 2026-01-22 07:07:59 --> ErrorException: Undefined variable $isLocked
[Method: GET, Route: compliance/inventory/detail/36]
in APPPATH\Views\compliance\checklist\index.php on line 13.
 1 APPPATH\Views\compliance\checklist\index.php(13): CodeIgniter\Debug\Exceptions->errorHandler(2, 'Undefined variable $isLocked', 'C:\\xampp\\htdocs\\eams\\app\\Views\\compliance\\checklist\\index.php', 13)
 2 SYSTEMPATH\View\View.php(226): include('C:\\xampp\\htdocs\\eams\\app\\Views\\compliance\\checklist\\index.php')
 3 SYSTEMPATH\View\View.php(229): CodeIgniter\View\View->CodeIgniter\View\{closure}()
 4 SYSTEMPATH\Common.php(1199): CodeIgniter\View\View->render('compliance/checklist/index', [], true)
 5 APPPATH\Controllers\ComplianceInventoryController.php(204): view('compliance/checklist/index', [...])
 6 SYSTEMPATH\CodeIgniter.php(933): App\Controllers\ComplianceInventoryController->detail('36')
 7 SYSTEMPATH\CodeIgniter.php(507): CodeIgniter\CodeIgniter->runController(Object(App\Controllers\ComplianceInventoryController))
 8 SYSTEMPATH\CodeIgniter.php(354): CodeIgniter\CodeIgniter->handleRequest(null, Object(Config\Cache), false)
 9 SYSTEMPATH\Boot.php(363): CodeIgniter\CodeIgniter->run()
10 SYSTEMPATH\Boot.php(68): CodeIgniter\Boot::runCodeIgniter(Object(CodeIgniter\CodeIgniter))
11 FCPATH\index.php(59): CodeIgniter\Boot::bootWeb(Object(Config\Paths))
DEBUG - 2026-01-22 07:08:29 --> Session: Class initialized using 'CodeIgniter\Session\Handlers\FileHandler' driver.
CRITICAL - 2026-01-22 07:08:29 --> ErrorException: Undefined variable $isLocked
[Method: GET, Route: compliance/inventory/detail/36]
in APPPATH\Views\compliance\checklist\index.php on line 13.
 1 APPPATH\Views\compliance\checklist\index.php(13): CodeIgniter\Debug\Exceptions->errorHandler(2, 'Undefined variable $isLocked', 'C:\\xampp\\htdocs\\eams\\app\\Views\\compliance\\checklist\\index.php', 13)
 2 SYSTEMPATH\View\View.php(226): include('C:\\xampp\\htdocs\\eams\\app\\Views\\compliance\\checklist\\index.php')
 3 SYSTEMPATH\View\View.php(229): CodeIgniter\View\View->CodeIgniter\View\{closure}()
 4 SYSTEMPATH\Common.php(1199): CodeIgniter\View\View->render('compliance/checklist/index', [], true)
 5 APPPATH\Controllers\ComplianceInventoryController.php(204): view('compliance/checklist/index', [...])
 6 SYSTEMPATH\CodeIgniter.php(933): App\Controllers\ComplianceInventoryController->detail('36')
 7 SYSTEMPATH\CodeIgniter.php(507): CodeIgniter\CodeIgniter->runController(Object(App\Controllers\ComplianceInventoryController))
 8 SYSTEMPATH\CodeIgniter.php(354): CodeIgniter\CodeIgniter->handleRequest(null, Object(Config\Cache), false)
 9 SYSTEMPATH\Boot.php(363): CodeIgniter\CodeIgniter->run()
10 SYSTEMPATH\Boot.php(68): CodeIgniter\Boot::runCodeIgniter(Object(CodeIgniter\CodeIgniter))
11 FCPATH\index.php(59): CodeIgniter\Boot::bootWeb(Object(Config\Paths))
DEBUG - 2026-01-22 07:08:30 --> Session: Class initialized using 'CodeIgniter\Session\Handlers\FileHandler' driver.
DEBUG - 2026-01-22 07:08:33 --> Session: Class initialized using 'CodeIgniter\Session\Handlers\FileHandler' driver.
DEBUG - 2026-01-22 07:08:35 --> Session: Class initialized using 'CodeIgniter\Session\Handlers\FileHandler' driver.
CRITICAL - 2026-01-22 07:08:35 --> ErrorException: Undefined variable $isLocked
[Method: GET, Route: compliance/inventory/detail/36]
in APPPATH\Views\compliance\checklist\index.php on line 13.
 1 APPPATH\Views\compliance\checklist\index.php(13): CodeIgniter\Debug\Exceptions->errorHandler(2, 'Undefined variable $isLocked', 'C:\\xampp\\htdocs\\eams\\app\\Views\\compliance\\checklist\\index.php', 13)
 2 SYSTEMPATH\View\View.php(226): include('C:\\xampp\\htdocs\\eams\\app\\Views\\compliance\\checklist\\index.php')
 3 SYSTEMPATH\View\View.php(229): CodeIgniter\View\View->CodeIgniter\View\{closure}()
 4 SYSTEMPATH\Common.php(1199): CodeIgniter\View\View->render('compliance/checklist/index', [], true)
 5 APPPATH\Controllers\ComplianceInventoryController.php(204): view('compliance/checklist/index', [...])
 6 SYSTEMPATH\CodeIgniter.php(933): App\Controllers\ComplianceInventoryController->detail('36')
 7 SYSTEMPATH\CodeIgniter.php(507): CodeIgniter\CodeIgniter->runController(Object(App\Controllers\ComplianceInventoryController))
 8 SYSTEMPATH\CodeIgniter.php(354): CodeIgniter\CodeIgniter->handleRequest(null, Object(Config\Cache), false)
 9 SYSTEMPATH\Boot.php(363): CodeIgniter\CodeIgniter->run()
10 SYSTEMPATH\Boot.php(68): CodeIgniter\Boot::runCodeIgniter(Object(CodeIgniter\CodeIgniter))
11 FCPATH\index.php(59): CodeIgniter\Boot::bootWeb(Object(Config\Paths))
DEBUG - 2026-01-22 07:08:54 --> Session: Class initialized using 'CodeIgniter\Session\Handlers\FileHandler' driver.
CRITICAL - 2026-01-22 07:08:54 --> ErrorException: Undefined variable $isLocked
[Method: GET, Route: compliance/inventory/detail/36]
in APPPATH\Views\compliance\checklist\index.php on line 13.
 1 APPPATH\Views\compliance\checklist\index.php(13): CodeIgniter\Debug\Exceptions->errorHandler(2, 'Undefined variable $isLocked', 'C:\\xampp\\htdocs\\eams\\app\\Views\\compliance\\checklist\\index.php', 13)
 2 SYSTEMPATH\View\View.php(226): include('C:\\xampp\\htdocs\\eams\\app\\Views\\compliance\\checklist\\index.php')
 3 SYSTEMPATH\View\View.php(229): CodeIgniter\View\View->CodeIgniter\View\{closure}()
 4 SYSTEMPATH\Common.php(1199): CodeIgniter\View\View->render('compliance/checklist/index', [], true)
 5 APPPATH\Controllers\ComplianceInventoryController.php(204): view('compliance/checklist/index', [...])
 6 SYSTEMPATH\CodeIgniter.php(933): App\Controllers\ComplianceInventoryController->detail('36')
 7 SYSTEMPATH\CodeIgniter.php(507): CodeIgniter\CodeIgniter->runController(Object(App\Controllers\ComplianceInventoryController))
 8 SYSTEMPATH\CodeIgniter.php(354): CodeIgniter\CodeIgniter->handleRequest(null, Object(Config\Cache), false)
 9 SYSTEMPATH\Boot.php(363): CodeIgniter\CodeIgniter->run()
10 SYSTEMPATH\Boot.php(68): CodeIgniter\Boot::runCodeIgniter(Object(CodeIgniter\CodeIgniter))
11 FCPATH\index.php(59): CodeIgniter\Boot::bootWeb(Object(Config\Paths))
DEBUG - 2026-01-22 07:10:27 --> Session: Class initialized using 'CodeIgniter\Session\Handlers\FileHandler' driver.
CRITICAL - 2026-01-22 07:10:27 --> ErrorException: Undefined variable $isLocked
[Method: GET, Route: compliance/inventory/detail/36]
in APPPATH\Views\compliance\checklist\index.php on line 13.
 1 APPPATH\Views\compliance\checklist\index.php(13): CodeIgniter\Debug\Exceptions->errorHandler(2, 'Undefined variable $isLocked', 'C:\\xampp\\htdocs\\eams\\app\\Views\\compliance\\checklist\\index.php', 13)
 2 SYSTEMPATH\View\View.php(226): include('C:\\xampp\\htdocs\\eams\\app\\Views\\compliance\\checklist\\index.php')
 3 SYSTEMPATH\View\View.php(229): CodeIgniter\View\View->CodeIgniter\View\{closure}()
 4 SYSTEMPATH\Common.php(1199): CodeIgniter\View\View->render('compliance/checklist/index', [], true)
 5 APPPATH\Controllers\ComplianceInventoryController.php(204): view('compliance/checklist/index', [...])
 6 SYSTEMPATH\CodeIgniter.php(933): App\Controllers\ComplianceInventoryController->detail('36')
 7 SYSTEMPATH\CodeIgniter.php(507): CodeIgniter\CodeIgniter->runController(Object(App\Controllers\ComplianceInventoryController))
 8 SYSTEMPATH\CodeIgniter.php(354): CodeIgniter\CodeIgniter->handleRequest(null, Object(Config\Cache), false)
 9 SYSTEMPATH\Boot.php(363): CodeIgniter\CodeIgniter->run()
10 SYSTEMPATH\Boot.php(68): CodeIgniter\Boot::runCodeIgniter(Object(CodeIgniter\CodeIgniter))
11 FCPATH\index.php(59): CodeIgniter\Boot::bootWeb(Object(Config\Paths))
DEBUG - 2026-01-22 07:10:29 --> Session: Class initialized using 'CodeIgniter\Session\Handlers\FileHandler' driver.
CRITICAL - 2026-01-22 07:10:29 --> ErrorException: Undefined variable $isLocked
[Method: GET, Route: compliance/inventory/detail/36]
in APPPATH\Views\compliance\checklist\index.php on line 13.
 1 APPPATH\Views\compliance\checklist\index.php(13): CodeIgniter\Debug\Exceptions->errorHandler(2, 'Undefined variable $isLocked', 'C:\\xampp\\htdocs\\eams\\app\\Views\\compliance\\checklist\\index.php', 13)
 2 SYSTEMPATH\View\View.php(226): include('C:\\xampp\\htdocs\\eams\\app\\Views\\compliance\\checklist\\index.php')
 3 SYSTEMPATH\View\View.php(229): CodeIgniter\View\View->CodeIgniter\View\{closure}()
 4 SYSTEMPATH\Common.php(1199): CodeIgniter\View\View->render('compliance/checklist/index', [], true)
 5 APPPATH\Controllers\ComplianceInventoryController.php(204): view('compliance/checklist/index', [...])
 6 SYSTEMPATH\CodeIgniter.php(933): App\Controllers\ComplianceInventoryController->detail('36')
 7 SYSTEMPATH\CodeIgniter.php(507): CodeIgniter\CodeIgniter->runController(Object(App\Controllers\ComplianceInventoryController))
 8 SYSTEMPATH\CodeIgniter.php(354): CodeIgniter\CodeIgniter->handleRequest(null, Object(Config\Cache), false)
 9 SYSTEMPATH\Boot.php(363): CodeIgniter\CodeIgniter->run()
10 SYSTEMPATH\Boot.php(68): CodeIgniter\Boot::runCodeIgniter(Object(CodeIgniter\CodeIgniter))
11 FCPATH\index.php(59): CodeIgniter\Boot::bootWeb(Object(Config\Paths))
DEBUG - 2026-01-22 07:10:30 --> Session: Class initialized using 'CodeIgniter\Session\Handlers\FileHandler' driver.
CRITICAL - 2026-01-22 07:10:30 --> ErrorException: Undefined variable $isLocked
[Method: GET, Route: compliance/inventory/detail/36]
in APPPATH\Views\compliance\checklist\index.php on line 13.
 1 APPPATH\Views\compliance\checklist\index.php(13): CodeIgniter\Debug\Exceptions->errorHandler(2, 'Undefined variable $isLocked', 'C:\\xampp\\htdocs\\eams\\app\\Views\\compliance\\checklist\\index.php', 13)
 2 SYSTEMPATH\View\View.php(226): include('C:\\xampp\\htdocs\\eams\\app\\Views\\compliance\\checklist\\index.php')
 3 SYSTEMPATH\View\View.php(229): CodeIgniter\View\View->CodeIgniter\View\{closure}()
 4 SYSTEMPATH\Common.php(1199): CodeIgniter\View\View->render('compliance/checklist/index', [], true)
 5 APPPATH\Controllers\ComplianceInventoryController.php(204): view('compliance/checklist/index', [...])
 6 SYSTEMPATH\CodeIgniter.php(933): App\Controllers\ComplianceInventoryController->detail('36')
 7 SYSTEMPATH\CodeIgniter.php(507): CodeIgniter\CodeIgniter->runController(Object(App\Controllers\ComplianceInventoryController))
 8 SYSTEMPATH\CodeIgniter.php(354): CodeIgniter\CodeIgniter->handleRequest(null, Object(Config\Cache), false)
 9 SYSTEMPATH\Boot.php(363): CodeIgniter\CodeIgniter->run()
10 SYSTEMPATH\Boot.php(68): CodeIgniter\Boot::runCodeIgniter(Object(CodeIgniter\CodeIgniter))
11 FCPATH\index.php(59): CodeIgniter\Boot::bootWeb(Object(Config\Paths))
DEBUG - 2026-01-22 07:11:09 --> Session: Class initialized using 'CodeIgniter\Session\Handlers\FileHandler' driver.
DEBUG - 2026-01-22 07:11:11 --> Session: Class initialized using 'CodeIgniter\Session\Handlers\FileHandler' driver.
CRITICAL - 2026-01-22 07:11:11 --> ErrorException: Undefined variable $isLocked
[Method: GET, Route: compliance/checklist/36]
in APPPATH\Views\compliance\checklist\index.php on line 13.
 1 APPPATH\Views\compliance\checklist\index.php(13): CodeIgniter\Debug\Exceptions->errorHandler(2, 'Undefined variable $isLocked', 'C:\\xampp\\htdocs\\eams\\app\\Views\\compliance\\checklist\\index.php', 13)
 2 SYSTEMPATH\View\View.php(226): include('C:\\xampp\\htdocs\\eams\\app\\Views\\compliance\\checklist\\index.php')
 3 SYSTEMPATH\View\View.php(229): CodeIgniter\View\View->CodeIgniter\View\{closure}()
 4 SYSTEMPATH\Common.php(1199): CodeIgniter\View\View->render('compliance/checklist/index', [], true)
 5 APPPATH\Controllers\ComplianceInventoryController.php(272): view('compliance/checklist/index', [...])
 6 SYSTEMPATH\CodeIgniter.php(933): App\Controllers\ComplianceInventoryController->checklist('36')
 7 SYSTEMPATH\CodeIgniter.php(507): CodeIgniter\CodeIgniter->runController(Object(App\Controllers\ComplianceInventoryController))
 8 SYSTEMPATH\CodeIgniter.php(354): CodeIgniter\CodeIgniter->handleRequest(null, Object(Config\Cache), false)
 9 SYSTEMPATH\Boot.php(363): CodeIgniter\CodeIgniter->run()
10 SYSTEMPATH\Boot.php(68): CodeIgniter\Boot::runCodeIgniter(Object(CodeIgniter\CodeIgniter))
11 FCPATH\index.php(59): CodeIgniter\Boot::bootWeb(Object(Config\Paths))
DEBUG - 2026-01-22 07:11:15 --> Session: Class initialized using 'CodeIgniter\Session\Handlers\FileHandler' driver.
DEBUG - 2026-01-22 07:11:36 --> Session: Class initialized using 'CodeIgniter\Session\Handlers\FileHandler' driver.
DEBUG - 2026-01-22 07:11:42 --> Session: Class initialized using 'CodeIgniter\Session\Handlers\FileHandler' driver.
DEBUG - 2026-01-22 07:12:00 --> Session: Class initialized using 'CodeIgniter\Session\Handlers\FileHandler' driver.
DEBUG - 2026-01-22 07:12:00 --> Session: Class initialized using 'CodeIgniter\Session\Handlers\FileHandler' driver.
DEBUG - 2026-01-22 07:12:09 --> Session: Class initialized using 'CodeIgniter\Session\Handlers\FileHandler' driver.
DEBUG - 2026-01-22 07:12:10 --> Session: Class initialized using 'CodeIgniter\Session\Handlers\FileHandler' driver.
DEBUG - 2026-01-22 07:12:12 --> Session: Class initialized using 'CodeIgniter\Session\Handlers\FileHandler' driver.
CRITICAL - 2026-01-22 07:12:12 --> CodeIgniter\Exceptions\BadMethodCallException: Call to undefined method App\Models\ComplianceChecklistLogModel::getLastChecksByInventory
[Method: GET, Route: compliance/dashboard]
in SYSTEMPATH\Model.php on line 927.
 1 APPPATH\Controllers\ComplianceDashboardController.php(45): CodeIgniter\Model->__call('getLastChecksByInventory', [...])
 2 SYSTEMPATH\CodeIgniter.php(933): App\Controllers\ComplianceDashboardController->index()
 3 SYSTEMPATH\CodeIgniter.php(507): CodeIgniter\CodeIgniter->runController(Object(App\Controllers\ComplianceDashboardController))
 4 SYSTEMPATH\CodeIgniter.php(354): CodeIgniter\CodeIgniter->handleRequest(null, Object(Config\Cache), false)
 5 SYSTEMPATH\Boot.php(363): CodeIgniter\CodeIgniter->run()
 6 SYSTEMPATH\Boot.php(68): CodeIgniter\Boot::runCodeIgniter(Object(CodeIgniter\CodeIgniter))
 7 FCPATH\index.php(59): CodeIgniter\Boot::bootWeb(Object(Config\Paths))
DEBUG - 2026-01-22 07:12:14 --> Session: Class initialized using 'CodeIgniter\Session\Handlers\FileHandler' driver.
DEBUG - 2026-01-22 07:12:17 --> Session: Class initialized using 'CodeIgniter\Session\Handlers\FileHandler' driver.
DEBUG - 2026-01-22 07:12:23 --> Session: Class initialized using 'CodeIgniter\Session\Handlers\FileHandler' driver.
DEBUG - 2026-01-22 07:14:51 --> Session: Class initialized using 'CodeIgniter\Session\Handlers\FileHandler' driver.
DEBUG - 2026-01-22 07:15:34 --> Session: Class initialized using 'CodeIgniter\Session\Handlers\FileHandler' driver.
DEBUG - 2026-01-22 07:15:48 --> Session: Class initialized using 'CodeIgniter\Session\Handlers\FileHandler' driver.
CRITICAL - 2026-01-22 07:15:48 --> ErrorException: Undefined array key "check_frequency"
[Method: GET, Route: compliance/checklist/36]
in APPPATH\Controllers\ComplianceInventoryController.php on line 262.
 1 APPPATH\Controllers\ComplianceInventoryController.php(262): CodeIgniter\Debug\Exceptions->errorHandler(2, 'Undefined array key "check_frequency"', 'C:\\xampp\\htdocs\\eams\\app\\Controllers\\ComplianceInventoryController.php', 262)
 2 SYSTEMPATH\CodeIgniter.php(933): App\Controllers\ComplianceInventoryController->checklist('36')
 3 SYSTEMPATH\CodeIgniter.php(507): CodeIgniter\CodeIgniter->runController(Object(App\Controllers\ComplianceInventoryController))
 4 SYSTEMPATH\CodeIgniter.php(354): CodeIgniter\CodeIgniter->handleRequest(null, Object(Config\Cache), false)
 5 SYSTEMPATH\Boot.php(363): CodeIgniter\CodeIgniter->run()
 6 SYSTEMPATH\Boot.php(68): CodeIgniter\Boot::runCodeIgniter(Object(CodeIgniter\CodeIgniter))
 7 FCPATH\index.php(59): CodeIgniter\Boot::bootWeb(Object(Config\Paths))
DEBUG - 2026-01-22 07:15:50 --> Session: Class initialized using 'CodeIgniter\Session\Handlers\FileHandler' driver.
DEBUG - 2026-01-22 07:16:01 --> Session: Class initialized using 'CodeIgniter\Session\Handlers\FileHandler' driver.
CRITICAL - 2026-01-22 07:16:01 --> ErrorException: Undefined array key "check_frequency"
[Method: GET, Route: compliance/checklist/36]
in APPPATH\Controllers\ComplianceInventoryController.php on line 262.
 1 APPPATH\Controllers\ComplianceInventoryController.php(262): CodeIgniter\Debug\Exceptions->errorHandler(2, 'Undefined array key "check_frequency"', 'C:\\xampp\\htdocs\\eams\\app\\Controllers\\ComplianceInventoryController.php', 262)
 2 SYSTEMPATH\CodeIgniter.php(933): App\Controllers\ComplianceInventoryController->checklist('36')
 3 SYSTEMPATH\CodeIgniter.php(507): CodeIgniter\CodeIgniter->runController(Object(App\Controllers\ComplianceInventoryController))
 4 SYSTEMPATH\CodeIgniter.php(354): CodeIgniter\CodeIgniter->handleRequest(null, Object(Config\Cache), false)
 5 SYSTEMPATH\Boot.php(363): CodeIgniter\CodeIgniter->run()
 6 SYSTEMPATH\Boot.php(68): CodeIgniter\Boot::runCodeIgniter(Object(CodeIgniter\CodeIgniter))
 7 FCPATH\index.php(59): CodeIgniter\Boot::bootWeb(Object(Config\Paths))
DEBUG - 2026-01-22 07:17:27 --> Session: Class initialized using 'CodeIgniter\Session\Handlers\FileHandler' driver.
CRITICAL - 2026-01-22 07:17:27 --> ErrorException: Undefined array key "check_frequency"
[Method: GET, Route: compliance/checklist/36]
in APPPATH\Controllers\ComplianceInventoryController.php on line 262.
 1 APPPATH\Controllers\ComplianceInventoryController.php(262): CodeIgniter\Debug\Exceptions->errorHandler(2, 'Undefined array key "check_frequency"', 'C:\\xampp\\htdocs\\eams\\app\\Controllers\\ComplianceInventoryController.php', 262)
 2 SYSTEMPATH\CodeIgniter.php(933): App\Controllers\ComplianceInventoryController->checklist('36')
 3 SYSTEMPATH\CodeIgniter.php(507): CodeIgniter\CodeIgniter->runController(Object(App\Controllers\ComplianceInventoryController))
 4 SYSTEMPATH\CodeIgniter.php(354): CodeIgniter\CodeIgniter->handleRequest(null, Object(Config\Cache), false)
 5 SYSTEMPATH\Boot.php(363): CodeIgniter\CodeIgniter->run()
 6 SYSTEMPATH\Boot.php(68): CodeIgniter\Boot::runCodeIgniter(Object(CodeIgniter\CodeIgniter))
 7 FCPATH\index.php(59): CodeIgniter\Boot::bootWeb(Object(Config\Paths))
DEBUG - 2026-01-22 07:17:28 --> Session: Class initialized using 'CodeIgniter\Session\Handlers\FileHandler' driver.
CRITICAL - 2026-01-22 07:17:29 --> ErrorException: Undefined array key "check_frequency"
[Method: GET, Route: compliance/checklist/36]
in APPPATH\Controllers\ComplianceInventoryController.php on line 262.
 1 APPPATH\Controllers\ComplianceInventoryController.php(262): CodeIgniter\Debug\Exceptions->errorHandler(2, 'Undefined array key "check_frequency"', 'C:\\xampp\\htdocs\\eams\\app\\Controllers\\ComplianceInventoryController.php', 262)
 2 SYSTEMPATH\CodeIgniter.php(933): App\Controllers\ComplianceInventoryController->checklist('36')
 3 SYSTEMPATH\CodeIgniter.php(507): CodeIgniter\CodeIgniter->runController(Object(App\Controllers\ComplianceInventoryController))
 4 SYSTEMPATH\CodeIgniter.php(354): CodeIgniter\CodeIgniter->handleRequest(null, Object(Config\Cache), false)
 5 SYSTEMPATH\Boot.php(363): CodeIgniter\CodeIgniter->run()
 6 SYSTEMPATH\Boot.php(68): CodeIgniter\Boot::runCodeIgniter(Object(CodeIgniter\CodeIgniter))
 7 FCPATH\index.php(59): CodeIgniter\Boot::bootWeb(Object(Config\Paths))
DEBUG - 2026-01-22 07:20:37 --> Session: Class initialized using 'CodeIgniter\Session\Handlers\FileHandler' driver.
CRITICAL - 2026-01-22 07:20:37 --> ErrorException: Undefined array key "check_frequency"
[Method: GET, Route: compliance/checklist/36]
in APPPATH\Controllers\ComplianceInventoryController.php on line 276.
 1 APPPATH\Controllers\ComplianceInventoryController.php(276): CodeIgniter\Debug\Exceptions->errorHandler(2, 'Undefined array key "check_frequency"', 'C:\\xampp\\htdocs\\eams\\app\\Controllers\\ComplianceInventoryController.php', 276)
 2 SYSTEMPATH\CodeIgniter.php(933): App\Controllers\ComplianceInventoryController->checklist('36')
 3 SYSTEMPATH\CodeIgniter.php(507): CodeIgniter\CodeIgniter->runController(Object(App\Controllers\ComplianceInventoryController))
 4 SYSTEMPATH\CodeIgniter.php(354): CodeIgniter\CodeIgniter->handleRequest(null, Object(Config\Cache), false)
 5 SYSTEMPATH\Boot.php(363): CodeIgniter\CodeIgniter->run()
 6 SYSTEMPATH\Boot.php(68): CodeIgniter\Boot::runCodeIgniter(Object(CodeIgniter\CodeIgniter))
 7 FCPATH\index.php(59): CodeIgniter\Boot::bootWeb(Object(Config\Paths))
DEBUG - 2026-01-22 07:20:53 --> Session: Class initialized using 'CodeIgniter\Session\Handlers\FileHandler' driver.
DEBUG - 2026-01-22 07:21:31 --> Session: Class initialized using 'CodeIgniter\Session\Handlers\FileHandler' driver.
DEBUG - 2026-01-22 07:21:58 --> Session: Class initialized using 'CodeIgniter\Session\Handlers\FileHandler' driver.
DEBUG - 2026-01-22 07:22:03 --> Session: Class initialized using 'CodeIgniter\Session\Handlers\FileHandler' driver.
DEBUG - 2026-01-22 07:22:04 --> Session: Class initialized using 'CodeIgniter\Session\Handlers\FileHandler' driver.
DEBUG - 2026-01-22 07:22:06 --> Session: Class initialized using 'CodeIgniter\Session\Handlers\FileHandler' driver.
DEBUG - 2026-01-22 07:23:14 --> Session: Class initialized using 'CodeIgniter\Session\Handlers\FileHandler' driver.
DEBUG - 2026-01-22 07:25:06 --> Session: Class initialized using 'CodeIgniter\Session\Handlers\FileHandler' driver.
DEBUG - 2026-01-22 07:25:09 --> Session: Class initialized using 'CodeIgniter\Session\Handlers\FileHandler' driver.
DEBUG - 2026-01-22 07:28:23 --> Session: Class initialized using 'CodeIgniter\Session\Handlers\FileHandler' driver.
DEBUG - 2026-01-22 07:28:26 --> Session: Class initialized using 'CodeIgniter\Session\Handlers\FileHandler' driver.
DEBUG - 2026-01-22 07:29:05 --> Session: Class initialized using 'CodeIgniter\Session\Handlers\FileHandler' driver.
DEBUG - 2026-01-22 07:29:08 --> Session: Class initialized using 'CodeIgniter\Session\Handlers\FileHandler' driver.
DEBUG - 2026-01-22 07:29:13 --> Session: Class initialized using 'CodeIgniter\Session\Handlers\FileHandler' driver.
DEBUG - 2026-01-22 07:29:15 --> Session: Class initialized using 'CodeIgniter\Session\Handlers\FileHandler' driver.
DEBUG - 2026-01-22 07:29:29 --> Session: Class initialized using 'CodeIgniter\Session\Handlers\FileHandler' driver.
DEBUG - 2026-01-22 07:29:32 --> Session: Class initialized using 'CodeIgniter\Session\Handlers\FileHandler' driver.
DEBUG - 2026-01-22 07:29:55 --> Session: Class initialized using 'CodeIgniter\Session\Handlers\FileHandler' driver.
DEBUG - 2026-01-22 07:29:56 --> Session: Class initialized using 'CodeIgniter\Session\Handlers\FileHandler' driver.
DEBUG - 2026-01-22 07:44:15 --> Session: Class initialized using 'CodeIgniter\Session\Handlers\FileHandler' driver.
DEBUG - 2026-01-22 07:44:30 --> Session: Class initialized using 'CodeIgniter\Session\Handlers\FileHandler' driver.
DEBUG - 2026-01-22 07:44:33 --> Session: Class initialized using 'CodeIgniter\Session\Handlers\FileHandler' driver.
DEBUG - 2026-01-22 07:45:59 --> Session: Class initialized using 'CodeIgniter\Session\Handlers\FileHandler' driver.
DEBUG - 2026-01-22 07:46:04 --> Session: Class initialized using 'CodeIgniter\Session\Handlers\FileHandler' driver.
DEBUG - 2026-01-22 07:53:11 --> Session: Class initialized using 'CodeIgniter\Session\Handlers\FileHandler' driver.
DEBUG - 2026-01-22 07:53:12 --> Session: Class initialized using 'CodeIgniter\Session\Handlers\FileHandler' driver.
DEBUG - 2026-01-22 07:53:20 --> Session: Class initialized using 'CodeIgniter\Session\Handlers\FileHandler' driver.
DEBUG - 2026-01-22 07:53:24 --> Session: Class initialized using 'CodeIgniter\Session\Handlers\FileHandler' driver.
DEBUG - 2026-01-22 07:54:56 --> Session: Class initialized using 'CodeIgniter\Session\Handlers\FileHandler' driver.
DEBUG - 2026-01-22 07:55:01 --> Session: Class initialized using 'CodeIgniter\Session\Handlers\FileHandler' driver.
DEBUG - 2026-01-22 07:55:05 --> Session: Class initialized using 'CodeIgniter\Session\Handlers\FileHandler' driver.
DEBUG - 2026-01-22 07:55:09 --> Session: Class initialized using 'CodeIgniter\Session\Handlers\FileHandler' driver.
DEBUG - 2026-01-22 07:55:09 --> Session: Class initialized using 'CodeIgniter\Session\Handlers\FileHandler' driver.
DEBUG - 2026-01-22 07:55:13 --> Session: Class initialized using 'CodeIgniter\Session\Handlers\FileHandler' driver.
DEBUG - 2026-01-22 07:55:23 --> Session: Class initialized using 'CodeIgniter\Session\Handlers\FileHandler' driver.
DEBUG - 2026-01-22 08:03:33 --> Session: Class initialized using 'CodeIgniter\Session\Handlers\FileHandler' driver.
DEBUG - 2026-01-22 08:05:03 --> Session: Class initialized using 'CodeIgniter\Session\Handlers\FileHandler' driver.
DEBUG - 2026-01-22 08:05:08 --> Session: Class initialized using 'CodeIgniter\Session\Handlers\FileHandler' driver.
DEBUG - 2026-01-22 08:05:23 --> Session: Class initialized using 'CodeIgniter\Session\Handlers\FileHandler' driver.
DEBUG - 2026-01-22 08:05:27 --> Session: Class initialized using 'CodeIgniter\Session\Handlers\FileHandler' driver.
CRITICAL - 2026-01-22 08:05:27 --> ErrorException: Undefined array key "status"
[Method: GET, Route: compliance/inventory/detail/36]
in APPPATH\Views\compliance\inventory\detail.php on line 125.
 1 APPPATH\Views\compliance\inventory\detail.php(125): CodeIgniter\Debug\Exceptions->errorHandler(2, 'Undefined array key "status"', 'C:\\xampp\\htdocs\\eams\\app\\Views\\compliance\\inventory\\detail.php', 125)
 2 SYSTEMPATH\View\View.php(226): include('C:\\xampp\\htdocs\\eams\\app\\Views\\compliance\\inventory\\detail.php')
 3 SYSTEMPATH\View\View.php(229): CodeIgniter\View\View->CodeIgniter\View\{closure}()
 4 SYSTEMPATH\Common.php(1199): CodeIgniter\View\View->render('compliance/inventory/detail', [], true)
 5 APPPATH\Controllers\ComplianceInventoryController.php(199): view('compliance/inventory/detail', [...])
 6 SYSTEMPATH\CodeIgniter.php(933): App\Controllers\ComplianceInventoryController->detail('36')
 7 SYSTEMPATH\CodeIgniter.php(507): CodeIgniter\CodeIgniter->runController(Object(App\Controllers\ComplianceInventoryController))
 8 SYSTEMPATH\CodeIgniter.php(354): CodeIgniter\CodeIgniter->handleRequest(null, Object(Config\Cache), false)
 9 SYSTEMPATH\Boot.php(363): CodeIgniter\CodeIgniter->run()
10 SYSTEMPATH\Boot.php(68): CodeIgniter\Boot::runCodeIgniter(Object(CodeIgniter\CodeIgniter))
11 FCPATH\index.php(59): CodeIgniter\Boot::bootWeb(Object(Config\Paths))
DEBUG - 2026-01-22 08:11:14 --> Session: Class initialized using 'CodeIgniter\Session\Handlers\FileHandler' driver.
CRITICAL - 2026-01-22 08:11:14 --> ErrorException: Undefined array key "status"
[Method: GET, Route: compliance/inventory/detail/36]
in APPPATH\Views\compliance\inventory\detail.php on line 125.
 1 APPPATH\Views\compliance\inventory\detail.php(125): CodeIgniter\Debug\Exceptions->errorHandler(2, 'Undefined array key "status"', 'C:\\xampp\\htdocs\\eams\\app\\Views\\compliance\\inventory\\detail.php', 125)
 2 SYSTEMPATH\View\View.php(226): include('C:\\xampp\\htdocs\\eams\\app\\Views\\compliance\\inventory\\detail.php')
 3 SYSTEMPATH\View\View.php(229): CodeIgniter\View\View->CodeIgniter\View\{closure}()
 4 SYSTEMPATH\Common.php(1199): CodeIgniter\View\View->render('compliance/inventory/detail', [], true)
 5 APPPATH\Controllers\ComplianceInventoryController.php(199): view('compliance/inventory/detail', [...])
 6 SYSTEMPATH\CodeIgniter.php(933): App\Controllers\ComplianceInventoryController->detail('36')
 7 SYSTEMPATH\CodeIgniter.php(507): CodeIgniter\CodeIgniter->runController(Object(App\Controllers\ComplianceInventoryController))
 8 SYSTEMPATH\CodeIgniter.php(354): CodeIgniter\CodeIgniter->handleRequest(null, Object(Config\Cache), false)
 9 SYSTEMPATH\Boot.php(363): CodeIgniter\CodeIgniter->run()
10 SYSTEMPATH\Boot.php(68): CodeIgniter\Boot::runCodeIgniter(Object(CodeIgniter\CodeIgniter))
11 FCPATH\index.php(59): CodeIgniter\Boot::bootWeb(Object(Config\Paths))
DEBUG - 2026-01-22 08:11:19 --> Session: Class initialized using 'CodeIgniter\Session\Handlers\FileHandler' driver.
CRITICAL - 2026-01-22 08:11:19 --> ErrorException: Undefined array key "status"
[Method: GET, Route: compliance/inventory/detail/38]
in APPPATH\Views\compliance\inventory\detail.php on line 125.
 1 APPPATH\Views\compliance\inventory\detail.php(125): CodeIgniter\Debug\Exceptions->errorHandler(2, 'Undefined array key "status"', 'C:\\xampp\\htdocs\\eams\\app\\Views\\compliance\\inventory\\detail.php', 125)
 2 SYSTEMPATH\View\View.php(226): include('C:\\xampp\\htdocs\\eams\\app\\Views\\compliance\\inventory\\detail.php')
 3 SYSTEMPATH\View\View.php(229): CodeIgniter\View\View->CodeIgniter\View\{closure}()
 4 SYSTEMPATH\Common.php(1199): CodeIgniter\View\View->render('compliance/inventory/detail', [], true)
 5 APPPATH\Controllers\ComplianceInventoryController.php(199): view('compliance/inventory/detail', [...])
 6 SYSTEMPATH\CodeIgniter.php(933): App\Controllers\ComplianceInventoryController->detail('38')
 7 SYSTEMPATH\CodeIgniter.php(507): CodeIgniter\CodeIgniter->runController(Object(App\Controllers\ComplianceInventoryController))
 8 SYSTEMPATH\CodeIgniter.php(354): CodeIgniter\CodeIgniter->handleRequest(null, Object(Config\Cache), false)
 9 SYSTEMPATH\Boot.php(363): CodeIgniter\CodeIgniter->run()
10 SYSTEMPATH\Boot.php(68): CodeIgniter\Boot::runCodeIgniter(Object(CodeIgniter\CodeIgniter))
11 FCPATH\index.php(59): CodeIgniter\Boot::bootWeb(Object(Config\Paths))
DEBUG - 2026-01-22 08:11:26 --> Session: Class initialized using 'CodeIgniter\Session\Handlers\FileHandler' driver.
CRITICAL - 2026-01-22 08:11:26 --> ErrorException: Undefined array key "status"
[Method: GET, Route: compliance/inventory/detail/37]
in APPPATH\Views\compliance\inventory\detail.php on line 125.
 1 APPPATH\Views\compliance\inventory\detail.php(125): CodeIgniter\Debug\Exceptions->errorHandler(2, 'Undefined array key "status"', 'C:\\xampp\\htdocs\\eams\\app\\Views\\compliance\\inventory\\detail.php', 125)
 2 SYSTEMPATH\View\View.php(226): include('C:\\xampp\\htdocs\\eams\\app\\Views\\compliance\\inventory\\detail.php')
 3 SYSTEMPATH\View\View.php(229): CodeIgniter\View\View->CodeIgniter\View\{closure}()
 4 SYSTEMPATH\Common.php(1199): CodeIgniter\View\View->render('compliance/inventory/detail', [], true)
 5 APPPATH\Controllers\ComplianceInventoryController.php(199): view('compliance/inventory/detail', [...])
 6 SYSTEMPATH\CodeIgniter.php(933): App\Controllers\ComplianceInventoryController->detail('37')
 7 SYSTEMPATH\CodeIgniter.php(507): CodeIgniter\CodeIgniter->runController(Object(App\Controllers\ComplianceInventoryController))
 8 SYSTEMPATH\CodeIgniter.php(354): CodeIgniter\CodeIgniter->handleRequest(null, Object(Config\Cache), false)
 9 SYSTEMPATH\Boot.php(363): CodeIgniter\CodeIgniter->run()
10 SYSTEMPATH\Boot.php(68): CodeIgniter\Boot::runCodeIgniter(Object(CodeIgniter\CodeIgniter))
11 FCPATH\index.php(59): CodeIgniter\Boot::bootWeb(Object(Config\Paths))
DEBUG - 2026-01-22 08:11:37 --> Session: Class initialized using 'CodeIgniter\Session\Handlers\FileHandler' driver.
CRITICAL - 2026-01-22 08:11:37 --> ErrorException: Undefined array key "status"
[Method: GET, Route: compliance/inventory/detail/37]
in APPPATH\Views\compliance\inventory\detail.php on line 125.
 1 APPPATH\Views\compliance\inventory\detail.php(125): CodeIgniter\Debug\Exceptions->errorHandler(2, 'Undefined array key "status"', 'C:\\xampp\\htdocs\\eams\\app\\Views\\compliance\\inventory\\detail.php', 125)
 2 SYSTEMPATH\View\View.php(226): include('C:\\xampp\\htdocs\\eams\\app\\Views\\compliance\\inventory\\detail.php')
 3 SYSTEMPATH\View\View.php(229): CodeIgniter\View\View->CodeIgniter\View\{closure}()
 4 SYSTEMPATH\Common.php(1199): CodeIgniter\View\View->render('compliance/inventory/detail', [], true)
 5 APPPATH\Controllers\ComplianceInventoryController.php(199): view('compliance/inventory/detail', [...])
 6 SYSTEMPATH\CodeIgniter.php(933): App\Controllers\ComplianceInventoryController->detail('37')
 7 SYSTEMPATH\CodeIgniter.php(507): CodeIgniter\CodeIgniter->runController(Object(App\Controllers\ComplianceInventoryController))
 8 SYSTEMPATH\CodeIgniter.php(354): CodeIgniter\CodeIgniter->handleRequest(null, Object(Config\Cache), false)
 9 SYSTEMPATH\Boot.php(363): CodeIgniter\CodeIgniter->run()
10 SYSTEMPATH\Boot.php(68): CodeIgniter\Boot::runCodeIgniter(Object(CodeIgniter\CodeIgniter))
11 FCPATH\index.php(59): CodeIgniter\Boot::bootWeb(Object(Config\Paths))
DEBUG - 2026-01-22 08:11:50 --> Session: Class initialized using 'CodeIgniter\Session\Handlers\FileHandler' driver.
CRITICAL - 2026-01-22 08:11:50 --> ErrorException: Undefined array key "status"
[Method: GET, Route: compliance/inventory/detail/38]
in APPPATH\Views\compliance\inventory\detail.php on line 125.
 1 APPPATH\Views\compliance\inventory\detail.php(125): CodeIgniter\Debug\Exceptions->errorHandler(2, 'Undefined array key "status"', 'C:\\xampp\\htdocs\\eams\\app\\Views\\compliance\\inventory\\detail.php', 125)
 2 SYSTEMPATH\View\View.php(226): include('C:\\xampp\\htdocs\\eams\\app\\Views\\compliance\\inventory\\detail.php')
 3 SYSTEMPATH\View\View.php(229): CodeIgniter\View\View->CodeIgniter\View\{closure}()
 4 SYSTEMPATH\Common.php(1199): CodeIgniter\View\View->render('compliance/inventory/detail', [], true)
 5 APPPATH\Controllers\ComplianceInventoryController.php(199): view('compliance/inventory/detail', [...])
 6 SYSTEMPATH\CodeIgniter.php(933): App\Controllers\ComplianceInventoryController->detail('38')
 7 SYSTEMPATH\CodeIgniter.php(507): CodeIgniter\CodeIgniter->runController(Object(App\Controllers\ComplianceInventoryController))
 8 SYSTEMPATH\CodeIgniter.php(354): CodeIgniter\CodeIgniter->handleRequest(null, Object(Config\Cache), false)
 9 SYSTEMPATH\Boot.php(363): CodeIgniter\CodeIgniter->run()
10 SYSTEMPATH\Boot.php(68): CodeIgniter\Boot::runCodeIgniter(Object(CodeIgniter\CodeIgniter))
11 FCPATH\index.php(59): CodeIgniter\Boot::bootWeb(Object(Config\Paths))
DEBUG - 2026-01-22 08:11:57 --> Session: Class initialized using 'CodeIgniter\Session\Handlers\FileHandler' driver.
DEBUG - 2026-01-22 08:11:58 --> Session: Class initialized using 'CodeIgniter\Session\Handlers\FileHandler' driver.
CRITICAL - 2026-01-22 08:11:58 --> CodeIgniter\Exceptions\BadMethodCallException: Call to undefined method App\Models\ComplianceChecklistLogModel::getLastChecksByInventory
[Method: GET, Route: compliance/dashboard]
in SYSTEMPATH\Model.php on line 927.
 1 APPPATH\Controllers\ComplianceDashboardController.php(45): CodeIgniter\Model->__call('getLastChecksByInventory', [...])
 2 SYSTEMPATH\CodeIgniter.php(933): App\Controllers\ComplianceDashboardController->index()
 3 SYSTEMPATH\CodeIgniter.php(507): CodeIgniter\CodeIgniter->runController(Object(App\Controllers\ComplianceDashboardController))
 4 SYSTEMPATH\CodeIgniter.php(354): CodeIgniter\CodeIgniter->handleRequest(null, Object(Config\Cache), false)
 5 SYSTEMPATH\Boot.php(363): CodeIgniter\CodeIgniter->run()
 6 SYSTEMPATH\Boot.php(68): CodeIgniter\Boot::runCodeIgniter(Object(CodeIgniter\CodeIgniter))
 7 FCPATH\index.php(59): CodeIgniter\Boot::bootWeb(Object(Config\Paths))
DEBUG - 2026-01-22 08:12:05 --> Session: Class initialized using 'CodeIgniter\Session\Handlers\FileHandler' driver.
DEBUG - 2026-01-22 08:12:08 --> Session: Class initialized using 'CodeIgniter\Session\Handlers\FileHandler' driver.
DEBUG - 2026-01-22 08:12:19 --> Session: Class initialized using 'CodeIgniter\Session\Handlers\FileHandler' driver.
CRITICAL - 2026-01-22 08:12:19 --> ErrorException: Undefined array key "status"
[Method: GET, Route: compliance/inventory/detail/36]
in APPPATH\Views\compliance\inventory\detail.php on line 125.
 1 APPPATH\Views\compliance\inventory\detail.php(125): CodeIgniter\Debug\Exceptions->errorHandler(2, 'Undefined array key "status"', 'C:\\xampp\\htdocs\\eams\\app\\Views\\compliance\\inventory\\detail.php', 125)
 2 SYSTEMPATH\View\View.php(226): include('C:\\xampp\\htdocs\\eams\\app\\Views\\compliance\\inventory\\detail.php')
 3 SYSTEMPATH\View\View.php(229): CodeIgniter\View\View->CodeIgniter\View\{closure}()
 4 SYSTEMPATH\Common.php(1199): CodeIgniter\View\View->render('compliance/inventory/detail', [], true)
 5 APPPATH\Controllers\ComplianceInventoryController.php(199): view('compliance/inventory/detail', [...])
 6 SYSTEMPATH\CodeIgniter.php(933): App\Controllers\ComplianceInventoryController->detail('36')
 7 SYSTEMPATH\CodeIgniter.php(507): CodeIgniter\CodeIgniter->runController(Object(App\Controllers\ComplianceInventoryController))
 8 SYSTEMPATH\CodeIgniter.php(354): CodeIgniter\CodeIgniter->handleRequest(null, Object(Config\Cache), false)
 9 SYSTEMPATH\Boot.php(363): CodeIgniter\CodeIgniter->run()
10 SYSTEMPATH\Boot.php(68): CodeIgniter\Boot::runCodeIgniter(Object(CodeIgniter\CodeIgniter))
11 FCPATH\index.php(59): CodeIgniter\Boot::bootWeb(Object(Config\Paths))
DEBUG - 2026-01-22 08:12:21 --> Session: Class initialized using 'CodeIgniter\Session\Handlers\FileHandler' driver.
DEBUG - 2026-01-22 08:12:23 --> Session: Class initialized using 'CodeIgniter\Session\Handlers\FileHandler' driver.
CRITICAL - 2026-01-22 08:12:23 --> ErrorException: Undefined array key "status"
[Method: GET, Route: compliance/inventory/detail/37]
in APPPATH\Views\compliance\inventory\detail.php on line 125.
 1 APPPATH\Views\compliance\inventory\detail.php(125): CodeIgniter\Debug\Exceptions->errorHandler(2, 'Undefined array key "status"', 'C:\\xampp\\htdocs\\eams\\app\\Views\\compliance\\inventory\\detail.php', 125)
 2 SYSTEMPATH\View\View.php(226): include('C:\\xampp\\htdocs\\eams\\app\\Views\\compliance\\inventory\\detail.php')
 3 SYSTEMPATH\View\View.php(229): CodeIgniter\View\View->CodeIgniter\View\{closure}()
 4 SYSTEMPATH\Common.php(1199): CodeIgniter\View\View->render('compliance/inventory/detail', [], true)
 5 APPPATH\Controllers\ComplianceInventoryController.php(199): view('compliance/inventory/detail', [...])
 6 SYSTEMPATH\CodeIgniter.php(933): App\Controllers\ComplianceInventoryController->detail('37')
 7 SYSTEMPATH\CodeIgniter.php(507): CodeIgniter\CodeIgniter->runController(Object(App\Controllers\ComplianceInventoryController))
 8 SYSTEMPATH\CodeIgniter.php(354): CodeIgniter\CodeIgniter->handleRequest(null, Object(Config\Cache), false)
 9 SYSTEMPATH\Boot.php(363): CodeIgniter\CodeIgniter->run()
10 SYSTEMPATH\Boot.php(68): CodeIgniter\Boot::runCodeIgniter(Object(CodeIgniter\CodeIgniter))
11 FCPATH\index.php(59): CodeIgniter\Boot::bootWeb(Object(Config\Paths))
DEBUG - 2026-01-22 08:20:39 --> Session: Class initialized using 'CodeIgniter\Session\Handlers\FileHandler' driver.
DEBUG - 2026-01-22 08:26:24 --> Session: Class initialized using 'CodeIgniter\Session\Handlers\FileHandler' driver.
DEBUG - 2026-01-22 08:26:38 --> Session: Class initialized using 'CodeIgniter\Session\Handlers\FileHandler' driver.
DEBUG - 2026-01-22 08:27:05 --> Session: Class initialized using 'CodeIgniter\Session\Handlers\FileHandler' driver.
DEBUG - 2026-01-22 08:27:09 --> Session: Class initialized using 'CodeIgniter\Session\Handlers\FileHandler' driver.
DEBUG - 2026-01-22 08:27:12 --> Session: Class initialized using 'CodeIgniter\Session\Handlers\FileHandler' driver.
DEBUG - 2026-01-22 08:32:19 --> Session: Class initialized using 'CodeIgniter\Session\Handlers\FileHandler' driver.
DEBUG - 2026-01-22 08:36:21 --> Session: Class initialized using 'CodeIgniter\Session\Handlers\FileHandler' driver.
DEBUG - 2026-01-22 08:36:24 --> Session: Class initialized using 'CodeIgniter\Session\Handlers\FileHandler' driver.
DEBUG - 2026-01-22 08:37:53 --> Session: Class initialized using 'CodeIgniter\Session\Handlers\FileHandler' driver.
DEBUG - 2026-01-22 08:37:57 --> Session: Class initialized using 'CodeIgniter\Session\Handlers\FileHandler' driver.
CRITICAL - 2026-01-22 08:37:57 --> ErrorException: Undefined variable $period_label
[Method: GET, Route: compliance/checklist/37]
in APPPATH\Views\compliance\checklist\index.php on line 12.
 1 APPPATH\Views\compliance\checklist\index.php(12): CodeIgniter\Debug\Exceptions->errorHandler(2, 'Undefined variable $period_label', 'C:\\xampp\\htdocs\\eams\\app\\Views\\compliance\\checklist\\index.php', 12)
 2 SYSTEMPATH\View\View.php(226): include('C:\\xampp\\htdocs\\eams\\app\\Views\\compliance\\checklist\\index.php')
 3 SYSTEMPATH\View\View.php(229): CodeIgniter\View\View->CodeIgniter\View\{closure}()
 4 SYSTEMPATH\Common.php(1199): CodeIgniter\View\View->render('compliance/checklist/index', [], true)
 5 APPPATH\Controllers\ComplianceInventoryController.php(315): view('compliance/checklist/index', [...])
 6 SYSTEMPATH\CodeIgniter.php(933): App\Controllers\ComplianceInventoryController->checklist('37')
 7 SYSTEMPATH\CodeIgniter.php(507): CodeIgniter\CodeIgniter->runController(Object(App\Controllers\ComplianceInventoryController))
 8 SYSTEMPATH\CodeIgniter.php(354): CodeIgniter\CodeIgniter->handleRequest(null, Object(Config\Cache), false)
 9 SYSTEMPATH\Boot.php(363): CodeIgniter\CodeIgniter->run()
10 SYSTEMPATH\Boot.php(68): CodeIgniter\Boot::runCodeIgniter(Object(CodeIgniter\CodeIgniter))
11 FCPATH\index.php(59): CodeIgniter\Boot::bootWeb(Object(Config\Paths))
DEBUG - 2026-01-22 08:38:03 --> Session: Class initialized using 'CodeIgniter\Session\Handlers\FileHandler' driver.
DEBUG - 2026-01-22 08:39:47 --> Session: Class initialized using 'CodeIgniter\Session\Handlers\FileHandler' driver.
DEBUG - 2026-01-22 08:39:50 --> Session: Class initialized using 'CodeIgniter\Session\Handlers\FileHandler' driver.
DEBUG - 2026-01-22 08:39:51 --> Session: Class initialized using 'CodeIgniter\Session\Handlers\FileHandler' driver.
CRITICAL - 2026-01-22 08:39:51 --> ErrorException: Undefined variable $period_label
[Method: GET, Route: compliance/checklist/36]
in APPPATH\Views\compliance\checklist\index.php on line 12.
 1 APPPATH\Views\compliance\checklist\index.php(12): CodeIgniter\Debug\Exceptions->errorHandler(2, 'Undefined variable $period_label', 'C:\\xampp\\htdocs\\eams\\app\\Views\\compliance\\checklist\\index.php', 12)
 2 SYSTEMPATH\View\View.php(226): include('C:\\xampp\\htdocs\\eams\\app\\Views\\compliance\\checklist\\index.php')
 3 SYSTEMPATH\View\View.php(229): CodeIgniter\View\View->CodeIgniter\View\{closure}()
 4 SYSTEMPATH\Common.php(1199): CodeIgniter\View\View->render('compliance/checklist/index', [], true)
 5 APPPATH\Controllers\ComplianceInventoryController.php(315): view('compliance/checklist/index', [...])
 6 SYSTEMPATH\CodeIgniter.php(933): App\Controllers\ComplianceInventoryController->checklist('36')
 7 SYSTEMPATH\CodeIgniter.php(507): CodeIgniter\CodeIgniter->runController(Object(App\Controllers\ComplianceInventoryController))
 8 SYSTEMPATH\CodeIgniter.php(354): CodeIgniter\CodeIgniter->handleRequest(null, Object(Config\Cache), false)
 9 SYSTEMPATH\Boot.php(363): CodeIgniter\CodeIgniter->run()
10 SYSTEMPATH\Boot.php(68): CodeIgniter\Boot::runCodeIgniter(Object(CodeIgniter\CodeIgniter))
11 FCPATH\index.php(59): CodeIgniter\Boot::bootWeb(Object(Config\Paths))
DEBUG - 2026-01-22 08:39:54 --> Session: Class initialized using 'CodeIgniter\Session\Handlers\FileHandler' driver.
DEBUG - 2026-01-22 08:46:46 --> Session: Class initialized using 'CodeIgniter\Session\Handlers\FileHandler' driver.
DEBUG - 2026-01-22 08:47:15 --> Session: Class initialized using 'CodeIgniter\Session\Handlers\FileHandler' driver.
CRITICAL - 2026-01-22 08:47:15 --> ErrorException: Undefined variable $period_label
[Method: GET, Route: compliance/checklist/36]
in APPPATH\Views\compliance\checklist\index.php on line 12.
 1 APPPATH\Views\compliance\checklist\index.php(12): CodeIgniter\Debug\Exceptions->errorHandler(2, 'Undefined variable $period_label', 'C:\\xampp\\htdocs\\eams\\app\\Views\\compliance\\checklist\\index.php', 12)
 2 SYSTEMPATH\View\View.php(226): include('C:\\xampp\\htdocs\\eams\\app\\Views\\compliance\\checklist\\index.php')
 3 SYSTEMPATH\View\View.php(229): CodeIgniter\View\View->CodeIgniter\View\{closure}()
 4 SYSTEMPATH\Common.php(1199): CodeIgniter\View\View->render('compliance/checklist/index', [], true)
 5 APPPATH\Controllers\ComplianceInventoryController.php(315): view('compliance/checklist/index', [...])
 6 SYSTEMPATH\CodeIgniter.php(933): App\Controllers\ComplianceInventoryController->checklist('36')
 7 SYSTEMPATH\CodeIgniter.php(507): CodeIgniter\CodeIgniter->runController(Object(App\Controllers\ComplianceInventoryController))
 8 SYSTEMPATH\CodeIgniter.php(354): CodeIgniter\CodeIgniter->handleRequest(null, Object(Config\Cache), false)
 9 SYSTEMPATH\Boot.php(363): CodeIgniter\CodeIgniter->run()
10 SYSTEMPATH\Boot.php(68): CodeIgniter\Boot::runCodeIgniter(Object(CodeIgniter\CodeIgniter))
11 FCPATH\index.php(59): CodeIgniter\Boot::bootWeb(Object(Config\Paths))
DEBUG - 2026-01-22 08:47:24 --> Session: Class initialized using 'CodeIgniter\Session\Handlers\FileHandler' driver.
DEBUG - 2026-01-22 08:48:06 --> Session: Class initialized using 'CodeIgniter\Session\Handlers\FileHandler' driver.
DEBUG - 2026-01-22 08:48:13 --> Session: Class initialized using 'CodeIgniter\Session\Handlers\FileHandler' driver.
DEBUG - 2026-01-22 08:48:16 --> Session: Class initialized using 'CodeIgniter\Session\Handlers\FileHandler' driver.
DEBUG - 2026-01-22 08:48:20 --> Session: Class initialized using 'CodeIgniter\Session\Handlers\FileHandler' driver.
CRITICAL - 2026-01-22 08:48:20 --> ErrorException: Undefined variable $period_label
[Method: GET, Route: compliance/checklist/36]
in APPPATH\Views\compliance\checklist\index.php on line 12.
 1 APPPATH\Views\compliance\checklist\index.php(12): CodeIgniter\Debug\Exceptions->errorHandler(2, 'Undefined variable $period_label', 'C:\\xampp\\htdocs\\eams\\app\\Views\\compliance\\checklist\\index.php', 12)
 2 SYSTEMPATH\View\View.php(226): include('C:\\xampp\\htdocs\\eams\\app\\Views\\compliance\\checklist\\index.php')
 3 SYSTEMPATH\View\View.php(229): CodeIgniter\View\View->CodeIgniter\View\{closure}()
 4 SYSTEMPATH\Common.php(1199): CodeIgniter\View\View->render('compliance/checklist/index', [], true)
 5 APPPATH\Controllers\ComplianceInventoryController.php(287): view('compliance/checklist/index', [...])
 6 SYSTEMPATH\CodeIgniter.php(933): App\Controllers\ComplianceInventoryController->checklist('36')
 7 SYSTEMPATH\CodeIgniter.php(507): CodeIgniter\CodeIgniter->runController(Object(App\Controllers\ComplianceInventoryController))
 8 SYSTEMPATH\CodeIgniter.php(354): CodeIgniter\CodeIgniter->handleRequest(null, Object(Config\Cache), false)
 9 SYSTEMPATH\Boot.php(363): CodeIgniter\CodeIgniter->run()
10 SYSTEMPATH\Boot.php(68): CodeIgniter\Boot::runCodeIgniter(Object(CodeIgniter\CodeIgniter))
11 FCPATH\index.php(59): CodeIgniter\Boot::bootWeb(Object(Config\Paths))
DEBUG - 2026-01-22 08:52:26 --> Session: Class initialized using 'CodeIgniter\Session\Handlers\FileHandler' driver.
