ERROR - 2026-04-27 08:24:18 --> mysqli_sql_exception: Duplicate entry 'FS-SD-015' for key 'uniq_asset_code' in C:\xampp\htdocs\eams\system\Database\MySQLi\Connection.php:327
Stack trace:
#0 C:\xampp\htdocs\eams\system\Database\MySQLi\Connection.php(327): mysqli->query('UPDATE `complia...', 0)
#1 C:\xampp\htdocs\eams\system\Database\BaseConnection.php(729): CodeIgniter\Database\MySQLi\Connection->execute('UPDATE `complia...')
#2 C:\xampp\htdocs\eams\system\Database\BaseConnection.php(646): CodeIgniter\Database\BaseConnection->simpleQuery('UPDATE `complia...')
#3 C:\xampp\htdocs\eams\system\Database\BaseBuilder.php(2521): CodeIgniter\Database\BaseConnection->query('UPDATE `complia...', Array, false)
#4 C:\xampp\htdocs\eams\system\Model.php(461): CodeIgniter\Database\BaseBuilder->update()
#5 C:\xampp\htdocs\eams\system\BaseModel.php(1010): CodeIgniter\Model->doUpdate(Array, Array)
#6 C:\xampp\htdocs\eams\system\Model.php(860): CodeIgniter\BaseModel->update(Array, Array)
#7 C:\xampp\htdocs\eams\app\Controllers\ComplianceInventoryController.php(152): CodeIgniter\Model->update('438', Array)
#8 C:\xampp\htdocs\eams\system\CodeIgniter.php(933): App\Controllers\ComplianceInventoryController->update('438')
#9 C:\xampp\htdocs\eams\system\CodeIgniter.php(507): CodeIgniter\CodeIgniter->runController(Object(App\Controllers\ComplianceInventoryController))
#10 C:\xampp\htdocs\eams\system\CodeIgniter.php(354): CodeIgniter\CodeIgniter->handleRequest(NULL, Object(Config\Cache), false)
#11 C:\xampp\htdocs\eams\system\Boot.php(363): CodeIgniter\CodeIgniter->run()
#12 C:\xampp\htdocs\eams\system\Boot.php(68): CodeIgniter\Boot::runCodeIgniter(Object(CodeIgniter\CodeIgniter))
#13 C:\xampp\htdocs\eams\public\index.php(59): CodeIgniter\Boot::bootWeb(Object(Config\Paths))
#14 {main}
CRITICAL - 2026-04-27 08:24:18 --> CodeIgniter\Database\Exceptions\DatabaseException: Duplicate entry 'FS-SD-015' for key 'uniq_asset_code'
[Method: POST, Route: compliance/inventory/update/438]
in SYSTEMPATH\Database\BaseConnection.php on line 684.
 1 SYSTEMPATH\Database\BaseBuilder.php(2521): CodeIgniter\Database\BaseConnection->query('UPDATE `compliance_inventory` SET `category_id` = :category_id:, `area_id` = :area_id:, `item_type_id` = :item_type_id:, `asset_code` = :asset_code:, `type_description` = :type_description:, `specific_area` = :specific_area:, `pic` = :pic:, `status` = :status:, `remark` = :remark:, `expired_date` = :expired_date:, `updated_at` = :updated_at:
WHERE `compliance_inventory`.`id` IN :compliance_inventory.id:', [...], false)
 2 SYSTEMPATH\Model.php(461): CodeIgniter\Database\BaseBuilder->update()
 3 SYSTEMPATH\BaseModel.php(1010): CodeIgniter\Model->doUpdate([...], [...])
 4 SYSTEMPATH\Model.php(860): CodeIgniter\BaseModel->update([...], [...])
 5 APPPATH\Controllers\ComplianceInventoryController.php(152): CodeIgniter\Model->update('438', [...])
 6 SYSTEMPATH\CodeIgniter.php(933): App\Controllers\ComplianceInventoryController->update('438')
 7 SYSTEMPATH\CodeIgniter.php(507): CodeIgniter\CodeIgniter->runController(Object(App\Controllers\ComplianceInventoryController))
 8 SYSTEMPATH\CodeIgniter.php(354): CodeIgniter\CodeIgniter->handleRequest(null, Object(Config\Cache), false)
 9 SYSTEMPATH\Boot.php(363): CodeIgniter\CodeIgniter->run()
10 SYSTEMPATH\Boot.php(68): CodeIgniter\Boot::runCodeIgniter(Object(CodeIgniter\CodeIgniter))
11 FCPATH\index.php(59): CodeIgniter\Boot::bootWeb(Object(Config\Paths))
CRITICAL - 2026-04-27 08:24:18 --> [Caused by] CodeIgniter\Database\Exceptions\DatabaseException: Duplicate entry 'FS-SD-015' for key 'uniq_asset_code'
in SYSTEMPATH\Database\MySQLi\Connection.php on line 332.
 1 SYSTEMPATH\Database\BaseConnection.php(729): CodeIgniter\Database\MySQLi\Connection->execute('UPDATE `compliance_inventory` SET `category_id` = \'3\', `area_id` = \'19\', `item_type_id` = \'7\', `asset_code` = \'FS-SD-015\', `type_description` = \'\', `specific_area` = \'Warehouse C\', `pic` = \'\', `status` = \'Good\', `remark` = \'\', `expired_date` = \'\', `updated_at` = \'2026-04-27 08:24:18\'
WHERE `compliance_inventory`.`id` IN (\'438\')')
 2 SYSTEMPATH\Database\BaseConnection.php(646): CodeIgniter\Database\BaseConnection->simpleQuery('UPDATE `compliance_inventory` SET `category_id` = \'3\', `area_id` = \'19\', `item_type_id` = \'7\', `asset_code` = \'FS-SD-015\', `type_description` = \'\', `specific_area` = \'Warehouse C\', `pic` = \'\', `status` = \'Good\', `remark` = \'\', `expired_date` = \'\', `updated_at` = \'2026-04-27 08:24:18\'
WHERE `compliance_inventory`.`id` IN (\'438\')')
 3 SYSTEMPATH\Database\BaseBuilder.php(2521): CodeIgniter\Database\BaseConnection->query('UPDATE `compliance_inventory` SET `category_id` = :category_id:, `area_id` = :area_id:, `item_type_id` = :item_type_id:, `asset_code` = :asset_code:, `type_description` = :type_description:, `specific_area` = :specific_area:, `pic` = :pic:, `status` = :status:, `remark` = :remark:, `expired_date` = :expired_date:, `updated_at` = :updated_at:
WHERE `compliance_inventory`.`id` IN :compliance_inventory.id:', [...], false)
 4 SYSTEMPATH\Model.php(461): CodeIgniter\Database\BaseBuilder->update()
 5 SYSTEMPATH\BaseModel.php(1010): CodeIgniter\Model->doUpdate([...], [...])
 6 SYSTEMPATH\Model.php(860): CodeIgniter\BaseModel->update([...], [...])
 7 APPPATH\Controllers\ComplianceInventoryController.php(152): CodeIgniter\Model->update('438', [...])
 8 SYSTEMPATH\CodeIgniter.php(933): App\Controllers\ComplianceInventoryController->update('438')
 9 SYSTEMPATH\CodeIgniter.php(507): CodeIgniter\CodeIgniter->runController(Object(App\Controllers\ComplianceInventoryController))
10 SYSTEMPATH\CodeIgniter.php(354): CodeIgniter\CodeIgniter->handleRequest(null, Object(Config\Cache), false)
11 SYSTEMPATH\Boot.php(363): CodeIgniter\CodeIgniter->run()
12 SYSTEMPATH\Boot.php(68): CodeIgniter\Boot::runCodeIgniter(Object(CodeIgniter\CodeIgniter))
13 FCPATH\index.php(59): CodeIgniter\Boot::bootWeb(Object(Config\Paths))
CRITICAL - 2026-04-27 08:24:18 --> [Caused by] mysqli_sql_exception: Duplicate entry 'FS-SD-015' for key 'uniq_asset_code'
in SYSTEMPATH\Database\MySQLi\Connection.php on line 327.
 1 SYSTEMPATH\Database\MySQLi\Connection.php(327): mysqli->query('UPDATE `compliance_inventory` SET `category_id` = \'3\', `area_id` = \'19\', `item_type_id` = \'7\', `asset_code` = \'FS-SD-015\', `type_description` = \'\', `specific_area` = \'Warehouse C\', `pic` = \'\', `status` = \'Good\', `remark` = \'\', `expired_date` = \'\', `updated_at` = \'2026-04-27 08:24:18\'
WHERE `compliance_inventory`.`id` IN (\'438\')', 0)
 2 SYSTEMPATH\Database\BaseConnection.php(729): CodeIgniter\Database\MySQLi\Connection->execute('UPDATE `compliance_inventory` SET `category_id` = \'3\', `area_id` = \'19\', `item_type_id` = \'7\', `asset_code` = \'FS-SD-015\', `type_description` = \'\', `specific_area` = \'Warehouse C\', `pic` = \'\', `status` = \'Good\', `remark` = \'\', `expired_date` = \'\', `updated_at` = \'2026-04-27 08:24:18\'
WHERE `compliance_inventory`.`id` IN (\'438\')')
 3 SYSTEMPATH\Database\BaseConnection.php(646): CodeIgniter\Database\BaseConnection->simpleQuery('UPDATE `compliance_inventory` SET `category_id` = \'3\', `area_id` = \'19\', `item_type_id` = \'7\', `asset_code` = \'FS-SD-015\', `type_description` = \'\', `specific_area` = \'Warehouse C\', `pic` = \'\', `status` = \'Good\', `remark` = \'\', `expired_date` = \'\', `updated_at` = \'2026-04-27 08:24:18\'
WHERE `compliance_inventory`.`id` IN (\'438\')')
 4 SYSTEMPATH\Database\BaseBuilder.php(2521): CodeIgniter\Database\BaseConnection->query('UPDATE `compliance_inventory` SET `category_id` = :category_id:, `area_id` = :area_id:, `item_type_id` = :item_type_id:, `asset_code` = :asset_code:, `type_description` = :type_description:, `specific_area` = :specific_area:, `pic` = :pic:, `status` = :status:, `remark` = :remark:, `expired_date` = :expired_date:, `updated_at` = :updated_at:
WHERE `compliance_inventory`.`id` IN :compliance_inventory.id:', [...], false)
 5 SYSTEMPATH\Model.php(461): CodeIgniter\Database\BaseBuilder->update()
 6 SYSTEMPATH\BaseModel.php(1010): CodeIgniter\Model->doUpdate([...], [...])
 7 SYSTEMPATH\Model.php(860): CodeIgniter\BaseModel->update([...], [...])
 8 APPPATH\Controllers\ComplianceInventoryController.php(152): CodeIgniter\Model->update('438', [...])
 9 SYSTEMPATH\CodeIgniter.php(933): App\Controllers\ComplianceInventoryController->update('438')
10 SYSTEMPATH\CodeIgniter.php(507): CodeIgniter\CodeIgniter->runController(Object(App\Controllers\ComplianceInventoryController))
11 SYSTEMPATH\CodeIgniter.php(354): CodeIgniter\CodeIgniter->handleRequest(null, Object(Config\Cache), false)
12 SYSTEMPATH\Boot.php(363): CodeIgniter\CodeIgniter->run()
13 SYSTEMPATH\Boot.php(68): CodeIgniter\Boot::runCodeIgniter(Object(CodeIgniter\CodeIgniter))
14 FCPATH\index.php(59): CodeIgniter\Boot::bootWeb(Object(Config\Paths))
ERROR - 2026-04-27 08:24:24 --> mysqli_sql_exception: Duplicate entry 'FS-SD-015' for key 'uniq_asset_code' in C:\xampp\htdocs\eams\system\Database\MySQLi\Connection.php:327
Stack trace:
#0 C:\xampp\htdocs\eams\system\Database\MySQLi\Connection.php(327): mysqli->query('UPDATE `complia...', 0)
#1 C:\xampp\htdocs\eams\system\Database\BaseConnection.php(729): CodeIgniter\Database\MySQLi\Connection->execute('UPDATE `complia...')
#2 C:\xampp\htdocs\eams\system\Database\BaseConnection.php(646): CodeIgniter\Database\BaseConnection->simpleQuery('UPDATE `complia...')
#3 C:\xampp\htdocs\eams\system\Database\BaseBuilder.php(2521): CodeIgniter\Database\BaseConnection->query('UPDATE `complia...', Array, false)
#4 C:\xampp\htdocs\eams\system\Model.php(461): CodeIgniter\Database\BaseBuilder->update()
#5 C:\xampp\htdocs\eams\system\BaseModel.php(1010): CodeIgniter\Model->doUpdate(Array, Array)
#6 C:\xampp\htdocs\eams\system\Model.php(860): CodeIgniter\BaseModel->update(Array, Array)
#7 C:\xampp\htdocs\eams\app\Controllers\ComplianceInventoryController.php(152): CodeIgniter\Model->update('438', Array)
#8 C:\xampp\htdocs\eams\system\CodeIgniter.php(933): App\Controllers\ComplianceInventoryController->update('438')
#9 C:\xampp\htdocs\eams\system\CodeIgniter.php(507): CodeIgniter\CodeIgniter->runController(Object(App\Controllers\ComplianceInventoryController))
#10 C:\xampp\htdocs\eams\system\CodeIgniter.php(354): CodeIgniter\CodeIgniter->handleRequest(NULL, Object(Config\Cache), false)
#11 C:\xampp\htdocs\eams\system\Boot.php(363): CodeIgniter\CodeIgniter->run()
#12 C:\xampp\htdocs\eams\system\Boot.php(68): CodeIgniter\Boot::runCodeIgniter(Object(CodeIgniter\CodeIgniter))
#13 C:\xampp\htdocs\eams\public\index.php(59): CodeIgniter\Boot::bootWeb(Object(Config\Paths))
#14 {main}
CRITICAL - 2026-04-27 08:24:24 --> CodeIgniter\Database\Exceptions\DatabaseException: Duplicate entry 'FS-SD-015' for key 'uniq_asset_code'
[Method: POST, Route: compliance/inventory/update/438]
in SYSTEMPATH\Database\BaseConnection.php on line 684.
 1 SYSTEMPATH\Database\BaseBuilder.php(2521): CodeIgniter\Database\BaseConnection->query('UPDATE `compliance_inventory` SET `category_id` = :category_id:, `area_id` = :area_id:, `item_type_id` = :item_type_id:, `asset_code` = :asset_code:, `type_description` = :type_description:, `specific_area` = :specific_area:, `pic` = :pic:, `status` = :status:, `remark` = :remark:, `expired_date` = :expired_date:, `updated_at` = :updated_at:
WHERE `compliance_inventory`.`id` IN :compliance_inventory.id:', [...], false)
 2 SYSTEMPATH\Model.php(461): CodeIgniter\Database\BaseBuilder->update()
 3 SYSTEMPATH\BaseModel.php(1010): CodeIgniter\Model->doUpdate([...], [...])
 4 SYSTEMPATH\Model.php(860): CodeIgniter\BaseModel->update([...], [...])
 5 APPPATH\Controllers\ComplianceInventoryController.php(152): CodeIgniter\Model->update('438', [...])
 6 SYSTEMPATH\CodeIgniter.php(933): App\Controllers\ComplianceInventoryController->update('438')
 7 SYSTEMPATH\CodeIgniter.php(507): CodeIgniter\CodeIgniter->runController(Object(App\Controllers\ComplianceInventoryController))
 8 SYSTEMPATH\CodeIgniter.php(354): CodeIgniter\CodeIgniter->handleRequest(null, Object(Config\Cache), false)
 9 SYSTEMPATH\Boot.php(363): CodeIgniter\CodeIgniter->run()
10 SYSTEMPATH\Boot.php(68): CodeIgniter\Boot::runCodeIgniter(Object(CodeIgniter\CodeIgniter))
11 FCPATH\index.php(59): CodeIgniter\Boot::bootWeb(Object(Config\Paths))
CRITICAL - 2026-04-27 08:24:24 --> [Caused by] CodeIgniter\Database\Exceptions\DatabaseException: Duplicate entry 'FS-SD-015' for key 'uniq_asset_code'
in SYSTEMPATH\Database\MySQLi\Connection.php on line 332.
 1 SYSTEMPATH\Database\BaseConnection.php(729): CodeIgniter\Database\MySQLi\Connection->execute('UPDATE `compliance_inventory` SET `category_id` = \'3\', `area_id` = \'19\', `item_type_id` = \'7\', `asset_code` = \'FS-SD-015\', `type_description` = \'\', `specific_area` = \'Warehouse C\', `pic` = \'\', `status` = \'Good\', `remark` = \'\', `expired_date` = \'\', `updated_at` = \'2026-04-27 08:24:24\'
WHERE `compliance_inventory`.`id` IN (\'438\')')
 2 SYSTEMPATH\Database\BaseConnection.php(646): CodeIgniter\Database\BaseConnection->simpleQuery('UPDATE `compliance_inventory` SET `category_id` = \'3\', `area_id` = \'19\', `item_type_id` = \'7\', `asset_code` = \'FS-SD-015\', `type_description` = \'\', `specific_area` = \'Warehouse C\', `pic` = \'\', `status` = \'Good\', `remark` = \'\', `expired_date` = \'\', `updated_at` = \'2026-04-27 08:24:24\'
WHERE `compliance_inventory`.`id` IN (\'438\')')
 3 SYSTEMPATH\Database\BaseBuilder.php(2521): CodeIgniter\Database\BaseConnection->query('UPDATE `compliance_inventory` SET `category_id` = :category_id:, `area_id` = :area_id:, `item_type_id` = :item_type_id:, `asset_code` = :asset_code:, `type_description` = :type_description:, `specific_area` = :specific_area:, `pic` = :pic:, `status` = :status:, `remark` = :remark:, `expired_date` = :expired_date:, `updated_at` = :updated_at:
WHERE `compliance_inventory`.`id` IN :compliance_inventory.id:', [...], false)
 4 SYSTEMPATH\Model.php(461): CodeIgniter\Database\BaseBuilder->update()
 5 SYSTEMPATH\BaseModel.php(1010): CodeIgniter\Model->doUpdate([...], [...])
 6 SYSTEMPATH\Model.php(860): CodeIgniter\BaseModel->update([...], [...])
 7 APPPATH\Controllers\ComplianceInventoryController.php(152): CodeIgniter\Model->update('438', [...])
 8 SYSTEMPATH\CodeIgniter.php(933): App\Controllers\ComplianceInventoryController->update('438')
 9 SYSTEMPATH\CodeIgniter.php(507): CodeIgniter\CodeIgniter->runController(Object(App\Controllers\ComplianceInventoryController))
10 SYSTEMPATH\CodeIgniter.php(354): CodeIgniter\CodeIgniter->handleRequest(null, Object(Config\Cache), false)
11 SYSTEMPATH\Boot.php(363): CodeIgniter\CodeIgniter->run()
12 SYSTEMPATH\Boot.php(68): CodeIgniter\Boot::runCodeIgniter(Object(CodeIgniter\CodeIgniter))
13 FCPATH\index.php(59): CodeIgniter\Boot::bootWeb(Object(Config\Paths))
CRITICAL - 2026-04-27 08:24:24 --> [Caused by] mysqli_sql_exception: Duplicate entry 'FS-SD-015' for key 'uniq_asset_code'
in SYSTEMPATH\Database\MySQLi\Connection.php on line 327.
 1 SYSTEMPATH\Database\MySQLi\Connection.php(327): mysqli->query('UPDATE `compliance_inventory` SET `category_id` = \'3\', `area_id` = \'19\', `item_type_id` = \'7\', `asset_code` = \'FS-SD-015\', `type_description` = \'\', `specific_area` = \'Warehouse C\', `pic` = \'\', `status` = \'Good\', `remark` = \'\', `expired_date` = \'\', `updated_at` = \'2026-04-27 08:24:24\'
WHERE `compliance_inventory`.`id` IN (\'438\')', 0)
 2 SYSTEMPATH\Database\BaseConnection.php(729): CodeIgniter\Database\MySQLi\Connection->execute('UPDATE `compliance_inventory` SET `category_id` = \'3\', `area_id` = \'19\', `item_type_id` = \'7\', `asset_code` = \'FS-SD-015\', `type_description` = \'\', `specific_area` = \'Warehouse C\', `pic` = \'\', `status` = \'Good\', `remark` = \'\', `expired_date` = \'\', `updated_at` = \'2026-04-27 08:24:24\'
WHERE `compliance_inventory`.`id` IN (\'438\')')
 3 SYSTEMPATH\Database\BaseConnection.php(646): CodeIgniter\Database\BaseConnection->simpleQuery('UPDATE `compliance_inventory` SET `category_id` = \'3\', `area_id` = \'19\', `item_type_id` = \'7\', `asset_code` = \'FS-SD-015\', `type_description` = \'\', `specific_area` = \'Warehouse C\', `pic` = \'\', `status` = \'Good\', `remark` = \'\', `expired_date` = \'\', `updated_at` = \'2026-04-27 08:24:24\'
WHERE `compliance_inventory`.`id` IN (\'438\')')
 4 SYSTEMPATH\Database\BaseBuilder.php(2521): CodeIgniter\Database\BaseConnection->query('UPDATE `compliance_inventory` SET `category_id` = :category_id:, `area_id` = :area_id:, `item_type_id` = :item_type_id:, `asset_code` = :asset_code:, `type_description` = :type_description:, `specific_area` = :specific_area:, `pic` = :pic:, `status` = :status:, `remark` = :remark:, `expired_date` = :expired_date:, `updated_at` = :updated_at:
WHERE `compliance_inventory`.`id` IN :compliance_inventory.id:', [...], false)
 5 SYSTEMPATH\Model.php(461): CodeIgniter\Database\BaseBuilder->update()
 6 SYSTEMPATH\BaseModel.php(1010): CodeIgniter\Model->doUpdate([...], [...])
 7 SYSTEMPATH\Model.php(860): CodeIgniter\BaseModel->update([...], [...])
 8 APPPATH\Controllers\ComplianceInventoryController.php(152): CodeIgniter\Model->update('438', [...])
 9 SYSTEMPATH\CodeIgniter.php(933): App\Controllers\ComplianceInventoryController->update('438')
10 SYSTEMPATH\CodeIgniter.php(507): CodeIgniter\CodeIgniter->runController(Object(App\Controllers\ComplianceInventoryController))
11 SYSTEMPATH\CodeIgniter.php(354): CodeIgniter\CodeIgniter->handleRequest(null, Object(Config\Cache), false)
12 SYSTEMPATH\Boot.php(363): CodeIgniter\CodeIgniter->run()
13 SYSTEMPATH\Boot.php(68): CodeIgniter\Boot::runCodeIgniter(Object(CodeIgniter\CodeIgniter))
14 FCPATH\index.php(59): CodeIgniter\Boot::bootWeb(Object(Config\Paths))
ERROR - 2026-04-27 08:24:45 --> mysqli_sql_exception: Duplicate entry 'FS-SD-015' for key 'uniq_asset_code' in C:\xampp\htdocs\eams\system\Database\MySQLi\Connection.php:327
Stack trace:
#0 C:\xampp\htdocs\eams\system\Database\MySQLi\Connection.php(327): mysqli->query('UPDATE `complia...', 0)
#1 C:\xampp\htdocs\eams\system\Database\BaseConnection.php(729): CodeIgniter\Database\MySQLi\Connection->execute('UPDATE `complia...')
#2 C:\xampp\htdocs\eams\system\Database\BaseConnection.php(646): CodeIgniter\Database\BaseConnection->simpleQuery('UPDATE `complia...')
#3 C:\xampp\htdocs\eams\system\Database\BaseBuilder.php(2521): CodeIgniter\Database\BaseConnection->query('UPDATE `complia...', Array, false)
#4 C:\xampp\htdocs\eams\system\Model.php(461): CodeIgniter\Database\BaseBuilder->update()
#5 C:\xampp\htdocs\eams\system\BaseModel.php(1010): CodeIgniter\Model->doUpdate(Array, Array)
#6 C:\xampp\htdocs\eams\system\Model.php(860): CodeIgniter\BaseModel->update(Array, Array)
#7 C:\xampp\htdocs\eams\app\Controllers\ComplianceInventoryController.php(152): CodeIgniter\Model->update('438', Array)
#8 C:\xampp\htdocs\eams\system\CodeIgniter.php(933): App\Controllers\ComplianceInventoryController->update('438')
#9 C:\xampp\htdocs\eams\system\CodeIgniter.php(507): CodeIgniter\CodeIgniter->runController(Object(App\Controllers\ComplianceInventoryController))
#10 C:\xampp\htdocs\eams\system\CodeIgniter.php(354): CodeIgniter\CodeIgniter->handleRequest(NULL, Object(Config\Cache), false)
#11 C:\xampp\htdocs\eams\system\Boot.php(363): CodeIgniter\CodeIgniter->run()
#12 C:\xampp\htdocs\eams\system\Boot.php(68): CodeIgniter\Boot::runCodeIgniter(Object(CodeIgniter\CodeIgniter))
#13 C:\xampp\htdocs\eams\public\index.php(59): CodeIgniter\Boot::bootWeb(Object(Config\Paths))
#14 {main}
CRITICAL - 2026-04-27 08:24:45 --> CodeIgniter\Database\Exceptions\DatabaseException: Duplicate entry 'FS-SD-015' for key 'uniq_asset_code'
[Method: POST, Route: compliance/inventory/update/438]
in SYSTEMPATH\Database\BaseConnection.php on line 684.
 1 SYSTEMPATH\Database\BaseBuilder.php(2521): CodeIgniter\Database\BaseConnection->query('UPDATE `compliance_inventory` SET `category_id` = :category_id:, `area_id` = :area_id:, `item_type_id` = :item_type_id:, `asset_code` = :asset_code:, `type_description` = :type_description:, `specific_area` = :specific_area:, `pic` = :pic:, `status` = :status:, `remark` = :remark:, `expired_date` = :expired_date:, `updated_at` = :updated_at:
WHERE `compliance_inventory`.`id` IN :compliance_inventory.id:', [...], false)
 2 SYSTEMPATH\Model.php(461): CodeIgniter\Database\BaseBuilder->update()
 3 SYSTEMPATH\BaseModel.php(1010): CodeIgniter\Model->doUpdate([...], [...])
 4 SYSTEMPATH\Model.php(860): CodeIgniter\BaseModel->update([...], [...])
 5 APPPATH\Controllers\ComplianceInventoryController.php(152): CodeIgniter\Model->update('438', [...])
 6 SYSTEMPATH\CodeIgniter.php(933): App\Controllers\ComplianceInventoryController->update('438')
 7 SYSTEMPATH\CodeIgniter.php(507): CodeIgniter\CodeIgniter->runController(Object(App\Controllers\ComplianceInventoryController))
 8 SYSTEMPATH\CodeIgniter.php(354): CodeIgniter\CodeIgniter->handleRequest(null, Object(Config\Cache), false)
 9 SYSTEMPATH\Boot.php(363): CodeIgniter\CodeIgniter->run()
10 SYSTEMPATH\Boot.php(68): CodeIgniter\Boot::runCodeIgniter(Object(CodeIgniter\CodeIgniter))
11 FCPATH\index.php(59): CodeIgniter\Boot::bootWeb(Object(Config\Paths))
CRITICAL - 2026-04-27 08:24:45 --> [Caused by] CodeIgniter\Database\Exceptions\DatabaseException: Duplicate entry 'FS-SD-015' for key 'uniq_asset_code'
in SYSTEMPATH\Database\MySQLi\Connection.php on line 332.
 1 SYSTEMPATH\Database\BaseConnection.php(729): CodeIgniter\Database\MySQLi\Connection->execute('UPDATE `compliance_inventory` SET `category_id` = \'3\', `area_id` = \'19\', `item_type_id` = \'7\', `asset_code` = \'FS-SD-015\', `type_description` = \'\', `specific_area` = \'Warehouse C\', `pic` = \'\', `status` = \'Good\', `remark` = \'\', `expired_date` = \'\', `updated_at` = \'2026-04-27 08:24:45\'
WHERE `compliance_inventory`.`id` IN (\'438\')')
 2 SYSTEMPATH\Database\BaseConnection.php(646): CodeIgniter\Database\BaseConnection->simpleQuery('UPDATE `compliance_inventory` SET `category_id` = \'3\', `area_id` = \'19\', `item_type_id` = \'7\', `asset_code` = \'FS-SD-015\', `type_description` = \'\', `specific_area` = \'Warehouse C\', `pic` = \'\', `status` = \'Good\', `remark` = \'\', `expired_date` = \'\', `updated_at` = \'2026-04-27 08:24:45\'
WHERE `compliance_inventory`.`id` IN (\'438\')')
 3 SYSTEMPATH\Database\BaseBuilder.php(2521): CodeIgniter\Database\BaseConnection->query('UPDATE `compliance_inventory` SET `category_id` = :category_id:, `area_id` = :area_id:, `item_type_id` = :item_type_id:, `asset_code` = :asset_code:, `type_description` = :type_description:, `specific_area` = :specific_area:, `pic` = :pic:, `status` = :status:, `remark` = :remark:, `expired_date` = :expired_date:, `updated_at` = :updated_at:
WHERE `compliance_inventory`.`id` IN :compliance_inventory.id:', [...], false)
 4 SYSTEMPATH\Model.php(461): CodeIgniter\Database\BaseBuilder->update()
 5 SYSTEMPATH\BaseModel.php(1010): CodeIgniter\Model->doUpdate([...], [...])
 6 SYSTEMPATH\Model.php(860): CodeIgniter\BaseModel->update([...], [...])
 7 APPPATH\Controllers\ComplianceInventoryController.php(152): CodeIgniter\Model->update('438', [...])
 8 SYSTEMPATH\CodeIgniter.php(933): App\Controllers\ComplianceInventoryController->update('438')
 9 SYSTEMPATH\CodeIgniter.php(507): CodeIgniter\CodeIgniter->runController(Object(App\Controllers\ComplianceInventoryController))
10 SYSTEMPATH\CodeIgniter.php(354): CodeIgniter\CodeIgniter->handleRequest(null, Object(Config\Cache), false)
11 SYSTEMPATH\Boot.php(363): CodeIgniter\CodeIgniter->run()
12 SYSTEMPATH\Boot.php(68): CodeIgniter\Boot::runCodeIgniter(Object(CodeIgniter\CodeIgniter))
13 FCPATH\index.php(59): CodeIgniter\Boot::bootWeb(Object(Config\Paths))
CRITICAL - 2026-04-27 08:24:45 --> [Caused by] mysqli_sql_exception: Duplicate entry 'FS-SD-015' for key 'uniq_asset_code'
in SYSTEMPATH\Database\MySQLi\Connection.php on line 327.
 1 SYSTEMPATH\Database\MySQLi\Connection.php(327): mysqli->query('UPDATE `compliance_inventory` SET `category_id` = \'3\', `area_id` = \'19\', `item_type_id` = \'7\', `asset_code` = \'FS-SD-015\', `type_description` = \'\', `specific_area` = \'Warehouse C\', `pic` = \'\', `status` = \'Good\', `remark` = \'\', `expired_date` = \'\', `updated_at` = \'2026-04-27 08:24:45\'
WHERE `compliance_inventory`.`id` IN (\'438\')', 0)
 2 SYSTEMPATH\Database\BaseConnection.php(729): CodeIgniter\Database\MySQLi\Connection->execute('UPDATE `compliance_inventory` SET `category_id` = \'3\', `area_id` = \'19\', `item_type_id` = \'7\', `asset_code` = \'FS-SD-015\', `type_description` = \'\', `specific_area` = \'Warehouse C\', `pic` = \'\', `status` = \'Good\', `remark` = \'\', `expired_date` = \'\', `updated_at` = \'2026-04-27 08:24:45\'
WHERE `compliance_inventory`.`id` IN (\'438\')')
 3 SYSTEMPATH\Database\BaseConnection.php(646): CodeIgniter\Database\BaseConnection->simpleQuery('UPDATE `compliance_inventory` SET `category_id` = \'3\', `area_id` = \'19\', `item_type_id` = \'7\', `asset_code` = \'FS-SD-015\', `type_description` = \'\', `specific_area` = \'Warehouse C\', `pic` = \'\', `status` = \'Good\', `remark` = \'\', `expired_date` = \'\', `updated_at` = \'2026-04-27 08:24:45\'
WHERE `compliance_inventory`.`id` IN (\'438\')')
 4 SYSTEMPATH\Database\BaseBuilder.php(2521): CodeIgniter\Database\BaseConnection->query('UPDATE `compliance_inventory` SET `category_id` = :category_id:, `area_id` = :area_id:, `item_type_id` = :item_type_id:, `asset_code` = :asset_code:, `type_description` = :type_description:, `specific_area` = :specific_area:, `pic` = :pic:, `status` = :status:, `remark` = :remark:, `expired_date` = :expired_date:, `updated_at` = :updated_at:
WHERE `compliance_inventory`.`id` IN :compliance_inventory.id:', [...], false)
 5 SYSTEMPATH\Model.php(461): CodeIgniter\Database\BaseBuilder->update()
 6 SYSTEMPATH\BaseModel.php(1010): CodeIgniter\Model->doUpdate([...], [...])
 7 SYSTEMPATH\Model.php(860): CodeIgniter\BaseModel->update([...], [...])
 8 APPPATH\Controllers\ComplianceInventoryController.php(152): CodeIgniter\Model->update('438', [...])
 9 SYSTEMPATH\CodeIgniter.php(933): App\Controllers\ComplianceInventoryController->update('438')
10 SYSTEMPATH\CodeIgniter.php(507): CodeIgniter\CodeIgniter->runController(Object(App\Controllers\ComplianceInventoryController))
11 SYSTEMPATH\CodeIgniter.php(354): CodeIgniter\CodeIgniter->handleRequest(null, Object(Config\Cache), false)
12 SYSTEMPATH\Boot.php(363): CodeIgniter\CodeIgniter->run()
13 SYSTEMPATH\Boot.php(68): CodeIgniter\Boot::runCodeIgniter(Object(CodeIgniter\CodeIgniter))
14 FCPATH\index.php(59): CodeIgniter\Boot::bootWeb(Object(Config\Paths))
ERROR - 2026-04-27 08:25:40 --> mysqli_sql_exception: Duplicate entry 'FS-SD-020' for key 'uniq_asset_code' in C:\xampp\htdocs\eams\system\Database\MySQLi\Connection.php:327
Stack trace:
#0 C:\xampp\htdocs\eams\system\Database\MySQLi\Connection.php(327): mysqli->query('UPDATE `complia...', 0)
#1 C:\xampp\htdocs\eams\system\Database\BaseConnection.php(729): CodeIgniter\Database\MySQLi\Connection->execute('UPDATE `complia...')
#2 C:\xampp\htdocs\eams\system\Database\BaseConnection.php(646): CodeIgniter\Database\BaseConnection->simpleQuery('UPDATE `complia...')
#3 C:\xampp\htdocs\eams\system\Database\BaseBuilder.php(2521): CodeIgniter\Database\BaseConnection->query('UPDATE `complia...', Array, false)
#4 C:\xampp\htdocs\eams\system\Model.php(461): CodeIgniter\Database\BaseBuilder->update()
#5 C:\xampp\htdocs\eams\system\BaseModel.php(1010): CodeIgniter\Model->doUpdate(Array, Array)
#6 C:\xampp\htdocs\eams\system\Model.php(860): CodeIgniter\BaseModel->update(Array, Array)
#7 C:\xampp\htdocs\eams\app\Controllers\ComplianceInventoryController.php(152): CodeIgniter\Model->update('441', Array)
#8 C:\xampp\htdocs\eams\system\CodeIgniter.php(933): App\Controllers\ComplianceInventoryController->update('441')
#9 C:\xampp\htdocs\eams\system\CodeIgniter.php(507): CodeIgniter\CodeIgniter->runController(Object(App\Controllers\ComplianceInventoryController))
#10 C:\xampp\htdocs\eams\system\CodeIgniter.php(354): CodeIgniter\CodeIgniter->handleRequest(NULL, Object(Config\Cache), false)
#11 C:\xampp\htdocs\eams\system\Boot.php(363): CodeIgniter\CodeIgniter->run()
#12 C:\xampp\htdocs\eams\system\Boot.php(68): CodeIgniter\Boot::runCodeIgniter(Object(CodeIgniter\CodeIgniter))
#13 C:\xampp\htdocs\eams\public\index.php(59): CodeIgniter\Boot::bootWeb(Object(Config\Paths))
#14 {main}
CRITICAL - 2026-04-27 08:25:40 --> CodeIgniter\Database\Exceptions\DatabaseException: Duplicate entry 'FS-SD-020' for key 'uniq_asset_code'
[Method: POST, Route: compliance/inventory/update/441]
in SYSTEMPATH\Database\BaseConnection.php on line 684.
 1 SYSTEMPATH\Database\BaseBuilder.php(2521): CodeIgniter\Database\BaseConnection->query('UPDATE `compliance_inventory` SET `category_id` = :category_id:, `area_id` = :area_id:, `item_type_id` = :item_type_id:, `asset_code` = :asset_code:, `type_description` = :type_description:, `specific_area` = :specific_area:, `pic` = :pic:, `status` = :status:, `remark` = :remark:, `expired_date` = :expired_date:, `updated_at` = :updated_at:
WHERE `compliance_inventory`.`id` IN :compliance_inventory.id:', [...], false)
 2 SYSTEMPATH\Model.php(461): CodeIgniter\Database\BaseBuilder->update()
 3 SYSTEMPATH\BaseModel.php(1010): CodeIgniter\Model->doUpdate([...], [...])
 4 SYSTEMPATH\Model.php(860): CodeIgniter\BaseModel->update([...], [...])
 5 APPPATH\Controllers\ComplianceInventoryController.php(152): CodeIgniter\Model->update('441', [...])
 6 SYSTEMPATH\CodeIgniter.php(933): App\Controllers\ComplianceInventoryController->update('441')
 7 SYSTEMPATH\CodeIgniter.php(507): CodeIgniter\CodeIgniter->runController(Object(App\Controllers\ComplianceInventoryController))
 8 SYSTEMPATH\CodeIgniter.php(354): CodeIgniter\CodeIgniter->handleRequest(null, Object(Config\Cache), false)
 9 SYSTEMPATH\Boot.php(363): CodeIgniter\CodeIgniter->run()
10 SYSTEMPATH\Boot.php(68): CodeIgniter\Boot::runCodeIgniter(Object(CodeIgniter\CodeIgniter))
11 FCPATH\index.php(59): CodeIgniter\Boot::bootWeb(Object(Config\Paths))
CRITICAL - 2026-04-27 08:25:40 --> [Caused by] CodeIgniter\Database\Exceptions\DatabaseException: Duplicate entry 'FS-SD-020' for key 'uniq_asset_code'
in SYSTEMPATH\Database\MySQLi\Connection.php on line 332.
 1 SYSTEMPATH\Database\BaseConnection.php(729): CodeIgniter\Database\MySQLi\Connection->execute('UPDATE `compliance_inventory` SET `category_id` = \'3\', `area_id` = \'11\', `item_type_id` = \'7\', `asset_code` = \'FS-SD-020\', `type_description` = \'\', `specific_area` = \'Mess - Ruang Tengah	\', `pic` = \'\', `status` = \'Good\', `remark` = \'\', `expired_date` = \'\', `updated_at` = \'2026-04-27 08:25:40\'
WHERE `compliance_inventory`.`id` IN (\'441\')')
 2 SYSTEMPATH\Database\BaseConnection.php(646): CodeIgniter\Database\BaseConnection->simpleQuery('UPDATE `compliance_inventory` SET `category_id` = \'3\', `area_id` = \'11\', `item_type_id` = \'7\', `asset_code` = \'FS-SD-020\', `type_description` = \'\', `specific_area` = \'Mess - Ruang Tengah	\', `pic` = \'\', `status` = \'Good\', `remark` = \'\', `expired_date` = \'\', `updated_at` = \'2026-04-27 08:25:40\'
WHERE `compliance_inventory`.`id` IN (\'441\')')
 3 SYSTEMPATH\Database\BaseBuilder.php(2521): CodeIgniter\Database\BaseConnection->query('UPDATE `compliance_inventory` SET `category_id` = :category_id:, `area_id` = :area_id:, `item_type_id` = :item_type_id:, `asset_code` = :asset_code:, `type_description` = :type_description:, `specific_area` = :specific_area:, `pic` = :pic:, `status` = :status:, `remark` = :remark:, `expired_date` = :expired_date:, `updated_at` = :updated_at:
WHERE `compliance_inventory`.`id` IN :compliance_inventory.id:', [...], false)
 4 SYSTEMPATH\Model.php(461): CodeIgniter\Database\BaseBuilder->update()
 5 SYSTEMPATH\BaseModel.php(1010): CodeIgniter\Model->doUpdate([...], [...])
 6 SYSTEMPATH\Model.php(860): CodeIgniter\BaseModel->update([...], [...])
 7 APPPATH\Controllers\ComplianceInventoryController.php(152): CodeIgniter\Model->update('441', [...])
 8 SYSTEMPATH\CodeIgniter.php(933): App\Controllers\ComplianceInventoryController->update('441')
 9 SYSTEMPATH\CodeIgniter.php(507): CodeIgniter\CodeIgniter->runController(Object(App\Controllers\ComplianceInventoryController))
10 SYSTEMPATH\CodeIgniter.php(354): CodeIgniter\CodeIgniter->handleRequest(null, Object(Config\Cache), false)
11 SYSTEMPATH\Boot.php(363): CodeIgniter\CodeIgniter->run()
12 SYSTEMPATH\Boot.php(68): CodeIgniter\Boot::runCodeIgniter(Object(CodeIgniter\CodeIgniter))
13 FCPATH\index.php(59): CodeIgniter\Boot::bootWeb(Object(Config\Paths))
CRITICAL - 2026-04-27 08:25:40 --> [Caused by] mysqli_sql_exception: Duplicate entry 'FS-SD-020' for key 'uniq_asset_code'
in SYSTEMPATH\Database\MySQLi\Connection.php on line 327.
 1 SYSTEMPATH\Database\MySQLi\Connection.php(327): mysqli->query('UPDATE `compliance_inventory` SET `category_id` = \'3\', `area_id` = \'11\', `item_type_id` = \'7\', `asset_code` = \'FS-SD-020\', `type_description` = \'\', `specific_area` = \'Mess - Ruang Tengah	\', `pic` = \'\', `status` = \'Good\', `remark` = \'\', `expired_date` = \'\', `updated_at` = \'2026-04-27 08:25:40\'
WHERE `compliance_inventory`.`id` IN (\'441\')', 0)
 2 SYSTEMPATH\Database\BaseConnection.php(729): CodeIgniter\Database\MySQLi\Connection->execute('UPDATE `compliance_inventory` SET `category_id` = \'3\', `area_id` = \'11\', `item_type_id` = \'7\', `asset_code` = \'FS-SD-020\', `type_description` = \'\', `specific_area` = \'Mess - Ruang Tengah	\', `pic` = \'\', `status` = \'Good\', `remark` = \'\', `expired_date` = \'\', `updated_at` = \'2026-04-27 08:25:40\'
WHERE `compliance_inventory`.`id` IN (\'441\')')
 3 SYSTEMPATH\Database\BaseConnection.php(646): CodeIgniter\Database\BaseConnection->simpleQuery('UPDATE `compliance_inventory` SET `category_id` = \'3\', `area_id` = \'11\', `item_type_id` = \'7\', `asset_code` = \'FS-SD-020\', `type_description` = \'\', `specific_area` = \'Mess - Ruang Tengah	\', `pic` = \'\', `status` = \'Good\', `remark` = \'\', `expired_date` = \'\', `updated_at` = \'2026-04-27 08:25:40\'
WHERE `compliance_inventory`.`id` IN (\'441\')')
 4 SYSTEMPATH\Database\BaseBuilder.php(2521): CodeIgniter\Database\BaseConnection->query('UPDATE `compliance_inventory` SET `category_id` = :category_id:, `area_id` = :area_id:, `item_type_id` = :item_type_id:, `asset_code` = :asset_code:, `type_description` = :type_description:, `specific_area` = :specific_area:, `pic` = :pic:, `status` = :status:, `remark` = :remark:, `expired_date` = :expired_date:, `updated_at` = :updated_at:
WHERE `compliance_inventory`.`id` IN :compliance_inventory.id:', [...], false)
 5 SYSTEMPATH\Model.php(461): CodeIgniter\Database\BaseBuilder->update()
 6 SYSTEMPATH\BaseModel.php(1010): CodeIgniter\Model->doUpdate([...], [...])
 7 SYSTEMPATH\Model.php(860): CodeIgniter\BaseModel->update([...], [...])
 8 APPPATH\Controllers\ComplianceInventoryController.php(152): CodeIgniter\Model->update('441', [...])
 9 SYSTEMPATH\CodeIgniter.php(933): App\Controllers\ComplianceInventoryController->update('441')
10 SYSTEMPATH\CodeIgniter.php(507): CodeIgniter\CodeIgniter->runController(Object(App\Controllers\ComplianceInventoryController))
11 SYSTEMPATH\CodeIgniter.php(354): CodeIgniter\CodeIgniter->handleRequest(null, Object(Config\Cache), false)
12 SYSTEMPATH\Boot.php(363): CodeIgniter\CodeIgniter->run()
13 SYSTEMPATH\Boot.php(68): CodeIgniter\Boot::runCodeIgniter(Object(CodeIgniter\CodeIgniter))
14 FCPATH\index.php(59): CodeIgniter\Boot::bootWeb(Object(Config\Paths))
ERROR - 2026-04-27 08:25:45 --> mysqli_sql_exception: Duplicate entry 'FS-SD-020' for key 'uniq_asset_code' in C:\xampp\htdocs\eams\system\Database\MySQLi\Connection.php:327
Stack trace:
#0 C:\xampp\htdocs\eams\system\Database\MySQLi\Connection.php(327): mysqli->query('UPDATE `complia...', 0)
#1 C:\xampp\htdocs\eams\system\Database\BaseConnection.php(729): CodeIgniter\Database\MySQLi\Connection->execute('UPDATE `complia...')
#2 C:\xampp\htdocs\eams\system\Database\BaseConnection.php(646): CodeIgniter\Database\BaseConnection->simpleQuery('UPDATE `complia...')
#3 C:\xampp\htdocs\eams\system\Database\BaseBuilder.php(2521): CodeIgniter\Database\BaseConnection->query('UPDATE `complia...', Array, false)
#4 C:\xampp\htdocs\eams\system\Model.php(461): CodeIgniter\Database\BaseBuilder->update()
#5 C:\xampp\htdocs\eams\system\BaseModel.php(1010): CodeIgniter\Model->doUpdate(Array, Array)
#6 C:\xampp\htdocs\eams\system\Model.php(860): CodeIgniter\BaseModel->update(Array, Array)
#7 C:\xampp\htdocs\eams\app\Controllers\ComplianceInventoryController.php(152): CodeIgniter\Model->update('441', Array)
#8 C:\xampp\htdocs\eams\system\CodeIgniter.php(933): App\Controllers\ComplianceInventoryController->update('441')
#9 C:\xampp\htdocs\eams\system\CodeIgniter.php(507): CodeIgniter\CodeIgniter->runController(Object(App\Controllers\ComplianceInventoryController))
#10 C:\xampp\htdocs\eams\system\CodeIgniter.php(354): CodeIgniter\CodeIgniter->handleRequest(NULL, Object(Config\Cache), false)
#11 C:\xampp\htdocs\eams\system\Boot.php(363): CodeIgniter\CodeIgniter->run()
#12 C:\xampp\htdocs\eams\system\Boot.php(68): CodeIgniter\Boot::runCodeIgniter(Object(CodeIgniter\CodeIgniter))
#13 C:\xampp\htdocs\eams\public\index.php(59): CodeIgniter\Boot::bootWeb(Object(Config\Paths))
#14 {main}
CRITICAL - 2026-04-27 08:25:45 --> CodeIgniter\Database\Exceptions\DatabaseException: Duplicate entry 'FS-SD-020' for key 'uniq_asset_code'
[Method: POST, Route: compliance/inventory/update/441]
in SYSTEMPATH\Database\BaseConnection.php on line 684.
 1 SYSTEMPATH\Database\BaseBuilder.php(2521): CodeIgniter\Database\BaseConnection->query('UPDATE `compliance_inventory` SET `category_id` = :category_id:, `area_id` = :area_id:, `item_type_id` = :item_type_id:, `asset_code` = :asset_code:, `type_description` = :type_description:, `specific_area` = :specific_area:, `pic` = :pic:, `status` = :status:, `remark` = :remark:, `expired_date` = :expired_date:, `updated_at` = :updated_at:
WHERE `compliance_inventory`.`id` IN :compliance_inventory.id:', [...], false)
 2 SYSTEMPATH\Model.php(461): CodeIgniter\Database\BaseBuilder->update()
 3 SYSTEMPATH\BaseModel.php(1010): CodeIgniter\Model->doUpdate([...], [...])
 4 SYSTEMPATH\Model.php(860): CodeIgniter\BaseModel->update([...], [...])
 5 APPPATH\Controllers\ComplianceInventoryController.php(152): CodeIgniter\Model->update('441', [...])
 6 SYSTEMPATH\CodeIgniter.php(933): App\Controllers\ComplianceInventoryController->update('441')
 7 SYSTEMPATH\CodeIgniter.php(507): CodeIgniter\CodeIgniter->runController(Object(App\Controllers\ComplianceInventoryController))
 8 SYSTEMPATH\CodeIgniter.php(354): CodeIgniter\CodeIgniter->handleRequest(null, Object(Config\Cache), false)
 9 SYSTEMPATH\Boot.php(363): CodeIgniter\CodeIgniter->run()
10 SYSTEMPATH\Boot.php(68): CodeIgniter\Boot::runCodeIgniter(Object(CodeIgniter\CodeIgniter))
11 FCPATH\index.php(59): CodeIgniter\Boot::bootWeb(Object(Config\Paths))
CRITICAL - 2026-04-27 08:25:45 --> [Caused by] CodeIgniter\Database\Exceptions\DatabaseException: Duplicate entry 'FS-SD-020' for key 'uniq_asset_code'
in SYSTEMPATH\Database\MySQLi\Connection.php on line 332.
 1 SYSTEMPATH\Database\BaseConnection.php(729): CodeIgniter\Database\MySQLi\Connection->execute('UPDATE `compliance_inventory` SET `category_id` = \'3\', `area_id` = \'11\', `item_type_id` = \'7\', `asset_code` = \'FS-SD-020\', `type_description` = \'\', `specific_area` = \'Mess - Ruang Tengah	\', `pic` = \'\', `status` = \'Good\', `remark` = \'\', `expired_date` = \'\', `updated_at` = \'2026-04-27 08:25:45\'
WHERE `compliance_inventory`.`id` IN (\'441\')')
 2 SYSTEMPATH\Database\BaseConnection.php(646): CodeIgniter\Database\BaseConnection->simpleQuery('UPDATE `compliance_inventory` SET `category_id` = \'3\', `area_id` = \'11\', `item_type_id` = \'7\', `asset_code` = \'FS-SD-020\', `type_description` = \'\', `specific_area` = \'Mess - Ruang Tengah	\', `pic` = \'\', `status` = \'Good\', `remark` = \'\', `expired_date` = \'\', `updated_at` = \'2026-04-27 08:25:45\'
WHERE `compliance_inventory`.`id` IN (\'441\')')
 3 SYSTEMPATH\Database\BaseBuilder.php(2521): CodeIgniter\Database\BaseConnection->query('UPDATE `compliance_inventory` SET `category_id` = :category_id:, `area_id` = :area_id:, `item_type_id` = :item_type_id:, `asset_code` = :asset_code:, `type_description` = :type_description:, `specific_area` = :specific_area:, `pic` = :pic:, `status` = :status:, `remark` = :remark:, `expired_date` = :expired_date:, `updated_at` = :updated_at:
WHERE `compliance_inventory`.`id` IN :compliance_inventory.id:', [...], false)
 4 SYSTEMPATH\Model.php(461): CodeIgniter\Database\BaseBuilder->update()
 5 SYSTEMPATH\BaseModel.php(1010): CodeIgniter\Model->doUpdate([...], [...])
 6 SYSTEMPATH\Model.php(860): CodeIgniter\BaseModel->update([...], [...])
 7 APPPATH\Controllers\ComplianceInventoryController.php(152): CodeIgniter\Model->update('441', [...])
 8 SYSTEMPATH\CodeIgniter.php(933): App\Controllers\ComplianceInventoryController->update('441')
 9 SYSTEMPATH\CodeIgniter.php(507): CodeIgniter\CodeIgniter->runController(Object(App\Controllers\ComplianceInventoryController))
10 SYSTEMPATH\CodeIgniter.php(354): CodeIgniter\CodeIgniter->handleRequest(null, Object(Config\Cache), false)
11 SYSTEMPATH\Boot.php(363): CodeIgniter\CodeIgniter->run()
12 SYSTEMPATH\Boot.php(68): CodeIgniter\Boot::runCodeIgniter(Object(CodeIgniter\CodeIgniter))
13 FCPATH\index.php(59): CodeIgniter\Boot::bootWeb(Object(Config\Paths))
CRITICAL - 2026-04-27 08:25:45 --> [Caused by] mysqli_sql_exception: Duplicate entry 'FS-SD-020' for key 'uniq_asset_code'
in SYSTEMPATH\Database\MySQLi\Connection.php on line 327.
 1 SYSTEMPATH\Database\MySQLi\Connection.php(327): mysqli->query('UPDATE `compliance_inventory` SET `category_id` = \'3\', `area_id` = \'11\', `item_type_id` = \'7\', `asset_code` = \'FS-SD-020\', `type_description` = \'\', `specific_area` = \'Mess - Ruang Tengah	\', `pic` = \'\', `status` = \'Good\', `remark` = \'\', `expired_date` = \'\', `updated_at` = \'2026-04-27 08:25:45\'
WHERE `compliance_inventory`.`id` IN (\'441\')', 0)
 2 SYSTEMPATH\Database\BaseConnection.php(729): CodeIgniter\Database\MySQLi\Connection->execute('UPDATE `compliance_inventory` SET `category_id` = \'3\', `area_id` = \'11\', `item_type_id` = \'7\', `asset_code` = \'FS-SD-020\', `type_description` = \'\', `specific_area` = \'Mess - Ruang Tengah	\', `pic` = \'\', `status` = \'Good\', `remark` = \'\', `expired_date` = \'\', `updated_at` = \'2026-04-27 08:25:45\'
WHERE `compliance_inventory`.`id` IN (\'441\')')
 3 SYSTEMPATH\Database\BaseConnection.php(646): CodeIgniter\Database\BaseConnection->simpleQuery('UPDATE `compliance_inventory` SET `category_id` = \'3\', `area_id` = \'11\', `item_type_id` = \'7\', `asset_code` = \'FS-SD-020\', `type_description` = \'\', `specific_area` = \'Mess - Ruang Tengah	\', `pic` = \'\', `status` = \'Good\', `remark` = \'\', `expired_date` = \'\', `updated_at` = \'2026-04-27 08:25:45\'
WHERE `compliance_inventory`.`id` IN (\'441\')')
 4 SYSTEMPATH\Database\BaseBuilder.php(2521): CodeIgniter\Database\BaseConnection->query('UPDATE `compliance_inventory` SET `category_id` = :category_id:, `area_id` = :area_id:, `item_type_id` = :item_type_id:, `asset_code` = :asset_code:, `type_description` = :type_description:, `specific_area` = :specific_area:, `pic` = :pic:, `status` = :status:, `remark` = :remark:, `expired_date` = :expired_date:, `updated_at` = :updated_at:
WHERE `compliance_inventory`.`id` IN :compliance_inventory.id:', [...], false)
 5 SYSTEMPATH\Model.php(461): CodeIgniter\Database\BaseBuilder->update()
 6 SYSTEMPATH\BaseModel.php(1010): CodeIgniter\Model->doUpdate([...], [...])
 7 SYSTEMPATH\Model.php(860): CodeIgniter\BaseModel->update([...], [...])
 8 APPPATH\Controllers\ComplianceInventoryController.php(152): CodeIgniter\Model->update('441', [...])
 9 SYSTEMPATH\CodeIgniter.php(933): App\Controllers\ComplianceInventoryController->update('441')
10 SYSTEMPATH\CodeIgniter.php(507): CodeIgniter\CodeIgniter->runController(Object(App\Controllers\ComplianceInventoryController))
11 SYSTEMPATH\CodeIgniter.php(354): CodeIgniter\CodeIgniter->handleRequest(null, Object(Config\Cache), false)
12 SYSTEMPATH\Boot.php(363): CodeIgniter\CodeIgniter->run()
13 SYSTEMPATH\Boot.php(68): CodeIgniter\Boot::runCodeIgniter(Object(CodeIgniter\CodeIgniter))
14 FCPATH\index.php(59): CodeIgniter\Boot::bootWeb(Object(Config\Paths))
ERROR - 2026-04-27 15:46:36 --> mysqli_sql_exception: Duplicate entry 'FS-EEX-001' for key 'uniq_asset_code' in C:\xampp\htdocs\eams\system\Database\MySQLi\Connection.php:327
Stack trace:
#0 C:\xampp\htdocs\eams\system\Database\MySQLi\Connection.php(327): mysqli->query('UPDATE `complia...', 0)
#1 C:\xampp\htdocs\eams\system\Database\BaseConnection.php(729): CodeIgniter\Database\MySQLi\Connection->execute('UPDATE `complia...')
#2 C:\xampp\htdocs\eams\system\Database\BaseConnection.php(646): CodeIgniter\Database\BaseConnection->simpleQuery('UPDATE `complia...')
#3 C:\xampp\htdocs\eams\system\Database\BaseBuilder.php(2521): CodeIgniter\Database\BaseConnection->query('UPDATE `complia...', Array, false)
#4 C:\xampp\htdocs\eams\system\Model.php(461): CodeIgniter\Database\BaseBuilder->update()
#5 C:\xampp\htdocs\eams\system\BaseModel.php(1010): CodeIgniter\Model->doUpdate(Array, Array)
#6 C:\xampp\htdocs\eams\system\Model.php(860): CodeIgniter\BaseModel->update(Array, Array)
#7 C:\xampp\htdocs\eams\app\Controllers\ComplianceInventoryController.php(152): CodeIgniter\Model->update('738', Array)
#8 C:\xampp\htdocs\eams\system\CodeIgniter.php(933): App\Controllers\ComplianceInventoryController->update('738')
#9 C:\xampp\htdocs\eams\system\CodeIgniter.php(507): CodeIgniter\CodeIgniter->runController(Object(App\Controllers\ComplianceInventoryController))
#10 C:\xampp\htdocs\eams\system\CodeIgniter.php(354): CodeIgniter\CodeIgniter->handleRequest(NULL, Object(Config\Cache), false)
#11 C:\xampp\htdocs\eams\system\Boot.php(363): CodeIgniter\CodeIgniter->run()
#12 C:\xampp\htdocs\eams\system\Boot.php(68): CodeIgniter\Boot::runCodeIgniter(Object(CodeIgniter\CodeIgniter))
#13 C:\xampp\htdocs\eams\public\index.php(59): CodeIgniter\Boot::bootWeb(Object(Config\Paths))
#14 {main}
CRITICAL - 2026-04-27 15:46:36 --> CodeIgniter\Database\Exceptions\DatabaseException: Duplicate entry 'FS-EEX-001' for key 'uniq_asset_code'
[Method: POST, Route: compliance/inventory/update/738]
in SYSTEMPATH\Database\BaseConnection.php on line 684.
 1 SYSTEMPATH\Database\BaseBuilder.php(2521): CodeIgniter\Database\BaseConnection->query('UPDATE `compliance_inventory` SET `category_id` = :category_id:, `area_id` = :area_id:, `item_type_id` = :item_type_id:, `asset_code` = :asset_code:, `type_description` = :type_description:, `specific_area` = :specific_area:, `pic` = :pic:, `status` = :status:, `remark` = :remark:, `expired_date` = :expired_date:, `updated_at` = :updated_at:
WHERE `compliance_inventory`.`id` IN :compliance_inventory.id:', [...], false)
 2 SYSTEMPATH\Model.php(461): CodeIgniter\Database\BaseBuilder->update()
 3 SYSTEMPATH\BaseModel.php(1010): CodeIgniter\Model->doUpdate([...], [...])
 4 SYSTEMPATH\Model.php(860): CodeIgniter\BaseModel->update([...], [...])
 5 APPPATH\Controllers\ComplianceInventoryController.php(152): CodeIgniter\Model->update('738', [...])
 6 SYSTEMPATH\CodeIgniter.php(933): App\Controllers\ComplianceInventoryController->update('738')
 7 SYSTEMPATH\CodeIgniter.php(507): CodeIgniter\CodeIgniter->runController(Object(App\Controllers\ComplianceInventoryController))
 8 SYSTEMPATH\CodeIgniter.php(354): CodeIgniter\CodeIgniter->handleRequest(null, Object(Config\Cache), false)
 9 SYSTEMPATH\Boot.php(363): CodeIgniter\CodeIgniter->run()
10 SYSTEMPATH\Boot.php(68): CodeIgniter\Boot::runCodeIgniter(Object(CodeIgniter\CodeIgniter))
11 FCPATH\index.php(59): CodeIgniter\Boot::bootWeb(Object(Config\Paths))
CRITICAL - 2026-04-27 15:46:36 --> [Caused by] CodeIgniter\Database\Exceptions\DatabaseException: Duplicate entry 'FS-EEX-001' for key 'uniq_asset_code'
in SYSTEMPATH\Database\MySQLi\Connection.php on line 332.
 1 SYSTEMPATH\Database\BaseConnection.php(729): CodeIgniter\Database\MySQLi\Connection->execute('UPDATE `compliance_inventory` SET `category_id` = \'3\', `area_id` = \'12\', `item_type_id` = \'59\', `asset_code` = \'FS-EEX-001\', `type_description` = \'\', `specific_area` = \'Pintu Office ke Produksi\', `pic` = \'\', `status` = \'Good\', `remark` = \'\', `expired_date` = \'\', `updated_at` = \'2026-04-27 15:46:36\'
WHERE `compliance_inventory`.`id` IN (\'738\')')
 2 SYSTEMPATH\Database\BaseConnection.php(646): CodeIgniter\Database\BaseConnection->simpleQuery('UPDATE `compliance_inventory` SET `category_id` = \'3\', `area_id` = \'12\', `item_type_id` = \'59\', `asset_code` = \'FS-EEX-001\', `type_description` = \'\', `specific_area` = \'Pintu Office ke Produksi\', `pic` = \'\', `status` = \'Good\', `remark` = \'\', `expired_date` = \'\', `updated_at` = \'2026-04-27 15:46:36\'
WHERE `compliance_inventory`.`id` IN (\'738\')')
 3 SYSTEMPATH\Database\BaseBuilder.php(2521): CodeIgniter\Database\BaseConnection->query('UPDATE `compliance_inventory` SET `category_id` = :category_id:, `area_id` = :area_id:, `item_type_id` = :item_type_id:, `asset_code` = :asset_code:, `type_description` = :type_description:, `specific_area` = :specific_area:, `pic` = :pic:, `status` = :status:, `remark` = :remark:, `expired_date` = :expired_date:, `updated_at` = :updated_at:
WHERE `compliance_inventory`.`id` IN :compliance_inventory.id:', [...], false)
 4 SYSTEMPATH\Model.php(461): CodeIgniter\Database\BaseBuilder->update()
 5 SYSTEMPATH\BaseModel.php(1010): CodeIgniter\Model->doUpdate([...], [...])
 6 SYSTEMPATH\Model.php(860): CodeIgniter\BaseModel->update([...], [...])
 7 APPPATH\Controllers\ComplianceInventoryController.php(152): CodeIgniter\Model->update('738', [...])
 8 SYSTEMPATH\CodeIgniter.php(933): App\Controllers\ComplianceInventoryController->update('738')
 9 SYSTEMPATH\CodeIgniter.php(507): CodeIgniter\CodeIgniter->runController(Object(App\Controllers\ComplianceInventoryController))
10 SYSTEMPATH\CodeIgniter.php(354): CodeIgniter\CodeIgniter->handleRequest(null, Object(Config\Cache), false)
11 SYSTEMPATH\Boot.php(363): CodeIgniter\CodeIgniter->run()
12 SYSTEMPATH\Boot.php(68): CodeIgniter\Boot::runCodeIgniter(Object(CodeIgniter\CodeIgniter))
13 FCPATH\index.php(59): CodeIgniter\Boot::bootWeb(Object(Config\Paths))
CRITICAL - 2026-04-27 15:46:36 --> [Caused by] mysqli_sql_exception: Duplicate entry 'FS-EEX-001' for key 'uniq_asset_code'
in SYSTEMPATH\Database\MySQLi\Connection.php on line 327.
 1 SYSTEMPATH\Database\MySQLi\Connection.php(327): mysqli->query('UPDATE `compliance_inventory` SET `category_id` = \'3\', `area_id` = \'12\', `item_type_id` = \'59\', `asset_code` = \'FS-EEX-001\', `type_description` = \'\', `specific_area` = \'Pintu Office ke Produksi\', `pic` = \'\', `status` = \'Good\', `remark` = \'\', `expired_date` = \'\', `updated_at` = \'2026-04-27 15:46:36\'
WHERE `compliance_inventory`.`id` IN (\'738\')', 0)
 2 SYSTEMPATH\Database\BaseConnection.php(729): CodeIgniter\Database\MySQLi\Connection->execute('UPDATE `compliance_inventory` SET `category_id` = \'3\', `area_id` = \'12\', `item_type_id` = \'59\', `asset_code` = \'FS-EEX-001\', `type_description` = \'\', `specific_area` = \'Pintu Office ke Produksi\', `pic` = \'\', `status` = \'Good\', `remark` = \'\', `expired_date` = \'\', `updated_at` = \'2026-04-27 15:46:36\'
WHERE `compliance_inventory`.`id` IN (\'738\')')
 3 SYSTEMPATH\Database\BaseConnection.php(646): CodeIgniter\Database\BaseConnection->simpleQuery('UPDATE `compliance_inventory` SET `category_id` = \'3\', `area_id` = \'12\', `item_type_id` = \'59\', `asset_code` = \'FS-EEX-001\', `type_description` = \'\', `specific_area` = \'Pintu Office ke Produksi\', `pic` = \'\', `status` = \'Good\', `remark` = \'\', `expired_date` = \'\', `updated_at` = \'2026-04-27 15:46:36\'
WHERE `compliance_inventory`.`id` IN (\'738\')')
 4 SYSTEMPATH\Database\BaseBuilder.php(2521): CodeIgniter\Database\BaseConnection->query('UPDATE `compliance_inventory` SET `category_id` = :category_id:, `area_id` = :area_id:, `item_type_id` = :item_type_id:, `asset_code` = :asset_code:, `type_description` = :type_description:, `specific_area` = :specific_area:, `pic` = :pic:, `status` = :status:, `remark` = :remark:, `expired_date` = :expired_date:, `updated_at` = :updated_at:
WHERE `compliance_inventory`.`id` IN :compliance_inventory.id:', [...], false)
 5 SYSTEMPATH\Model.php(461): CodeIgniter\Database\BaseBuilder->update()
 6 SYSTEMPATH\BaseModel.php(1010): CodeIgniter\Model->doUpdate([...], [...])
 7 SYSTEMPATH\Model.php(860): CodeIgniter\BaseModel->update([...], [...])
 8 APPPATH\Controllers\ComplianceInventoryController.php(152): CodeIgniter\Model->update('738', [...])
 9 SYSTEMPATH\CodeIgniter.php(933): App\Controllers\ComplianceInventoryController->update('738')
10 SYSTEMPATH\CodeIgniter.php(507): CodeIgniter\CodeIgniter->runController(Object(App\Controllers\ComplianceInventoryController))
11 SYSTEMPATH\CodeIgniter.php(354): CodeIgniter\CodeIgniter->handleRequest(null, Object(Config\Cache), false)
12 SYSTEMPATH\Boot.php(363): CodeIgniter\CodeIgniter->run()
13 SYSTEMPATH\Boot.php(68): CodeIgniter\Boot::runCodeIgniter(Object(CodeIgniter\CodeIgniter))
14 FCPATH\index.php(59): CodeIgniter\Boot::bootWeb(Object(Config\Paths))
ERROR - 2026-04-27 15:46:42 --> mysqli_sql_exception: Duplicate entry 'FS-EEX-001' for key 'uniq_asset_code' in C:\xampp\htdocs\eams\system\Database\MySQLi\Connection.php:327
Stack trace:
#0 C:\xampp\htdocs\eams\system\Database\MySQLi\Connection.php(327): mysqli->query('UPDATE `complia...', 0)
#1 C:\xampp\htdocs\eams\system\Database\BaseConnection.php(729): CodeIgniter\Database\MySQLi\Connection->execute('UPDATE `complia...')
#2 C:\xampp\htdocs\eams\system\Database\BaseConnection.php(646): CodeIgniter\Database\BaseConnection->simpleQuery('UPDATE `complia...')
#3 C:\xampp\htdocs\eams\system\Database\BaseBuilder.php(2521): CodeIgniter\Database\BaseConnection->query('UPDATE `complia...', Array, false)
#4 C:\xampp\htdocs\eams\system\Model.php(461): CodeIgniter\Database\BaseBuilder->update()
#5 C:\xampp\htdocs\eams\system\BaseModel.php(1010): CodeIgniter\Model->doUpdate(Array, Array)
#6 C:\xampp\htdocs\eams\system\Model.php(860): CodeIgniter\BaseModel->update(Array, Array)
#7 C:\xampp\htdocs\eams\app\Controllers\ComplianceInventoryController.php(152): CodeIgniter\Model->update('738', Array)
#8 C:\xampp\htdocs\eams\system\CodeIgniter.php(933): App\Controllers\ComplianceInventoryController->update('738')
#9 C:\xampp\htdocs\eams\system\CodeIgniter.php(507): CodeIgniter\CodeIgniter->runController(Object(App\Controllers\ComplianceInventoryController))
#10 C:\xampp\htdocs\eams\system\CodeIgniter.php(354): CodeIgniter\CodeIgniter->handleRequest(NULL, Object(Config\Cache), false)
#11 C:\xampp\htdocs\eams\system\Boot.php(363): CodeIgniter\CodeIgniter->run()
#12 C:\xampp\htdocs\eams\system\Boot.php(68): CodeIgniter\Boot::runCodeIgniter(Object(CodeIgniter\CodeIgniter))
#13 C:\xampp\htdocs\eams\public\index.php(59): CodeIgniter\Boot::bootWeb(Object(Config\Paths))
#14 {main}
CRITICAL - 2026-04-27 15:46:42 --> CodeIgniter\Database\Exceptions\DatabaseException: Duplicate entry 'FS-EEX-001' for key 'uniq_asset_code'
[Method: POST, Route: compliance/inventory/update/738]
in SYSTEMPATH\Database\BaseConnection.php on line 684.
 1 SYSTEMPATH\Database\BaseBuilder.php(2521): CodeIgniter\Database\BaseConnection->query('UPDATE `compliance_inventory` SET `category_id` = :category_id:, `area_id` = :area_id:, `item_type_id` = :item_type_id:, `asset_code` = :asset_code:, `type_description` = :type_description:, `specific_area` = :specific_area:, `pic` = :pic:, `status` = :status:, `remark` = :remark:, `expired_date` = :expired_date:, `updated_at` = :updated_at:
WHERE `compliance_inventory`.`id` IN :compliance_inventory.id:', [...], false)
 2 SYSTEMPATH\Model.php(461): CodeIgniter\Database\BaseBuilder->update()
 3 SYSTEMPATH\BaseModel.php(1010): CodeIgniter\Model->doUpdate([...], [...])
 4 SYSTEMPATH\Model.php(860): CodeIgniter\BaseModel->update([...], [...])
 5 APPPATH\Controllers\ComplianceInventoryController.php(152): CodeIgniter\Model->update('738', [...])
 6 SYSTEMPATH\CodeIgniter.php(933): App\Controllers\ComplianceInventoryController->update('738')
 7 SYSTEMPATH\CodeIgniter.php(507): CodeIgniter\CodeIgniter->runController(Object(App\Controllers\ComplianceInventoryController))
 8 SYSTEMPATH\CodeIgniter.php(354): CodeIgniter\CodeIgniter->handleRequest(null, Object(Config\Cache), false)
 9 SYSTEMPATH\Boot.php(363): CodeIgniter\CodeIgniter->run()
10 SYSTEMPATH\Boot.php(68): CodeIgniter\Boot::runCodeIgniter(Object(CodeIgniter\CodeIgniter))
11 FCPATH\index.php(59): CodeIgniter\Boot::bootWeb(Object(Config\Paths))
CRITICAL - 2026-04-27 15:46:42 --> [Caused by] CodeIgniter\Database\Exceptions\DatabaseException: Duplicate entry 'FS-EEX-001' for key 'uniq_asset_code'
in SYSTEMPATH\Database\MySQLi\Connection.php on line 332.
 1 SYSTEMPATH\Database\BaseConnection.php(729): CodeIgniter\Database\MySQLi\Connection->execute('UPDATE `compliance_inventory` SET `category_id` = \'3\', `area_id` = \'12\', `item_type_id` = \'59\', `asset_code` = \'FS-EEX-001\', `type_description` = \'\', `specific_area` = \'Pintu Office ke Produksi\', `pic` = \'\', `status` = \'Good\', `remark` = \'\', `expired_date` = \'\', `updated_at` = \'2026-04-27 15:46:42\'
WHERE `compliance_inventory`.`id` IN (\'738\')')
 2 SYSTEMPATH\Database\BaseConnection.php(646): CodeIgniter\Database\BaseConnection->simpleQuery('UPDATE `compliance_inventory` SET `category_id` = \'3\', `area_id` = \'12\', `item_type_id` = \'59\', `asset_code` = \'FS-EEX-001\', `type_description` = \'\', `specific_area` = \'Pintu Office ke Produksi\', `pic` = \'\', `status` = \'Good\', `remark` = \'\', `expired_date` = \'\', `updated_at` = \'2026-04-27 15:46:42\'
WHERE `compliance_inventory`.`id` IN (\'738\')')
 3 SYSTEMPATH\Database\BaseBuilder.php(2521): CodeIgniter\Database\BaseConnection->query('UPDATE `compliance_inventory` SET `category_id` = :category_id:, `area_id` = :area_id:, `item_type_id` = :item_type_id:, `asset_code` = :asset_code:, `type_description` = :type_description:, `specific_area` = :specific_area:, `pic` = :pic:, `status` = :status:, `remark` = :remark:, `expired_date` = :expired_date:, `updated_at` = :updated_at:
WHERE `compliance_inventory`.`id` IN :compliance_inventory.id:', [...], false)
 4 SYSTEMPATH\Model.php(461): CodeIgniter\Database\BaseBuilder->update()
 5 SYSTEMPATH\BaseModel.php(1010): CodeIgniter\Model->doUpdate([...], [...])
 6 SYSTEMPATH\Model.php(860): CodeIgniter\BaseModel->update([...], [...])
 7 APPPATH\Controllers\ComplianceInventoryController.php(152): CodeIgniter\Model->update('738', [...])
 8 SYSTEMPATH\CodeIgniter.php(933): App\Controllers\ComplianceInventoryController->update('738')
 9 SYSTEMPATH\CodeIgniter.php(507): CodeIgniter\CodeIgniter->runController(Object(App\Controllers\ComplianceInventoryController))
10 SYSTEMPATH\CodeIgniter.php(354): CodeIgniter\CodeIgniter->handleRequest(null, Object(Config\Cache), false)
11 SYSTEMPATH\Boot.php(363): CodeIgniter\CodeIgniter->run()
12 SYSTEMPATH\Boot.php(68): CodeIgniter\Boot::runCodeIgniter(Object(CodeIgniter\CodeIgniter))
13 FCPATH\index.php(59): CodeIgniter\Boot::bootWeb(Object(Config\Paths))
CRITICAL - 2026-04-27 15:46:42 --> [Caused by] mysqli_sql_exception: Duplicate entry 'FS-EEX-001' for key 'uniq_asset_code'
in SYSTEMPATH\Database\MySQLi\Connection.php on line 327.
 1 SYSTEMPATH\Database\MySQLi\Connection.php(327): mysqli->query('UPDATE `compliance_inventory` SET `category_id` = \'3\', `area_id` = \'12\', `item_type_id` = \'59\', `asset_code` = \'FS-EEX-001\', `type_description` = \'\', `specific_area` = \'Pintu Office ke Produksi\', `pic` = \'\', `status` = \'Good\', `remark` = \'\', `expired_date` = \'\', `updated_at` = \'2026-04-27 15:46:42\'
WHERE `compliance_inventory`.`id` IN (\'738\')', 0)
 2 SYSTEMPATH\Database\BaseConnection.php(729): CodeIgniter\Database\MySQLi\Connection->execute('UPDATE `compliance_inventory` SET `category_id` = \'3\', `area_id` = \'12\', `item_type_id` = \'59\', `asset_code` = \'FS-EEX-001\', `type_description` = \'\', `specific_area` = \'Pintu Office ke Produksi\', `pic` = \'\', `status` = \'Good\', `remark` = \'\', `expired_date` = \'\', `updated_at` = \'2026-04-27 15:46:42\'
WHERE `compliance_inventory`.`id` IN (\'738\')')
 3 SYSTEMPATH\Database\BaseConnection.php(646): CodeIgniter\Database\BaseConnection->simpleQuery('UPDATE `compliance_inventory` SET `category_id` = \'3\', `area_id` = \'12\', `item_type_id` = \'59\', `asset_code` = \'FS-EEX-001\', `type_description` = \'\', `specific_area` = \'Pintu Office ke Produksi\', `pic` = \'\', `status` = \'Good\', `remark` = \'\', `expired_date` = \'\', `updated_at` = \'2026-04-27 15:46:42\'
WHERE `compliance_inventory`.`id` IN (\'738\')')
 4 SYSTEMPATH\Database\BaseBuilder.php(2521): CodeIgniter\Database\BaseConnection->query('UPDATE `compliance_inventory` SET `category_id` = :category_id:, `area_id` = :area_id:, `item_type_id` = :item_type_id:, `asset_code` = :asset_code:, `type_description` = :type_description:, `specific_area` = :specific_area:, `pic` = :pic:, `status` = :status:, `remark` = :remark:, `expired_date` = :expired_date:, `updated_at` = :updated_at:
WHERE `compliance_inventory`.`id` IN :compliance_inventory.id:', [...], false)
 5 SYSTEMPATH\Model.php(461): CodeIgniter\Database\BaseBuilder->update()
 6 SYSTEMPATH\BaseModel.php(1010): CodeIgniter\Model->doUpdate([...], [...])
 7 SYSTEMPATH\Model.php(860): CodeIgniter\BaseModel->update([...], [...])
 8 APPPATH\Controllers\ComplianceInventoryController.php(152): CodeIgniter\Model->update('738', [...])
 9 SYSTEMPATH\CodeIgniter.php(933): App\Controllers\ComplianceInventoryController->update('738')
10 SYSTEMPATH\CodeIgniter.php(507): CodeIgniter\CodeIgniter->runController(Object(App\Controllers\ComplianceInventoryController))
11 SYSTEMPATH\CodeIgniter.php(354): CodeIgniter\CodeIgniter->handleRequest(null, Object(Config\Cache), false)
12 SYSTEMPATH\Boot.php(363): CodeIgniter\CodeIgniter->run()
13 SYSTEMPATH\Boot.php(68): CodeIgniter\Boot::runCodeIgniter(Object(CodeIgniter\CodeIgniter))
14 FCPATH\index.php(59): CodeIgniter\Boot::bootWeb(Object(Config\Paths))
ERROR - 2026-04-27 15:46:48 --> mysqli_sql_exception: Duplicate entry 'FS-EEX-001' for key 'uniq_asset_code' in C:\xampp\htdocs\eams\system\Database\MySQLi\Connection.php:327
Stack trace:
#0 C:\xampp\htdocs\eams\system\Database\MySQLi\Connection.php(327): mysqli->query('UPDATE `complia...', 0)
#1 C:\xampp\htdocs\eams\system\Database\BaseConnection.php(729): CodeIgniter\Database\MySQLi\Connection->execute('UPDATE `complia...')
#2 C:\xampp\htdocs\eams\system\Database\BaseConnection.php(646): CodeIgniter\Database\BaseConnection->simpleQuery('UPDATE `complia...')
#3 C:\xampp\htdocs\eams\system\Database\BaseBuilder.php(2521): CodeIgniter\Database\BaseConnection->query('UPDATE `complia...', Array, false)
#4 C:\xampp\htdocs\eams\system\Model.php(461): CodeIgniter\Database\BaseBuilder->update()
#5 C:\xampp\htdocs\eams\system\BaseModel.php(1010): CodeIgniter\Model->doUpdate(Array, Array)
#6 C:\xampp\htdocs\eams\system\Model.php(860): CodeIgniter\BaseModel->update(Array, Array)
#7 C:\xampp\htdocs\eams\app\Controllers\ComplianceInventoryController.php(152): CodeIgniter\Model->update('738', Array)
#8 C:\xampp\htdocs\eams\system\CodeIgniter.php(933): App\Controllers\ComplianceInventoryController->update('738')
#9 C:\xampp\htdocs\eams\system\CodeIgniter.php(507): CodeIgniter\CodeIgniter->runController(Object(App\Controllers\ComplianceInventoryController))
#10 C:\xampp\htdocs\eams\system\CodeIgniter.php(354): CodeIgniter\CodeIgniter->handleRequest(NULL, Object(Config\Cache), false)
#11 C:\xampp\htdocs\eams\system\Boot.php(363): CodeIgniter\CodeIgniter->run()
#12 C:\xampp\htdocs\eams\system\Boot.php(68): CodeIgniter\Boot::runCodeIgniter(Object(CodeIgniter\CodeIgniter))
#13 C:\xampp\htdocs\eams\public\index.php(59): CodeIgniter\Boot::bootWeb(Object(Config\Paths))
#14 {main}
CRITICAL - 2026-04-27 15:46:48 --> CodeIgniter\Database\Exceptions\DatabaseException: Duplicate entry 'FS-EEX-001' for key 'uniq_asset_code'
[Method: POST, Route: compliance/inventory/update/738]
in SYSTEMPATH\Database\BaseConnection.php on line 684.
 1 SYSTEMPATH\Database\BaseBuilder.php(2521): CodeIgniter\Database\BaseConnection->query('UPDATE `compliance_inventory` SET `category_id` = :category_id:, `area_id` = :area_id:, `item_type_id` = :item_type_id:, `asset_code` = :asset_code:, `type_description` = :type_description:, `specific_area` = :specific_area:, `pic` = :pic:, `status` = :status:, `remark` = :remark:, `expired_date` = :expired_date:, `updated_at` = :updated_at:
WHERE `compliance_inventory`.`id` IN :compliance_inventory.id:', [...], false)
 2 SYSTEMPATH\Model.php(461): CodeIgniter\Database\BaseBuilder->update()
 3 SYSTEMPATH\BaseModel.php(1010): CodeIgniter\Model->doUpdate([...], [...])
 4 SYSTEMPATH\Model.php(860): CodeIgniter\BaseModel->update([...], [...])
 5 APPPATH\Controllers\ComplianceInventoryController.php(152): CodeIgniter\Model->update('738', [...])
 6 SYSTEMPATH\CodeIgniter.php(933): App\Controllers\ComplianceInventoryController->update('738')
 7 SYSTEMPATH\CodeIgniter.php(507): CodeIgniter\CodeIgniter->runController(Object(App\Controllers\ComplianceInventoryController))
 8 SYSTEMPATH\CodeIgniter.php(354): CodeIgniter\CodeIgniter->handleRequest(null, Object(Config\Cache), false)
 9 SYSTEMPATH\Boot.php(363): CodeIgniter\CodeIgniter->run()
10 SYSTEMPATH\Boot.php(68): CodeIgniter\Boot::runCodeIgniter(Object(CodeIgniter\CodeIgniter))
11 FCPATH\index.php(59): CodeIgniter\Boot::bootWeb(Object(Config\Paths))
CRITICAL - 2026-04-27 15:46:48 --> [Caused by] CodeIgniter\Database\Exceptions\DatabaseException: Duplicate entry 'FS-EEX-001' for key 'uniq_asset_code'
in SYSTEMPATH\Database\MySQLi\Connection.php on line 332.
 1 SYSTEMPATH\Database\BaseConnection.php(729): CodeIgniter\Database\MySQLi\Connection->execute('UPDATE `compliance_inventory` SET `category_id` = \'3\', `area_id` = \'12\', `item_type_id` = \'59\', `asset_code` = \'FS-EEX-001\', `type_description` = \'\', `specific_area` = \'Pintu Office ke Produksi\', `pic` = \'\', `status` = \'Good\', `remark` = \'\', `expired_date` = \'\', `updated_at` = \'2026-04-27 15:46:48\'
WHERE `compliance_inventory`.`id` IN (\'738\')')
 2 SYSTEMPATH\Database\BaseConnection.php(646): CodeIgniter\Database\BaseConnection->simpleQuery('UPDATE `compliance_inventory` SET `category_id` = \'3\', `area_id` = \'12\', `item_type_id` = \'59\', `asset_code` = \'FS-EEX-001\', `type_description` = \'\', `specific_area` = \'Pintu Office ke Produksi\', `pic` = \'\', `status` = \'Good\', `remark` = \'\', `expired_date` = \'\', `updated_at` = \'2026-04-27 15:46:48\'
WHERE `compliance_inventory`.`id` IN (\'738\')')
 3 SYSTEMPATH\Database\BaseBuilder.php(2521): CodeIgniter\Database\BaseConnection->query('UPDATE `compliance_inventory` SET `category_id` = :category_id:, `area_id` = :area_id:, `item_type_id` = :item_type_id:, `asset_code` = :asset_code:, `type_description` = :type_description:, `specific_area` = :specific_area:, `pic` = :pic:, `status` = :status:, `remark` = :remark:, `expired_date` = :expired_date:, `updated_at` = :updated_at:
WHERE `compliance_inventory`.`id` IN :compliance_inventory.id:', [...], false)
 4 SYSTEMPATH\Model.php(461): CodeIgniter\Database\BaseBuilder->update()
 5 SYSTEMPATH\BaseModel.php(1010): CodeIgniter\Model->doUpdate([...], [...])
 6 SYSTEMPATH\Model.php(860): CodeIgniter\BaseModel->update([...], [...])
 7 APPPATH\Controllers\ComplianceInventoryController.php(152): CodeIgniter\Model->update('738', [...])
 8 SYSTEMPATH\CodeIgniter.php(933): App\Controllers\ComplianceInventoryController->update('738')
 9 SYSTEMPATH\CodeIgniter.php(507): CodeIgniter\CodeIgniter->runController(Object(App\Controllers\ComplianceInventoryController))
10 SYSTEMPATH\CodeIgniter.php(354): CodeIgniter\CodeIgniter->handleRequest(null, Object(Config\Cache), false)
11 SYSTEMPATH\Boot.php(363): CodeIgniter\CodeIgniter->run()
12 SYSTEMPATH\Boot.php(68): CodeIgniter\Boot::runCodeIgniter(Object(CodeIgniter\CodeIgniter))
13 FCPATH\index.php(59): CodeIgniter\Boot::bootWeb(Object(Config\Paths))
CRITICAL - 2026-04-27 15:46:48 --> [Caused by] mysqli_sql_exception: Duplicate entry 'FS-EEX-001' for key 'uniq_asset_code'
in SYSTEMPATH\Database\MySQLi\Connection.php on line 327.
 1 SYSTEMPATH\Database\MySQLi\Connection.php(327): mysqli->query('UPDATE `compliance_inventory` SET `category_id` = \'3\', `area_id` = \'12\', `item_type_id` = \'59\', `asset_code` = \'FS-EEX-001\', `type_description` = \'\', `specific_area` = \'Pintu Office ke Produksi\', `pic` = \'\', `status` = \'Good\', `remark` = \'\', `expired_date` = \'\', `updated_at` = \'2026-04-27 15:46:48\'
WHERE `compliance_inventory`.`id` IN (\'738\')', 0)
 2 SYSTEMPATH\Database\BaseConnection.php(729): CodeIgniter\Database\MySQLi\Connection->execute('UPDATE `compliance_inventory` SET `category_id` = \'3\', `area_id` = \'12\', `item_type_id` = \'59\', `asset_code` = \'FS-EEX-001\', `type_description` = \'\', `specific_area` = \'Pintu Office ke Produksi\', `pic` = \'\', `status` = \'Good\', `remark` = \'\', `expired_date` = \'\', `updated_at` = \'2026-04-27 15:46:48\'
WHERE `compliance_inventory`.`id` IN (\'738\')')
 3 SYSTEMPATH\Database\BaseConnection.php(646): CodeIgniter\Database\BaseConnection->simpleQuery('UPDATE `compliance_inventory` SET `category_id` = \'3\', `area_id` = \'12\', `item_type_id` = \'59\', `asset_code` = \'FS-EEX-001\', `type_description` = \'\', `specific_area` = \'Pintu Office ke Produksi\', `pic` = \'\', `status` = \'Good\', `remark` = \'\', `expired_date` = \'\', `updated_at` = \'2026-04-27 15:46:48\'
WHERE `compliance_inventory`.`id` IN (\'738\')')
 4 SYSTEMPATH\Database\BaseBuilder.php(2521): CodeIgniter\Database\BaseConnection->query('UPDATE `compliance_inventory` SET `category_id` = :category_id:, `area_id` = :area_id:, `item_type_id` = :item_type_id:, `asset_code` = :asset_code:, `type_description` = :type_description:, `specific_area` = :specific_area:, `pic` = :pic:, `status` = :status:, `remark` = :remark:, `expired_date` = :expired_date:, `updated_at` = :updated_at:
WHERE `compliance_inventory`.`id` IN :compliance_inventory.id:', [...], false)
 5 SYSTEMPATH\Model.php(461): CodeIgniter\Database\BaseBuilder->update()
 6 SYSTEMPATH\BaseModel.php(1010): CodeIgniter\Model->doUpdate([...], [...])
 7 SYSTEMPATH\Model.php(860): CodeIgniter\BaseModel->update([...], [...])
 8 APPPATH\Controllers\ComplianceInventoryController.php(152): CodeIgniter\Model->update('738', [...])
 9 SYSTEMPATH\CodeIgniter.php(933): App\Controllers\ComplianceInventoryController->update('738')
10 SYSTEMPATH\CodeIgniter.php(507): CodeIgniter\CodeIgniter->runController(Object(App\Controllers\ComplianceInventoryController))
11 SYSTEMPATH\CodeIgniter.php(354): CodeIgniter\CodeIgniter->handleRequest(null, Object(Config\Cache), false)
12 SYSTEMPATH\Boot.php(363): CodeIgniter\CodeIgniter->run()
13 SYSTEMPATH\Boot.php(68): CodeIgniter\Boot::runCodeIgniter(Object(CodeIgniter\CodeIgniter))
14 FCPATH\index.php(59): CodeIgniter\Boot::bootWeb(Object(Config\Paths))
ERROR - 2026-04-27 15:47:03 --> mysqli_sql_exception: Duplicate entry 'FS-EEX-001' for key 'uniq_asset_code' in C:\xampp\htdocs\eams\system\Database\MySQLi\Connection.php:327
Stack trace:
#0 C:\xampp\htdocs\eams\system\Database\MySQLi\Connection.php(327): mysqli->query('UPDATE `complia...', 0)
#1 C:\xampp\htdocs\eams\system\Database\BaseConnection.php(729): CodeIgniter\Database\MySQLi\Connection->execute('UPDATE `complia...')
#2 C:\xampp\htdocs\eams\system\Database\BaseConnection.php(646): CodeIgniter\Database\BaseConnection->simpleQuery('UPDATE `complia...')
#3 C:\xampp\htdocs\eams\system\Database\BaseBuilder.php(2521): CodeIgniter\Database\BaseConnection->query('UPDATE `complia...', Array, false)
#4 C:\xampp\htdocs\eams\system\Model.php(461): CodeIgniter\Database\BaseBuilder->update()
#5 C:\xampp\htdocs\eams\system\BaseModel.php(1010): CodeIgniter\Model->doUpdate(Array, Array)
#6 C:\xampp\htdocs\eams\system\Model.php(860): CodeIgniter\BaseModel->update(Array, Array)
#7 C:\xampp\htdocs\eams\app\Controllers\ComplianceInventoryController.php(152): CodeIgniter\Model->update('738', Array)
#8 C:\xampp\htdocs\eams\system\CodeIgniter.php(933): App\Controllers\ComplianceInventoryController->update('738')
#9 C:\xampp\htdocs\eams\system\CodeIgniter.php(507): CodeIgniter\CodeIgniter->runController(Object(App\Controllers\ComplianceInventoryController))
#10 C:\xampp\htdocs\eams\system\CodeIgniter.php(354): CodeIgniter\CodeIgniter->handleRequest(NULL, Object(Config\Cache), false)
#11 C:\xampp\htdocs\eams\system\Boot.php(363): CodeIgniter\CodeIgniter->run()
#12 C:\xampp\htdocs\eams\system\Boot.php(68): CodeIgniter\Boot::runCodeIgniter(Object(CodeIgniter\CodeIgniter))
#13 C:\xampp\htdocs\eams\public\index.php(59): CodeIgniter\Boot::bootWeb(Object(Config\Paths))
#14 {main}
CRITICAL - 2026-04-27 15:47:03 --> CodeIgniter\Database\Exceptions\DatabaseException: Duplicate entry 'FS-EEX-001' for key 'uniq_asset_code'
[Method: POST, Route: compliance/inventory/update/738]
in SYSTEMPATH\Database\BaseConnection.php on line 684.
 1 SYSTEMPATH\Database\BaseBuilder.php(2521): CodeIgniter\Database\BaseConnection->query('UPDATE `compliance_inventory` SET `category_id` = :category_id:, `area_id` = :area_id:, `item_type_id` = :item_type_id:, `asset_code` = :asset_code:, `type_description` = :type_description:, `specific_area` = :specific_area:, `pic` = :pic:, `status` = :status:, `remark` = :remark:, `expired_date` = :expired_date:, `updated_at` = :updated_at:
WHERE `compliance_inventory`.`id` IN :compliance_inventory.id:', [...], false)
 2 SYSTEMPATH\Model.php(461): CodeIgniter\Database\BaseBuilder->update()
 3 SYSTEMPATH\BaseModel.php(1010): CodeIgniter\Model->doUpdate([...], [...])
 4 SYSTEMPATH\Model.php(860): CodeIgniter\BaseModel->update([...], [...])
 5 APPPATH\Controllers\ComplianceInventoryController.php(152): CodeIgniter\Model->update('738', [...])
 6 SYSTEMPATH\CodeIgniter.php(933): App\Controllers\ComplianceInventoryController->update('738')
 7 SYSTEMPATH\CodeIgniter.php(507): CodeIgniter\CodeIgniter->runController(Object(App\Controllers\ComplianceInventoryController))
 8 SYSTEMPATH\CodeIgniter.php(354): CodeIgniter\CodeIgniter->handleRequest(null, Object(Config\Cache), false)
 9 SYSTEMPATH\Boot.php(363): CodeIgniter\CodeIgniter->run()
10 SYSTEMPATH\Boot.php(68): CodeIgniter\Boot::runCodeIgniter(Object(CodeIgniter\CodeIgniter))
11 FCPATH\index.php(59): CodeIgniter\Boot::bootWeb(Object(Config\Paths))
CRITICAL - 2026-04-27 15:47:03 --> [Caused by] CodeIgniter\Database\Exceptions\DatabaseException: Duplicate entry 'FS-EEX-001' for key 'uniq_asset_code'
in SYSTEMPATH\Database\MySQLi\Connection.php on line 332.
 1 SYSTEMPATH\Database\BaseConnection.php(729): CodeIgniter\Database\MySQLi\Connection->execute('UPDATE `compliance_inventory` SET `category_id` = \'3\', `area_id` = \'12\', `item_type_id` = \'59\', `asset_code` = \'FS-EEX-001\', `type_description` = \'\', `specific_area` = \'Pintu Office ke Produksi\', `pic` = \'\', `status` = \'Good\', `remark` = \'\', `expired_date` = \'\', `updated_at` = \'2026-04-27 15:47:03\'
WHERE `compliance_inventory`.`id` IN (\'738\')')
 2 SYSTEMPATH\Database\BaseConnection.php(646): CodeIgniter\Database\BaseConnection->simpleQuery('UPDATE `compliance_inventory` SET `category_id` = \'3\', `area_id` = \'12\', `item_type_id` = \'59\', `asset_code` = \'FS-EEX-001\', `type_description` = \'\', `specific_area` = \'Pintu Office ke Produksi\', `pic` = \'\', `status` = \'Good\', `remark` = \'\', `expired_date` = \'\', `updated_at` = \'2026-04-27 15:47:03\'
WHERE `compliance_inventory`.`id` IN (\'738\')')
 3 SYSTEMPATH\Database\BaseBuilder.php(2521): CodeIgniter\Database\BaseConnection->query('UPDATE `compliance_inventory` SET `category_id` = :category_id:, `area_id` = :area_id:, `item_type_id` = :item_type_id:, `asset_code` = :asset_code:, `type_description` = :type_description:, `specific_area` = :specific_area:, `pic` = :pic:, `status` = :status:, `remark` = :remark:, `expired_date` = :expired_date:, `updated_at` = :updated_at:
WHERE `compliance_inventory`.`id` IN :compliance_inventory.id:', [...], false)
 4 SYSTEMPATH\Model.php(461): CodeIgniter\Database\BaseBuilder->update()
 5 SYSTEMPATH\BaseModel.php(1010): CodeIgniter\Model->doUpdate([...], [...])
 6 SYSTEMPATH\Model.php(860): CodeIgniter\BaseModel->update([...], [...])
 7 APPPATH\Controllers\ComplianceInventoryController.php(152): CodeIgniter\Model->update('738', [...])
 8 SYSTEMPATH\CodeIgniter.php(933): App\Controllers\ComplianceInventoryController->update('738')
 9 SYSTEMPATH\CodeIgniter.php(507): CodeIgniter\CodeIgniter->runController(Object(App\Controllers\ComplianceInventoryController))
10 SYSTEMPATH\CodeIgniter.php(354): CodeIgniter\CodeIgniter->handleRequest(null, Object(Config\Cache), false)
11 SYSTEMPATH\Boot.php(363): CodeIgniter\CodeIgniter->run()
12 SYSTEMPATH\Boot.php(68): CodeIgniter\Boot::runCodeIgniter(Object(CodeIgniter\CodeIgniter))
13 FCPATH\index.php(59): CodeIgniter\Boot::bootWeb(Object(Config\Paths))
CRITICAL - 2026-04-27 15:47:03 --> [Caused by] mysqli_sql_exception: Duplicate entry 'FS-EEX-001' for key 'uniq_asset_code'
in SYSTEMPATH\Database\MySQLi\Connection.php on line 327.
 1 SYSTEMPATH\Database\MySQLi\Connection.php(327): mysqli->query('UPDATE `compliance_inventory` SET `category_id` = \'3\', `area_id` = \'12\', `item_type_id` = \'59\', `asset_code` = \'FS-EEX-001\', `type_description` = \'\', `specific_area` = \'Pintu Office ke Produksi\', `pic` = \'\', `status` = \'Good\', `remark` = \'\', `expired_date` = \'\', `updated_at` = \'2026-04-27 15:47:03\'
WHERE `compliance_inventory`.`id` IN (\'738\')', 0)
 2 SYSTEMPATH\Database\BaseConnection.php(729): CodeIgniter\Database\MySQLi\Connection->execute('UPDATE `compliance_inventory` SET `category_id` = \'3\', `area_id` = \'12\', `item_type_id` = \'59\', `asset_code` = \'FS-EEX-001\', `type_description` = \'\', `specific_area` = \'Pintu Office ke Produksi\', `pic` = \'\', `status` = \'Good\', `remark` = \'\', `expired_date` = \'\', `updated_at` = \'2026-04-27 15:47:03\'
WHERE `compliance_inventory`.`id` IN (\'738\')')
 3 SYSTEMPATH\Database\BaseConnection.php(646): CodeIgniter\Database\BaseConnection->simpleQuery('UPDATE `compliance_inventory` SET `category_id` = \'3\', `area_id` = \'12\', `item_type_id` = \'59\', `asset_code` = \'FS-EEX-001\', `type_description` = \'\', `specific_area` = \'Pintu Office ke Produksi\', `pic` = \'\', `status` = \'Good\', `remark` = \'\', `expired_date` = \'\', `updated_at` = \'2026-04-27 15:47:03\'
WHERE `compliance_inventory`.`id` IN (\'738\')')
 4 SYSTEMPATH\Database\BaseBuilder.php(2521): CodeIgniter\Database\BaseConnection->query('UPDATE `compliance_inventory` SET `category_id` = :category_id:, `area_id` = :area_id:, `item_type_id` = :item_type_id:, `asset_code` = :asset_code:, `type_description` = :type_description:, `specific_area` = :specific_area:, `pic` = :pic:, `status` = :status:, `remark` = :remark:, `expired_date` = :expired_date:, `updated_at` = :updated_at:
WHERE `compliance_inventory`.`id` IN :compliance_inventory.id:', [...], false)
 5 SYSTEMPATH\Model.php(461): CodeIgniter\Database\BaseBuilder->update()
 6 SYSTEMPATH\BaseModel.php(1010): CodeIgniter\Model->doUpdate([...], [...])
 7 SYSTEMPATH\Model.php(860): CodeIgniter\BaseModel->update([...], [...])
 8 APPPATH\Controllers\ComplianceInventoryController.php(152): CodeIgniter\Model->update('738', [...])
 9 SYSTEMPATH\CodeIgniter.php(933): App\Controllers\ComplianceInventoryController->update('738')
10 SYSTEMPATH\CodeIgniter.php(507): CodeIgniter\CodeIgniter->runController(Object(App\Controllers\ComplianceInventoryController))
11 SYSTEMPATH\CodeIgniter.php(354): CodeIgniter\CodeIgniter->handleRequest(null, Object(Config\Cache), false)
12 SYSTEMPATH\Boot.php(363): CodeIgniter\CodeIgniter->run()
13 SYSTEMPATH\Boot.php(68): CodeIgniter\Boot::runCodeIgniter(Object(CodeIgniter\CodeIgniter))
14 FCPATH\index.php(59): CodeIgniter\Boot::bootWeb(Object(Config\Paths))
ERROR - 2026-04-27 15:47:04 --> mysqli_sql_exception: Duplicate entry 'FS-EEX-001' for key 'uniq_asset_code' in C:\xampp\htdocs\eams\system\Database\MySQLi\Connection.php:327
Stack trace:
#0 C:\xampp\htdocs\eams\system\Database\MySQLi\Connection.php(327): mysqli->query('UPDATE `complia...', 0)
#1 C:\xampp\htdocs\eams\system\Database\BaseConnection.php(729): CodeIgniter\Database\MySQLi\Connection->execute('UPDATE `complia...')
#2 C:\xampp\htdocs\eams\system\Database\BaseConnection.php(646): CodeIgniter\Database\BaseConnection->simpleQuery('UPDATE `complia...')
#3 C:\xampp\htdocs\eams\system\Database\BaseBuilder.php(2521): CodeIgniter\Database\BaseConnection->query('UPDATE `complia...', Array, false)
#4 C:\xampp\htdocs\eams\system\Model.php(461): CodeIgniter\Database\BaseBuilder->update()
#5 C:\xampp\htdocs\eams\system\BaseModel.php(1010): CodeIgniter\Model->doUpdate(Array, Array)
#6 C:\xampp\htdocs\eams\system\Model.php(860): CodeIgniter\BaseModel->update(Array, Array)
#7 C:\xampp\htdocs\eams\app\Controllers\ComplianceInventoryController.php(152): CodeIgniter\Model->update('738', Array)
#8 C:\xampp\htdocs\eams\system\CodeIgniter.php(933): App\Controllers\ComplianceInventoryController->update('738')
#9 C:\xampp\htdocs\eams\system\CodeIgniter.php(507): CodeIgniter\CodeIgniter->runController(Object(App\Controllers\ComplianceInventoryController))
#10 C:\xampp\htdocs\eams\system\CodeIgniter.php(354): CodeIgniter\CodeIgniter->handleRequest(NULL, Object(Config\Cache), false)
#11 C:\xampp\htdocs\eams\system\Boot.php(363): CodeIgniter\CodeIgniter->run()
#12 C:\xampp\htdocs\eams\system\Boot.php(68): CodeIgniter\Boot::runCodeIgniter(Object(CodeIgniter\CodeIgniter))
#13 C:\xampp\htdocs\eams\public\index.php(59): CodeIgniter\Boot::bootWeb(Object(Config\Paths))
#14 {main}
CRITICAL - 2026-04-27 15:47:04 --> CodeIgniter\Database\Exceptions\DatabaseException: Duplicate entry 'FS-EEX-001' for key 'uniq_asset_code'
[Method: POST, Route: compliance/inventory/update/738]
in SYSTEMPATH\Database\BaseConnection.php on line 684.
 1 SYSTEMPATH\Database\BaseBuilder.php(2521): CodeIgniter\Database\BaseConnection->query('UPDATE `compliance_inventory` SET `category_id` = :category_id:, `area_id` = :area_id:, `item_type_id` = :item_type_id:, `asset_code` = :asset_code:, `type_description` = :type_description:, `specific_area` = :specific_area:, `pic` = :pic:, `status` = :status:, `remark` = :remark:, `expired_date` = :expired_date:, `updated_at` = :updated_at:
WHERE `compliance_inventory`.`id` IN :compliance_inventory.id:', [...], false)
 2 SYSTEMPATH\Model.php(461): CodeIgniter\Database\BaseBuilder->update()
 3 SYSTEMPATH\BaseModel.php(1010): CodeIgniter\Model->doUpdate([...], [...])
 4 SYSTEMPATH\Model.php(860): CodeIgniter\BaseModel->update([...], [...])
 5 APPPATH\Controllers\ComplianceInventoryController.php(152): CodeIgniter\Model->update('738', [...])
 6 SYSTEMPATH\CodeIgniter.php(933): App\Controllers\ComplianceInventoryController->update('738')
 7 SYSTEMPATH\CodeIgniter.php(507): CodeIgniter\CodeIgniter->runController(Object(App\Controllers\ComplianceInventoryController))
 8 SYSTEMPATH\CodeIgniter.php(354): CodeIgniter\CodeIgniter->handleRequest(null, Object(Config\Cache), false)
 9 SYSTEMPATH\Boot.php(363): CodeIgniter\CodeIgniter->run()
10 SYSTEMPATH\Boot.php(68): CodeIgniter\Boot::runCodeIgniter(Object(CodeIgniter\CodeIgniter))
11 FCPATH\index.php(59): CodeIgniter\Boot::bootWeb(Object(Config\Paths))
CRITICAL - 2026-04-27 15:47:04 --> [Caused by] CodeIgniter\Database\Exceptions\DatabaseException: Duplicate entry 'FS-EEX-001' for key 'uniq_asset_code'
in SYSTEMPATH\Database\MySQLi\Connection.php on line 332.
 1 SYSTEMPATH\Database\BaseConnection.php(729): CodeIgniter\Database\MySQLi\Connection->execute('UPDATE `compliance_inventory` SET `category_id` = \'3\', `area_id` = \'12\', `item_type_id` = \'59\', `asset_code` = \'FS-EEX-001\', `type_description` = \'\', `specific_area` = \'Pintu Office ke Produksi\', `pic` = \'\', `status` = \'Good\', `remark` = \'\', `expired_date` = \'\', `updated_at` = \'2026-04-27 15:47:04\'
WHERE `compliance_inventory`.`id` IN (\'738\')')
 2 SYSTEMPATH\Database\BaseConnection.php(646): CodeIgniter\Database\BaseConnection->simpleQuery('UPDATE `compliance_inventory` SET `category_id` = \'3\', `area_id` = \'12\', `item_type_id` = \'59\', `asset_code` = \'FS-EEX-001\', `type_description` = \'\', `specific_area` = \'Pintu Office ke Produksi\', `pic` = \'\', `status` = \'Good\', `remark` = \'\', `expired_date` = \'\', `updated_at` = \'2026-04-27 15:47:04\'
WHERE `compliance_inventory`.`id` IN (\'738\')')
 3 SYSTEMPATH\Database\BaseBuilder.php(2521): CodeIgniter\Database\BaseConnection->query('UPDATE `compliance_inventory` SET `category_id` = :category_id:, `area_id` = :area_id:, `item_type_id` = :item_type_id:, `asset_code` = :asset_code:, `type_description` = :type_description:, `specific_area` = :specific_area:, `pic` = :pic:, `status` = :status:, `remark` = :remark:, `expired_date` = :expired_date:, `updated_at` = :updated_at:
WHERE `compliance_inventory`.`id` IN :compliance_inventory.id:', [...], false)
 4 SYSTEMPATH\Model.php(461): CodeIgniter\Database\BaseBuilder->update()
 5 SYSTEMPATH\BaseModel.php(1010): CodeIgniter\Model->doUpdate([...], [...])
 6 SYSTEMPATH\Model.php(860): CodeIgniter\BaseModel->update([...], [...])
 7 APPPATH\Controllers\ComplianceInventoryController.php(152): CodeIgniter\Model->update('738', [...])
 8 SYSTEMPATH\CodeIgniter.php(933): App\Controllers\ComplianceInventoryController->update('738')
 9 SYSTEMPATH\CodeIgniter.php(507): CodeIgniter\CodeIgniter->runController(Object(App\Controllers\ComplianceInventoryController))
10 SYSTEMPATH\CodeIgniter.php(354): CodeIgniter\CodeIgniter->handleRequest(null, Object(Config\Cache), false)
11 SYSTEMPATH\Boot.php(363): CodeIgniter\CodeIgniter->run()
12 SYSTEMPATH\Boot.php(68): CodeIgniter\Boot::runCodeIgniter(Object(CodeIgniter\CodeIgniter))
13 FCPATH\index.php(59): CodeIgniter\Boot::bootWeb(Object(Config\Paths))
CRITICAL - 2026-04-27 15:47:04 --> [Caused by] mysqli_sql_exception: Duplicate entry 'FS-EEX-001' for key 'uniq_asset_code'
in SYSTEMPATH\Database\MySQLi\Connection.php on line 327.
 1 SYSTEMPATH\Database\MySQLi\Connection.php(327): mysqli->query('UPDATE `compliance_inventory` SET `category_id` = \'3\', `area_id` = \'12\', `item_type_id` = \'59\', `asset_code` = \'FS-EEX-001\', `type_description` = \'\', `specific_area` = \'Pintu Office ke Produksi\', `pic` = \'\', `status` = \'Good\', `remark` = \'\', `expired_date` = \'\', `updated_at` = \'2026-04-27 15:47:04\'
WHERE `compliance_inventory`.`id` IN (\'738\')', 0)
 2 SYSTEMPATH\Database\BaseConnection.php(729): CodeIgniter\Database\MySQLi\Connection->execute('UPDATE `compliance_inventory` SET `category_id` = \'3\', `area_id` = \'12\', `item_type_id` = \'59\', `asset_code` = \'FS-EEX-001\', `type_description` = \'\', `specific_area` = \'Pintu Office ke Produksi\', `pic` = \'\', `status` = \'Good\', `remark` = \'\', `expired_date` = \'\', `updated_at` = \'2026-04-27 15:47:04\'
WHERE `compliance_inventory`.`id` IN (\'738\')')
 3 SYSTEMPATH\Database\BaseConnection.php(646): CodeIgniter\Database\BaseConnection->simpleQuery('UPDATE `compliance_inventory` SET `category_id` = \'3\', `area_id` = \'12\', `item_type_id` = \'59\', `asset_code` = \'FS-EEX-001\', `type_description` = \'\', `specific_area` = \'Pintu Office ke Produksi\', `pic` = \'\', `status` = \'Good\', `remark` = \'\', `expired_date` = \'\', `updated_at` = \'2026-04-27 15:47:04\'
WHERE `compliance_inventory`.`id` IN (\'738\')')
 4 SYSTEMPATH\Database\BaseBuilder.php(2521): CodeIgniter\Database\BaseConnection->query('UPDATE `compliance_inventory` SET `category_id` = :category_id:, `area_id` = :area_id:, `item_type_id` = :item_type_id:, `asset_code` = :asset_code:, `type_description` = :type_description:, `specific_area` = :specific_area:, `pic` = :pic:, `status` = :status:, `remark` = :remark:, `expired_date` = :expired_date:, `updated_at` = :updated_at:
WHERE `compliance_inventory`.`id` IN :compliance_inventory.id:', [...], false)
 5 SYSTEMPATH\Model.php(461): CodeIgniter\Database\BaseBuilder->update()
 6 SYSTEMPATH\BaseModel.php(1010): CodeIgniter\Model->doUpdate([...], [...])
 7 SYSTEMPATH\Model.php(860): CodeIgniter\BaseModel->update([...], [...])
 8 APPPATH\Controllers\ComplianceInventoryController.php(152): CodeIgniter\Model->update('738', [...])
 9 SYSTEMPATH\CodeIgniter.php(933): App\Controllers\ComplianceInventoryController->update('738')
10 SYSTEMPATH\CodeIgniter.php(507): CodeIgniter\CodeIgniter->runController(Object(App\Controllers\ComplianceInventoryController))
11 SYSTEMPATH\CodeIgniter.php(354): CodeIgniter\CodeIgniter->handleRequest(null, Object(Config\Cache), false)
12 SYSTEMPATH\Boot.php(363): CodeIgniter\CodeIgniter->run()
13 SYSTEMPATH\Boot.php(68): CodeIgniter\Boot::runCodeIgniter(Object(CodeIgniter\CodeIgniter))
14 FCPATH\index.php(59): CodeIgniter\Boot::bootWeb(Object(Config\Paths))
ERROR - 2026-04-27 15:47:05 --> mysqli_sql_exception: Duplicate entry 'FS-EEX-001' for key 'uniq_asset_code' in C:\xampp\htdocs\eams\system\Database\MySQLi\Connection.php:327
Stack trace:
#0 C:\xampp\htdocs\eams\system\Database\MySQLi\Connection.php(327): mysqli->query('UPDATE `complia...', 0)
#1 C:\xampp\htdocs\eams\system\Database\BaseConnection.php(729): CodeIgniter\Database\MySQLi\Connection->execute('UPDATE `complia...')
#2 C:\xampp\htdocs\eams\system\Database\BaseConnection.php(646): CodeIgniter\Database\BaseConnection->simpleQuery('UPDATE `complia...')
#3 C:\xampp\htdocs\eams\system\Database\BaseBuilder.php(2521): CodeIgniter\Database\BaseConnection->query('UPDATE `complia...', Array, false)
#4 C:\xampp\htdocs\eams\system\Model.php(461): CodeIgniter\Database\BaseBuilder->update()
#5 C:\xampp\htdocs\eams\system\BaseModel.php(1010): CodeIgniter\Model->doUpdate(Array, Array)
#6 C:\xampp\htdocs\eams\system\Model.php(860): CodeIgniter\BaseModel->update(Array, Array)
#7 C:\xampp\htdocs\eams\app\Controllers\ComplianceInventoryController.php(152): CodeIgniter\Model->update('738', Array)
#8 C:\xampp\htdocs\eams\system\CodeIgniter.php(933): App\Controllers\ComplianceInventoryController->update('738')
#9 C:\xampp\htdocs\eams\system\CodeIgniter.php(507): CodeIgniter\CodeIgniter->runController(Object(App\Controllers\ComplianceInventoryController))
#10 C:\xampp\htdocs\eams\system\CodeIgniter.php(354): CodeIgniter\CodeIgniter->handleRequest(NULL, Object(Config\Cache), false)
#11 C:\xampp\htdocs\eams\system\Boot.php(363): CodeIgniter\CodeIgniter->run()
#12 C:\xampp\htdocs\eams\system\Boot.php(68): CodeIgniter\Boot::runCodeIgniter(Object(CodeIgniter\CodeIgniter))
#13 C:\xampp\htdocs\eams\public\index.php(59): CodeIgniter\Boot::bootWeb(Object(Config\Paths))
#14 {main}
CRITICAL - 2026-04-27 15:47:05 --> CodeIgniter\Database\Exceptions\DatabaseException: Duplicate entry 'FS-EEX-001' for key 'uniq_asset_code'
[Method: POST, Route: compliance/inventory/update/738]
in SYSTEMPATH\Database\BaseConnection.php on line 684.
 1 SYSTEMPATH\Database\BaseBuilder.php(2521): CodeIgniter\Database\BaseConnection->query('UPDATE `compliance_inventory` SET `category_id` = :category_id:, `area_id` = :area_id:, `item_type_id` = :item_type_id:, `asset_code` = :asset_code:, `type_description` = :type_description:, `specific_area` = :specific_area:, `pic` = :pic:, `status` = :status:, `remark` = :remark:, `expired_date` = :expired_date:, `updated_at` = :updated_at:
WHERE `compliance_inventory`.`id` IN :compliance_inventory.id:', [...], false)
 2 SYSTEMPATH\Model.php(461): CodeIgniter\Database\BaseBuilder->update()
 3 SYSTEMPATH\BaseModel.php(1010): CodeIgniter\Model->doUpdate([...], [...])
 4 SYSTEMPATH\Model.php(860): CodeIgniter\BaseModel->update([...], [...])
 5 APPPATH\Controllers\ComplianceInventoryController.php(152): CodeIgniter\Model->update('738', [...])
 6 SYSTEMPATH\CodeIgniter.php(933): App\Controllers\ComplianceInventoryController->update('738')
 7 SYSTEMPATH\CodeIgniter.php(507): CodeIgniter\CodeIgniter->runController(Object(App\Controllers\ComplianceInventoryController))
 8 SYSTEMPATH\CodeIgniter.php(354): CodeIgniter\CodeIgniter->handleRequest(null, Object(Config\Cache), false)
 9 SYSTEMPATH\Boot.php(363): CodeIgniter\CodeIgniter->run()
10 SYSTEMPATH\Boot.php(68): CodeIgniter\Boot::runCodeIgniter(Object(CodeIgniter\CodeIgniter))
11 FCPATH\index.php(59): CodeIgniter\Boot::bootWeb(Object(Config\Paths))
CRITICAL - 2026-04-27 15:47:05 --> [Caused by] CodeIgniter\Database\Exceptions\DatabaseException: Duplicate entry 'FS-EEX-001' for key 'uniq_asset_code'
in SYSTEMPATH\Database\MySQLi\Connection.php on line 332.
 1 SYSTEMPATH\Database\BaseConnection.php(729): CodeIgniter\Database\MySQLi\Connection->execute('UPDATE `compliance_inventory` SET `category_id` = \'3\', `area_id` = \'12\', `item_type_id` = \'59\', `asset_code` = \'FS-EEX-001\', `type_description` = \'\', `specific_area` = \'Pintu Office ke Produksi\', `pic` = \'\', `status` = \'Good\', `remark` = \'\', `expired_date` = \'\', `updated_at` = \'2026-04-27 15:47:05\'
WHERE `compliance_inventory`.`id` IN (\'738\')')
 2 SYSTEMPATH\Database\BaseConnection.php(646): CodeIgniter\Database\BaseConnection->simpleQuery('UPDATE `compliance_inventory` SET `category_id` = \'3\', `area_id` = \'12\', `item_type_id` = \'59\', `asset_code` = \'FS-EEX-001\', `type_description` = \'\', `specific_area` = \'Pintu Office ke Produksi\', `pic` = \'\', `status` = \'Good\', `remark` = \'\', `expired_date` = \'\', `updated_at` = \'2026-04-27 15:47:05\'
WHERE `compliance_inventory`.`id` IN (\'738\')')
 3 SYSTEMPATH\Database\BaseBuilder.php(2521): CodeIgniter\Database\BaseConnection->query('UPDATE `compliance_inventory` SET `category_id` = :category_id:, `area_id` = :area_id:, `item_type_id` = :item_type_id:, `asset_code` = :asset_code:, `type_description` = :type_description:, `specific_area` = :specific_area:, `pic` = :pic:, `status` = :status:, `remark` = :remark:, `expired_date` = :expired_date:, `updated_at` = :updated_at:
WHERE `compliance_inventory`.`id` IN :compliance_inventory.id:', [...], false)
 4 SYSTEMPATH\Model.php(461): CodeIgniter\Database\BaseBuilder->update()
 5 SYSTEMPATH\BaseModel.php(1010): CodeIgniter\Model->doUpdate([...], [...])
 6 SYSTEMPATH\Model.php(860): CodeIgniter\BaseModel->update([...], [...])
 7 APPPATH\Controllers\ComplianceInventoryController.php(152): CodeIgniter\Model->update('738', [...])
 8 SYSTEMPATH\CodeIgniter.php(933): App\Controllers\ComplianceInventoryController->update('738')
 9 SYSTEMPATH\CodeIgniter.php(507): CodeIgniter\CodeIgniter->runController(Object(App\Controllers\ComplianceInventoryController))
10 SYSTEMPATH\CodeIgniter.php(354): CodeIgniter\CodeIgniter->handleRequest(null, Object(Config\Cache), false)
11 SYSTEMPATH\Boot.php(363): CodeIgniter\CodeIgniter->run()
12 SYSTEMPATH\Boot.php(68): CodeIgniter\Boot::runCodeIgniter(Object(CodeIgniter\CodeIgniter))
13 FCPATH\index.php(59): CodeIgniter\Boot::bootWeb(Object(Config\Paths))
CRITICAL - 2026-04-27 15:47:05 --> [Caused by] mysqli_sql_exception: Duplicate entry 'FS-EEX-001' for key 'uniq_asset_code'
in SYSTEMPATH\Database\MySQLi\Connection.php on line 327.
 1 SYSTEMPATH\Database\MySQLi\Connection.php(327): mysqli->query('UPDATE `compliance_inventory` SET `category_id` = \'3\', `area_id` = \'12\', `item_type_id` = \'59\', `asset_code` = \'FS-EEX-001\', `type_description` = \'\', `specific_area` = \'Pintu Office ke Produksi\', `pic` = \'\', `status` = \'Good\', `remark` = \'\', `expired_date` = \'\', `updated_at` = \'2026-04-27 15:47:05\'
WHERE `compliance_inventory`.`id` IN (\'738\')', 0)
 2 SYSTEMPATH\Database\BaseConnection.php(729): CodeIgniter\Database\MySQLi\Connection->execute('UPDATE `compliance_inventory` SET `category_id` = \'3\', `area_id` = \'12\', `item_type_id` = \'59\', `asset_code` = \'FS-EEX-001\', `type_description` = \'\', `specific_area` = \'Pintu Office ke Produksi\', `pic` = \'\', `status` = \'Good\', `remark` = \'\', `expired_date` = \'\', `updated_at` = \'2026-04-27 15:47:05\'
WHERE `compliance_inventory`.`id` IN (\'738\')')
 3 SYSTEMPATH\Database\BaseConnection.php(646): CodeIgniter\Database\BaseConnection->simpleQuery('UPDATE `compliance_inventory` SET `category_id` = \'3\', `area_id` = \'12\', `item_type_id` = \'59\', `asset_code` = \'FS-EEX-001\', `type_description` = \'\', `specific_area` = \'Pintu Office ke Produksi\', `pic` = \'\', `status` = \'Good\', `remark` = \'\', `expired_date` = \'\', `updated_at` = \'2026-04-27 15:47:05\'
WHERE `compliance_inventory`.`id` IN (\'738\')')
 4 SYSTEMPATH\Database\BaseBuilder.php(2521): CodeIgniter\Database\BaseConnection->query('UPDATE `compliance_inventory` SET `category_id` = :category_id:, `area_id` = :area_id:, `item_type_id` = :item_type_id:, `asset_code` = :asset_code:, `type_description` = :type_description:, `specific_area` = :specific_area:, `pic` = :pic:, `status` = :status:, `remark` = :remark:, `expired_date` = :expired_date:, `updated_at` = :updated_at:
WHERE `compliance_inventory`.`id` IN :compliance_inventory.id:', [...], false)
 5 SYSTEMPATH\Model.php(461): CodeIgniter\Database\BaseBuilder->update()
 6 SYSTEMPATH\BaseModel.php(1010): CodeIgniter\Model->doUpdate([...], [...])
 7 SYSTEMPATH\Model.php(860): CodeIgniter\BaseModel->update([...], [...])
 8 APPPATH\Controllers\ComplianceInventoryController.php(152): CodeIgniter\Model->update('738', [...])
 9 SYSTEMPATH\CodeIgniter.php(933): App\Controllers\ComplianceInventoryController->update('738')
10 SYSTEMPATH\CodeIgniter.php(507): CodeIgniter\CodeIgniter->runController(Object(App\Controllers\ComplianceInventoryController))
11 SYSTEMPATH\CodeIgniter.php(354): CodeIgniter\CodeIgniter->handleRequest(null, Object(Config\Cache), false)
12 SYSTEMPATH\Boot.php(363): CodeIgniter\CodeIgniter->run()
13 SYSTEMPATH\Boot.php(68): CodeIgniter\Boot::runCodeIgniter(Object(CodeIgniter\CodeIgniter))
14 FCPATH\index.php(59): CodeIgniter\Boot::bootWeb(Object(Config\Paths))
ERROR - 2026-04-27 15:47:05 --> mysqli_sql_exception: Duplicate entry 'FS-EEX-001' for key 'uniq_asset_code' in C:\xampp\htdocs\eams\system\Database\MySQLi\Connection.php:327
Stack trace:
#0 C:\xampp\htdocs\eams\system\Database\MySQLi\Connection.php(327): mysqli->query('UPDATE `complia...', 0)
#1 C:\xampp\htdocs\eams\system\Database\BaseConnection.php(729): CodeIgniter\Database\MySQLi\Connection->execute('UPDATE `complia...')
#2 C:\xampp\htdocs\eams\system\Database\BaseConnection.php(646): CodeIgniter\Database\BaseConnection->simpleQuery('UPDATE `complia...')
#3 C:\xampp\htdocs\eams\system\Database\BaseBuilder.php(2521): CodeIgniter\Database\BaseConnection->query('UPDATE `complia...', Array, false)
#4 C:\xampp\htdocs\eams\system\Model.php(461): CodeIgniter\Database\BaseBuilder->update()
#5 C:\xampp\htdocs\eams\system\BaseModel.php(1010): CodeIgniter\Model->doUpdate(Array, Array)
#6 C:\xampp\htdocs\eams\system\Model.php(860): CodeIgniter\BaseModel->update(Array, Array)
#7 C:\xampp\htdocs\eams\app\Controllers\ComplianceInventoryController.php(152): CodeIgniter\Model->update('738', Array)
#8 C:\xampp\htdocs\eams\system\CodeIgniter.php(933): App\Controllers\ComplianceInventoryController->update('738')
#9 C:\xampp\htdocs\eams\system\CodeIgniter.php(507): CodeIgniter\CodeIgniter->runController(Object(App\Controllers\ComplianceInventoryController))
#10 C:\xampp\htdocs\eams\system\CodeIgniter.php(354): CodeIgniter\CodeIgniter->handleRequest(NULL, Object(Config\Cache), false)
#11 C:\xampp\htdocs\eams\system\Boot.php(363): CodeIgniter\CodeIgniter->run()
#12 C:\xampp\htdocs\eams\system\Boot.php(68): CodeIgniter\Boot::runCodeIgniter(Object(CodeIgniter\CodeIgniter))
#13 C:\xampp\htdocs\eams\public\index.php(59): CodeIgniter\Boot::bootWeb(Object(Config\Paths))
#14 {main}
CRITICAL - 2026-04-27 15:47:05 --> CodeIgniter\Database\Exceptions\DatabaseException: Duplicate entry 'FS-EEX-001' for key 'uniq_asset_code'
[Method: POST, Route: compliance/inventory/update/738]
in SYSTEMPATH\Database\BaseConnection.php on line 684.
 1 SYSTEMPATH\Database\BaseBuilder.php(2521): CodeIgniter\Database\BaseConnection->query('UPDATE `compliance_inventory` SET `category_id` = :category_id:, `area_id` = :area_id:, `item_type_id` = :item_type_id:, `asset_code` = :asset_code:, `type_description` = :type_description:, `specific_area` = :specific_area:, `pic` = :pic:, `status` = :status:, `remark` = :remark:, `expired_date` = :expired_date:, `updated_at` = :updated_at:
WHERE `compliance_inventory`.`id` IN :compliance_inventory.id:', [...], false)
 2 SYSTEMPATH\Model.php(461): CodeIgniter\Database\BaseBuilder->update()
 3 SYSTEMPATH\BaseModel.php(1010): CodeIgniter\Model->doUpdate([...], [...])
 4 SYSTEMPATH\Model.php(860): CodeIgniter\BaseModel->update([...], [...])
 5 APPPATH\Controllers\ComplianceInventoryController.php(152): CodeIgniter\Model->update('738', [...])
 6 SYSTEMPATH\CodeIgniter.php(933): App\Controllers\ComplianceInventoryController->update('738')
 7 SYSTEMPATH\CodeIgniter.php(507): CodeIgniter\CodeIgniter->runController(Object(App\Controllers\ComplianceInventoryController))
 8 SYSTEMPATH\CodeIgniter.php(354): CodeIgniter\CodeIgniter->handleRequest(null, Object(Config\Cache), false)
 9 SYSTEMPATH\Boot.php(363): CodeIgniter\CodeIgniter->run()
10 SYSTEMPATH\Boot.php(68): CodeIgniter\Boot::runCodeIgniter(Object(CodeIgniter\CodeIgniter))
11 FCPATH\index.php(59): CodeIgniter\Boot::bootWeb(Object(Config\Paths))
CRITICAL - 2026-04-27 15:47:05 --> [Caused by] CodeIgniter\Database\Exceptions\DatabaseException: Duplicate entry 'FS-EEX-001' for key 'uniq_asset_code'
in SYSTEMPATH\Database\MySQLi\Connection.php on line 332.
 1 SYSTEMPATH\Database\BaseConnection.php(729): CodeIgniter\Database\MySQLi\Connection->execute('UPDATE `compliance_inventory` SET `category_id` = \'3\', `area_id` = \'12\', `item_type_id` = \'59\', `asset_code` = \'FS-EEX-001\', `type_description` = \'\', `specific_area` = \'Pintu Office ke Produksi\', `pic` = \'\', `status` = \'Good\', `remark` = \'\', `expired_date` = \'\', `updated_at` = \'2026-04-27 15:47:05\'
WHERE `compliance_inventory`.`id` IN (\'738\')')
 2 SYSTEMPATH\Database\BaseConnection.php(646): CodeIgniter\Database\BaseConnection->simpleQuery('UPDATE `compliance_inventory` SET `category_id` = \'3\', `area_id` = \'12\', `item_type_id` = \'59\', `asset_code` = \'FS-EEX-001\', `type_description` = \'\', `specific_area` = \'Pintu Office ke Produksi\', `pic` = \'\', `status` = \'Good\', `remark` = \'\', `expired_date` = \'\', `updated_at` = \'2026-04-27 15:47:05\'
WHERE `compliance_inventory`.`id` IN (\'738\')')
 3 SYSTEMPATH\Database\BaseBuilder.php(2521): CodeIgniter\Database\BaseConnection->query('UPDATE `compliance_inventory` SET `category_id` = :category_id:, `area_id` = :area_id:, `item_type_id` = :item_type_id:, `asset_code` = :asset_code:, `type_description` = :type_description:, `specific_area` = :specific_area:, `pic` = :pic:, `status` = :status:, `remark` = :remark:, `expired_date` = :expired_date:, `updated_at` = :updated_at:
WHERE `compliance_inventory`.`id` IN :compliance_inventory.id:', [...], false)
 4 SYSTEMPATH\Model.php(461): CodeIgniter\Database\BaseBuilder->update()
 5 SYSTEMPATH\BaseModel.php(1010): CodeIgniter\Model->doUpdate([...], [...])
 6 SYSTEMPATH\Model.php(860): CodeIgniter\BaseModel->update([...], [...])
 7 APPPATH\Controllers\ComplianceInventoryController.php(152): CodeIgniter\Model->update('738', [...])
 8 SYSTEMPATH\CodeIgniter.php(933): App\Controllers\ComplianceInventoryController->update('738')
 9 SYSTEMPATH\CodeIgniter.php(507): CodeIgniter\CodeIgniter->runController(Object(App\Controllers\ComplianceInventoryController))
10 SYSTEMPATH\CodeIgniter.php(354): CodeIgniter\CodeIgniter->handleRequest(null, Object(Config\Cache), false)
11 SYSTEMPATH\Boot.php(363): CodeIgniter\CodeIgniter->run()
12 SYSTEMPATH\Boot.php(68): CodeIgniter\Boot::runCodeIgniter(Object(CodeIgniter\CodeIgniter))
13 FCPATH\index.php(59): CodeIgniter\Boot::bootWeb(Object(Config\Paths))
CRITICAL - 2026-04-27 15:47:05 --> [Caused by] mysqli_sql_exception: Duplicate entry 'FS-EEX-001' for key 'uniq_asset_code'
in SYSTEMPATH\Database\MySQLi\Connection.php on line 327.
 1 SYSTEMPATH\Database\MySQLi\Connection.php(327): mysqli->query('UPDATE `compliance_inventory` SET `category_id` = \'3\', `area_id` = \'12\', `item_type_id` = \'59\', `asset_code` = \'FS-EEX-001\', `type_description` = \'\', `specific_area` = \'Pintu Office ke Produksi\', `pic` = \'\', `status` = \'Good\', `remark` = \'\', `expired_date` = \'\', `updated_at` = \'2026-04-27 15:47:05\'
WHERE `compliance_inventory`.`id` IN (\'738\')', 0)
 2 SYSTEMPATH\Database\BaseConnection.php(729): CodeIgniter\Database\MySQLi\Connection->execute('UPDATE `compliance_inventory` SET `category_id` = \'3\', `area_id` = \'12\', `item_type_id` = \'59\', `asset_code` = \'FS-EEX-001\', `type_description` = \'\', `specific_area` = \'Pintu Office ke Produksi\', `pic` = \'\', `status` = \'Good\', `remark` = \'\', `expired_date` = \'\', `updated_at` = \'2026-04-27 15:47:05\'
WHERE `compliance_inventory`.`id` IN (\'738\')')
 3 SYSTEMPATH\Database\BaseConnection.php(646): CodeIgniter\Database\BaseConnection->simpleQuery('UPDATE `compliance_inventory` SET `category_id` = \'3\', `area_id` = \'12\', `item_type_id` = \'59\', `asset_code` = \'FS-EEX-001\', `type_description` = \'\', `specific_area` = \'Pintu Office ke Produksi\', `pic` = \'\', `status` = \'Good\', `remark` = \'\', `expired_date` = \'\', `updated_at` = \'2026-04-27 15:47:05\'
WHERE `compliance_inventory`.`id` IN (\'738\')')
 4 SYSTEMPATH\Database\BaseBuilder.php(2521): CodeIgniter\Database\BaseConnection->query('UPDATE `compliance_inventory` SET `category_id` = :category_id:, `area_id` = :area_id:, `item_type_id` = :item_type_id:, `asset_code` = :asset_code:, `type_description` = :type_description:, `specific_area` = :specific_area:, `pic` = :pic:, `status` = :status:, `remark` = :remark:, `expired_date` = :expired_date:, `updated_at` = :updated_at:
WHERE `compliance_inventory`.`id` IN :compliance_inventory.id:', [...], false)
 5 SYSTEMPATH\Model.php(461): CodeIgniter\Database\BaseBuilder->update()
 6 SYSTEMPATH\BaseModel.php(1010): CodeIgniter\Model->doUpdate([...], [...])
 7 SYSTEMPATH\Model.php(860): CodeIgniter\BaseModel->update([...], [...])
 8 APPPATH\Controllers\ComplianceInventoryController.php(152): CodeIgniter\Model->update('738', [...])
 9 SYSTEMPATH\CodeIgniter.php(933): App\Controllers\ComplianceInventoryController->update('738')
10 SYSTEMPATH\CodeIgniter.php(507): CodeIgniter\CodeIgniter->runController(Object(App\Controllers\ComplianceInventoryController))
11 SYSTEMPATH\CodeIgniter.php(354): CodeIgniter\CodeIgniter->handleRequest(null, Object(Config\Cache), false)
12 SYSTEMPATH\Boot.php(363): CodeIgniter\CodeIgniter->run()
13 SYSTEMPATH\Boot.php(68): CodeIgniter\Boot::runCodeIgniter(Object(CodeIgniter\CodeIgniter))
14 FCPATH\index.php(59): CodeIgniter\Boot::bootWeb(Object(Config\Paths))
ERROR - 2026-04-27 15:47:05 --> mysqli_sql_exception: Duplicate entry 'FS-EEX-001' for key 'uniq_asset_code' in C:\xampp\htdocs\eams\system\Database\MySQLi\Connection.php:327
Stack trace:
#0 C:\xampp\htdocs\eams\system\Database\MySQLi\Connection.php(327): mysqli->query('UPDATE `complia...', 0)
#1 C:\xampp\htdocs\eams\system\Database\BaseConnection.php(729): CodeIgniter\Database\MySQLi\Connection->execute('UPDATE `complia...')
#2 C:\xampp\htdocs\eams\system\Database\BaseConnection.php(646): CodeIgniter\Database\BaseConnection->simpleQuery('UPDATE `complia...')
#3 C:\xampp\htdocs\eams\system\Database\BaseBuilder.php(2521): CodeIgniter\Database\BaseConnection->query('UPDATE `complia...', Array, false)
#4 C:\xampp\htdocs\eams\system\Model.php(461): CodeIgniter\Database\BaseBuilder->update()
#5 C:\xampp\htdocs\eams\system\BaseModel.php(1010): CodeIgniter\Model->doUpdate(Array, Array)
#6 C:\xampp\htdocs\eams\system\Model.php(860): CodeIgniter\BaseModel->update(Array, Array)
#7 C:\xampp\htdocs\eams\app\Controllers\ComplianceInventoryController.php(152): CodeIgniter\Model->update('738', Array)
#8 C:\xampp\htdocs\eams\system\CodeIgniter.php(933): App\Controllers\ComplianceInventoryController->update('738')
#9 C:\xampp\htdocs\eams\system\CodeIgniter.php(507): CodeIgniter\CodeIgniter->runController(Object(App\Controllers\ComplianceInventoryController))
#10 C:\xampp\htdocs\eams\system\CodeIgniter.php(354): CodeIgniter\CodeIgniter->handleRequest(NULL, Object(Config\Cache), false)
#11 C:\xampp\htdocs\eams\system\Boot.php(363): CodeIgniter\CodeIgniter->run()
#12 C:\xampp\htdocs\eams\system\Boot.php(68): CodeIgniter\Boot::runCodeIgniter(Object(CodeIgniter\CodeIgniter))
#13 C:\xampp\htdocs\eams\public\index.php(59): CodeIgniter\Boot::bootWeb(Object(Config\Paths))
#14 {main}
CRITICAL - 2026-04-27 15:47:05 --> CodeIgniter\Database\Exceptions\DatabaseException: Duplicate entry 'FS-EEX-001' for key 'uniq_asset_code'
[Method: POST, Route: compliance/inventory/update/738]
in SYSTEMPATH\Database\BaseConnection.php on line 684.
 1 SYSTEMPATH\Database\BaseBuilder.php(2521): CodeIgniter\Database\BaseConnection->query('UPDATE `compliance_inventory` SET `category_id` = :category_id:, `area_id` = :area_id:, `item_type_id` = :item_type_id:, `asset_code` = :asset_code:, `type_description` = :type_description:, `specific_area` = :specific_area:, `pic` = :pic:, `status` = :status:, `remark` = :remark:, `expired_date` = :expired_date:, `updated_at` = :updated_at:
WHERE `compliance_inventory`.`id` IN :compliance_inventory.id:', [...], false)
 2 SYSTEMPATH\Model.php(461): CodeIgniter\Database\BaseBuilder->update()
 3 SYSTEMPATH\BaseModel.php(1010): CodeIgniter\Model->doUpdate([...], [...])
 4 SYSTEMPATH\Model.php(860): CodeIgniter\BaseModel->update([...], [...])
 5 APPPATH\Controllers\ComplianceInventoryController.php(152): CodeIgniter\Model->update('738', [...])
 6 SYSTEMPATH\CodeIgniter.php(933): App\Controllers\ComplianceInventoryController->update('738')
 7 SYSTEMPATH\CodeIgniter.php(507): CodeIgniter\CodeIgniter->runController(Object(App\Controllers\ComplianceInventoryController))
 8 SYSTEMPATH\CodeIgniter.php(354): CodeIgniter\CodeIgniter->handleRequest(null, Object(Config\Cache), false)
 9 SYSTEMPATH\Boot.php(363): CodeIgniter\CodeIgniter->run()
10 SYSTEMPATH\Boot.php(68): CodeIgniter\Boot::runCodeIgniter(Object(CodeIgniter\CodeIgniter))
11 FCPATH\index.php(59): CodeIgniter\Boot::bootWeb(Object(Config\Paths))
CRITICAL - 2026-04-27 15:47:05 --> [Caused by] CodeIgniter\Database\Exceptions\DatabaseException: Duplicate entry 'FS-EEX-001' for key 'uniq_asset_code'
in SYSTEMPATH\Database\MySQLi\Connection.php on line 332.
 1 SYSTEMPATH\Database\BaseConnection.php(729): CodeIgniter\Database\MySQLi\Connection->execute('UPDATE `compliance_inventory` SET `category_id` = \'3\', `area_id` = \'12\', `item_type_id` = \'59\', `asset_code` = \'FS-EEX-001\', `type_description` = \'\', `specific_area` = \'Pintu Office ke Produksi\', `pic` = \'\', `status` = \'Good\', `remark` = \'\', `expired_date` = \'\', `updated_at` = \'2026-04-27 15:47:05\'
WHERE `compliance_inventory`.`id` IN (\'738\')')
 2 SYSTEMPATH\Database\BaseConnection.php(646): CodeIgniter\Database\BaseConnection->simpleQuery('UPDATE `compliance_inventory` SET `category_id` = \'3\', `area_id` = \'12\', `item_type_id` = \'59\', `asset_code` = \'FS-EEX-001\', `type_description` = \'\', `specific_area` = \'Pintu Office ke Produksi\', `pic` = \'\', `status` = \'Good\', `remark` = \'\', `expired_date` = \'\', `updated_at` = \'2026-04-27 15:47:05\'
WHERE `compliance_inventory`.`id` IN (\'738\')')
 3 SYSTEMPATH\Database\BaseBuilder.php(2521): CodeIgniter\Database\BaseConnection->query('UPDATE `compliance_inventory` SET `category_id` = :category_id:, `area_id` = :area_id:, `item_type_id` = :item_type_id:, `asset_code` = :asset_code:, `type_description` = :type_description:, `specific_area` = :specific_area:, `pic` = :pic:, `status` = :status:, `remark` = :remark:, `expired_date` = :expired_date:, `updated_at` = :updated_at:
WHERE `compliance_inventory`.`id` IN :compliance_inventory.id:', [...], false)
 4 SYSTEMPATH\Model.php(461): CodeIgniter\Database\BaseBuilder->update()
 5 SYSTEMPATH\BaseModel.php(1010): CodeIgniter\Model->doUpdate([...], [...])
 6 SYSTEMPATH\Model.php(860): CodeIgniter\BaseModel->update([...], [...])
 7 APPPATH\Controllers\ComplianceInventoryController.php(152): CodeIgniter\Model->update('738', [...])
 8 SYSTEMPATH\CodeIgniter.php(933): App\Controllers\ComplianceInventoryController->update('738')
 9 SYSTEMPATH\CodeIgniter.php(507): CodeIgniter\CodeIgniter->runController(Object(App\Controllers\ComplianceInventoryController))
10 SYSTEMPATH\CodeIgniter.php(354): CodeIgniter\CodeIgniter->handleRequest(null, Object(Config\Cache), false)
11 SYSTEMPATH\Boot.php(363): CodeIgniter\CodeIgniter->run()
12 SYSTEMPATH\Boot.php(68): CodeIgniter\Boot::runCodeIgniter(Object(CodeIgniter\CodeIgniter))
13 FCPATH\index.php(59): CodeIgniter\Boot::bootWeb(Object(Config\Paths))
CRITICAL - 2026-04-27 15:47:05 --> [Caused by] mysqli_sql_exception: Duplicate entry 'FS-EEX-001' for key 'uniq_asset_code'
in SYSTEMPATH\Database\MySQLi\Connection.php on line 327.
 1 SYSTEMPATH\Database\MySQLi\Connection.php(327): mysqli->query('UPDATE `compliance_inventory` SET `category_id` = \'3\', `area_id` = \'12\', `item_type_id` = \'59\', `asset_code` = \'FS-EEX-001\', `type_description` = \'\', `specific_area` = \'Pintu Office ke Produksi\', `pic` = \'\', `status` = \'Good\', `remark` = \'\', `expired_date` = \'\', `updated_at` = \'2026-04-27 15:47:05\'
WHERE `compliance_inventory`.`id` IN (\'738\')', 0)
 2 SYSTEMPATH\Database\BaseConnection.php(729): CodeIgniter\Database\MySQLi\Connection->execute('UPDATE `compliance_inventory` SET `category_id` = \'3\', `area_id` = \'12\', `item_type_id` = \'59\', `asset_code` = \'FS-EEX-001\', `type_description` = \'\', `specific_area` = \'Pintu Office ke Produksi\', `pic` = \'\', `status` = \'Good\', `remark` = \'\', `expired_date` = \'\', `updated_at` = \'2026-04-27 15:47:05\'
WHERE `compliance_inventory`.`id` IN (\'738\')')
 3 SYSTEMPATH\Database\BaseConnection.php(646): CodeIgniter\Database\BaseConnection->simpleQuery('UPDATE `compliance_inventory` SET `category_id` = \'3\', `area_id` = \'12\', `item_type_id` = \'59\', `asset_code` = \'FS-EEX-001\', `type_description` = \'\', `specific_area` = \'Pintu Office ke Produksi\', `pic` = \'\', `status` = \'Good\', `remark` = \'\', `expired_date` = \'\', `updated_at` = \'2026-04-27 15:47:05\'
WHERE `compliance_inventory`.`id` IN (\'738\')')
 4 SYSTEMPATH\Database\BaseBuilder.php(2521): CodeIgniter\Database\BaseConnection->query('UPDATE `compliance_inventory` SET `category_id` = :category_id:, `area_id` = :area_id:, `item_type_id` = :item_type_id:, `asset_code` = :asset_code:, `type_description` = :type_description:, `specific_area` = :specific_area:, `pic` = :pic:, `status` = :status:, `remark` = :remark:, `expired_date` = :expired_date:, `updated_at` = :updated_at:
WHERE `compliance_inventory`.`id` IN :compliance_inventory.id:', [...], false)
 5 SYSTEMPATH\Model.php(461): CodeIgniter\Database\BaseBuilder->update()
 6 SYSTEMPATH\BaseModel.php(1010): CodeIgniter\Model->doUpdate([...], [...])
 7 SYSTEMPATH\Model.php(860): CodeIgniter\BaseModel->update([...], [...])
 8 APPPATH\Controllers\ComplianceInventoryController.php(152): CodeIgniter\Model->update('738', [...])
 9 SYSTEMPATH\CodeIgniter.php(933): App\Controllers\ComplianceInventoryController->update('738')
10 SYSTEMPATH\CodeIgniter.php(507): CodeIgniter\CodeIgniter->runController(Object(App\Controllers\ComplianceInventoryController))
11 SYSTEMPATH\CodeIgniter.php(354): CodeIgniter\CodeIgniter->handleRequest(null, Object(Config\Cache), false)
12 SYSTEMPATH\Boot.php(363): CodeIgniter\CodeIgniter->run()
13 SYSTEMPATH\Boot.php(68): CodeIgniter\Boot::runCodeIgniter(Object(CodeIgniter\CodeIgniter))
14 FCPATH\index.php(59): CodeIgniter\Boot::bootWeb(Object(Config\Paths))
ERROR - 2026-04-27 15:47:05 --> mysqli_sql_exception: Duplicate entry 'FS-EEX-001' for key 'uniq_asset_code' in C:\xampp\htdocs\eams\system\Database\MySQLi\Connection.php:327
Stack trace:
#0 C:\xampp\htdocs\eams\system\Database\MySQLi\Connection.php(327): mysqli->query('UPDATE `complia...', 0)
#1 C:\xampp\htdocs\eams\system\Database\BaseConnection.php(729): CodeIgniter\Database\MySQLi\Connection->execute('UPDATE `complia...')
#2 C:\xampp\htdocs\eams\system\Database\BaseConnection.php(646): CodeIgniter\Database\BaseConnection->simpleQuery('UPDATE `complia...')
#3 C:\xampp\htdocs\eams\system\Database\BaseBuilder.php(2521): CodeIgniter\Database\BaseConnection->query('UPDATE `complia...', Array, false)
#4 C:\xampp\htdocs\eams\system\Model.php(461): CodeIgniter\Database\BaseBuilder->update()
#5 C:\xampp\htdocs\eams\system\BaseModel.php(1010): CodeIgniter\Model->doUpdate(Array, Array)
#6 C:\xampp\htdocs\eams\system\Model.php(860): CodeIgniter\BaseModel->update(Array, Array)
#7 C:\xampp\htdocs\eams\app\Controllers\ComplianceInventoryController.php(152): CodeIgniter\Model->update('738', Array)
#8 C:\xampp\htdocs\eams\system\CodeIgniter.php(933): App\Controllers\ComplianceInventoryController->update('738')
#9 C:\xampp\htdocs\eams\system\CodeIgniter.php(507): CodeIgniter\CodeIgniter->runController(Object(App\Controllers\ComplianceInventoryController))
#10 C:\xampp\htdocs\eams\system\CodeIgniter.php(354): CodeIgniter\CodeIgniter->handleRequest(NULL, Object(Config\Cache), false)
#11 C:\xampp\htdocs\eams\system\Boot.php(363): CodeIgniter\CodeIgniter->run()
#12 C:\xampp\htdocs\eams\system\Boot.php(68): CodeIgniter\Boot::runCodeIgniter(Object(CodeIgniter\CodeIgniter))
#13 C:\xampp\htdocs\eams\public\index.php(59): CodeIgniter\Boot::bootWeb(Object(Config\Paths))
#14 {main}
CRITICAL - 2026-04-27 15:47:05 --> CodeIgniter\Database\Exceptions\DatabaseException: Duplicate entry 'FS-EEX-001' for key 'uniq_asset_code'
[Method: POST, Route: compliance/inventory/update/738]
in SYSTEMPATH\Database\BaseConnection.php on line 684.
 1 SYSTEMPATH\Database\BaseBuilder.php(2521): CodeIgniter\Database\BaseConnection->query('UPDATE `compliance_inventory` SET `category_id` = :category_id:, `area_id` = :area_id:, `item_type_id` = :item_type_id:, `asset_code` = :asset_code:, `type_description` = :type_description:, `specific_area` = :specific_area:, `pic` = :pic:, `status` = :status:, `remark` = :remark:, `expired_date` = :expired_date:, `updated_at` = :updated_at:
WHERE `compliance_inventory`.`id` IN :compliance_inventory.id:', [...], false)
 2 SYSTEMPATH\Model.php(461): CodeIgniter\Database\BaseBuilder->update()
 3 SYSTEMPATH\BaseModel.php(1010): CodeIgniter\Model->doUpdate([...], [...])
 4 SYSTEMPATH\Model.php(860): CodeIgniter\BaseModel->update([...], [...])
 5 APPPATH\Controllers\ComplianceInventoryController.php(152): CodeIgniter\Model->update('738', [...])
 6 SYSTEMPATH\CodeIgniter.php(933): App\Controllers\ComplianceInventoryController->update('738')
 7 SYSTEMPATH\CodeIgniter.php(507): CodeIgniter\CodeIgniter->runController(Object(App\Controllers\ComplianceInventoryController))
 8 SYSTEMPATH\CodeIgniter.php(354): CodeIgniter\CodeIgniter->handleRequest(null, Object(Config\Cache), false)
 9 SYSTEMPATH\Boot.php(363): CodeIgniter\CodeIgniter->run()
10 SYSTEMPATH\Boot.php(68): CodeIgniter\Boot::runCodeIgniter(Object(CodeIgniter\CodeIgniter))
11 FCPATH\index.php(59): CodeIgniter\Boot::bootWeb(Object(Config\Paths))
CRITICAL - 2026-04-27 15:47:05 --> [Caused by] CodeIgniter\Database\Exceptions\DatabaseException: Duplicate entry 'FS-EEX-001' for key 'uniq_asset_code'
in SYSTEMPATH\Database\MySQLi\Connection.php on line 332.
 1 SYSTEMPATH\Database\BaseConnection.php(729): CodeIgniter\Database\MySQLi\Connection->execute('UPDATE `compliance_inventory` SET `category_id` = \'3\', `area_id` = \'12\', `item_type_id` = \'59\', `asset_code` = \'FS-EEX-001\', `type_description` = \'\', `specific_area` = \'Pintu Office ke Produksi\', `pic` = \'\', `status` = \'Good\', `remark` = \'\', `expired_date` = \'\', `updated_at` = \'2026-04-27 15:47:05\'
WHERE `compliance_inventory`.`id` IN (\'738\')')
 2 SYSTEMPATH\Database\BaseConnection.php(646): CodeIgniter\Database\BaseConnection->simpleQuery('UPDATE `compliance_inventory` SET `category_id` = \'3\', `area_id` = \'12\', `item_type_id` = \'59\', `asset_code` = \'FS-EEX-001\', `type_description` = \'\', `specific_area` = \'Pintu Office ke Produksi\', `pic` = \'\', `status` = \'Good\', `remark` = \'\', `expired_date` = \'\', `updated_at` = \'2026-04-27 15:47:05\'
WHERE `compliance_inventory`.`id` IN (\'738\')')
 3 SYSTEMPATH\Database\BaseBuilder.php(2521): CodeIgniter\Database\BaseConnection->query('UPDATE `compliance_inventory` SET `category_id` = :category_id:, `area_id` = :area_id:, `item_type_id` = :item_type_id:, `asset_code` = :asset_code:, `type_description` = :type_description:, `specific_area` = :specific_area:, `pic` = :pic:, `status` = :status:, `remark` = :remark:, `expired_date` = :expired_date:, `updated_at` = :updated_at:
WHERE `compliance_inventory`.`id` IN :compliance_inventory.id:', [...], false)
 4 SYSTEMPATH\Model.php(461): CodeIgniter\Database\BaseBuilder->update()
 5 SYSTEMPATH\BaseModel.php(1010): CodeIgniter\Model->doUpdate([...], [...])
 6 SYSTEMPATH\Model.php(860): CodeIgniter\BaseModel->update([...], [...])
 7 APPPATH\Controllers\ComplianceInventoryController.php(152): CodeIgniter\Model->update('738', [...])
 8 SYSTEMPATH\CodeIgniter.php(933): App\Controllers\ComplianceInventoryController->update('738')
 9 SYSTEMPATH\CodeIgniter.php(507): CodeIgniter\CodeIgniter->runController(Object(App\Controllers\ComplianceInventoryController))
10 SYSTEMPATH\CodeIgniter.php(354): CodeIgniter\CodeIgniter->handleRequest(null, Object(Config\Cache), false)
11 SYSTEMPATH\Boot.php(363): CodeIgniter\CodeIgniter->run()
12 SYSTEMPATH\Boot.php(68): CodeIgniter\Boot::runCodeIgniter(Object(CodeIgniter\CodeIgniter))
13 FCPATH\index.php(59): CodeIgniter\Boot::bootWeb(Object(Config\Paths))
CRITICAL - 2026-04-27 15:47:05 --> [Caused by] mysqli_sql_exception: Duplicate entry 'FS-EEX-001' for key 'uniq_asset_code'
in SYSTEMPATH\Database\MySQLi\Connection.php on line 327.
 1 SYSTEMPATH\Database\MySQLi\Connection.php(327): mysqli->query('UPDATE `compliance_inventory` SET `category_id` = \'3\', `area_id` = \'12\', `item_type_id` = \'59\', `asset_code` = \'FS-EEX-001\', `type_description` = \'\', `specific_area` = \'Pintu Office ke Produksi\', `pic` = \'\', `status` = \'Good\', `remark` = \'\', `expired_date` = \'\', `updated_at` = \'2026-04-27 15:47:05\'
WHERE `compliance_inventory`.`id` IN (\'738\')', 0)
 2 SYSTEMPATH\Database\BaseConnection.php(729): CodeIgniter\Database\MySQLi\Connection->execute('UPDATE `compliance_inventory` SET `category_id` = \'3\', `area_id` = \'12\', `item_type_id` = \'59\', `asset_code` = \'FS-EEX-001\', `type_description` = \'\', `specific_area` = \'Pintu Office ke Produksi\', `pic` = \'\', `status` = \'Good\', `remark` = \'\', `expired_date` = \'\', `updated_at` = \'2026-04-27 15:47:05\'
WHERE `compliance_inventory`.`id` IN (\'738\')')
 3 SYSTEMPATH\Database\BaseConnection.php(646): CodeIgniter\Database\BaseConnection->simpleQuery('UPDATE `compliance_inventory` SET `category_id` = \'3\', `area_id` = \'12\', `item_type_id` = \'59\', `asset_code` = \'FS-EEX-001\', `type_description` = \'\', `specific_area` = \'Pintu Office ke Produksi\', `pic` = \'\', `status` = \'Good\', `remark` = \'\', `expired_date` = \'\', `updated_at` = \'2026-04-27 15:47:05\'
WHERE `compliance_inventory`.`id` IN (\'738\')')
 4 SYSTEMPATH\Database\BaseBuilder.php(2521): CodeIgniter\Database\BaseConnection->query('UPDATE `compliance_inventory` SET `category_id` = :category_id:, `area_id` = :area_id:, `item_type_id` = :item_type_id:, `asset_code` = :asset_code:, `type_description` = :type_description:, `specific_area` = :specific_area:, `pic` = :pic:, `status` = :status:, `remark` = :remark:, `expired_date` = :expired_date:, `updated_at` = :updated_at:
WHERE `compliance_inventory`.`id` IN :compliance_inventory.id:', [...], false)
 5 SYSTEMPATH\Model.php(461): CodeIgniter\Database\BaseBuilder->update()
 6 SYSTEMPATH\BaseModel.php(1010): CodeIgniter\Model->doUpdate([...], [...])
 7 SYSTEMPATH\Model.php(860): CodeIgniter\BaseModel->update([...], [...])
 8 APPPATH\Controllers\ComplianceInventoryController.php(152): CodeIgniter\Model->update('738', [...])
 9 SYSTEMPATH\CodeIgniter.php(933): App\Controllers\ComplianceInventoryController->update('738')
10 SYSTEMPATH\CodeIgniter.php(507): CodeIgniter\CodeIgniter->runController(Object(App\Controllers\ComplianceInventoryController))
11 SYSTEMPATH\CodeIgniter.php(354): CodeIgniter\CodeIgniter->handleRequest(null, Object(Config\Cache), false)
12 SYSTEMPATH\Boot.php(363): CodeIgniter\CodeIgniter->run()
13 SYSTEMPATH\Boot.php(68): CodeIgniter\Boot::runCodeIgniter(Object(CodeIgniter\CodeIgniter))
14 FCPATH\index.php(59): CodeIgniter\Boot::bootWeb(Object(Config\Paths))
ERROR - 2026-04-27 16:09:30 --> mysqli_sql_exception: Duplicate entry 'FS-EEX-001' for key 'uniq_asset_code' in C:\xampp\htdocs\eams\system\Database\MySQLi\Connection.php:327
Stack trace:
#0 C:\xampp\htdocs\eams\system\Database\MySQLi\Connection.php(327): mysqli->query('UPDATE `complia...', 0)
#1 C:\xampp\htdocs\eams\system\Database\BaseConnection.php(729): CodeIgniter\Database\MySQLi\Connection->execute('UPDATE `complia...')
#2 C:\xampp\htdocs\eams\system\Database\BaseConnection.php(646): CodeIgniter\Database\BaseConnection->simpleQuery('UPDATE `complia...')
#3 C:\xampp\htdocs\eams\system\Database\BaseBuilder.php(2521): CodeIgniter\Database\BaseConnection->query('UPDATE `complia...', Array, false)
#4 C:\xampp\htdocs\eams\system\Model.php(461): CodeIgniter\Database\BaseBuilder->update()
#5 C:\xampp\htdocs\eams\system\BaseModel.php(1010): CodeIgniter\Model->doUpdate(Array, Array)
#6 C:\xampp\htdocs\eams\system\Model.php(860): CodeIgniter\BaseModel->update(Array, Array)
#7 C:\xampp\htdocs\eams\app\Controllers\ComplianceInventoryController.php(152): CodeIgniter\Model->update('738', Array)
#8 C:\xampp\htdocs\eams\system\CodeIgniter.php(933): App\Controllers\ComplianceInventoryController->update('738')
#9 C:\xampp\htdocs\eams\system\CodeIgniter.php(507): CodeIgniter\CodeIgniter->runController(Object(App\Controllers\ComplianceInventoryController))
#10 C:\xampp\htdocs\eams\system\CodeIgniter.php(354): CodeIgniter\CodeIgniter->handleRequest(NULL, Object(Config\Cache), false)
#11 C:\xampp\htdocs\eams\system\Boot.php(363): CodeIgniter\CodeIgniter->run()
#12 C:\xampp\htdocs\eams\system\Boot.php(68): CodeIgniter\Boot::runCodeIgniter(Object(CodeIgniter\CodeIgniter))
#13 C:\xampp\htdocs\eams\public\index.php(59): CodeIgniter\Boot::bootWeb(Object(Config\Paths))
#14 {main}
CRITICAL - 2026-04-27 16:09:30 --> CodeIgniter\Database\Exceptions\DatabaseException: Duplicate entry 'FS-EEX-001' for key 'uniq_asset_code'
[Method: POST, Route: compliance/inventory/update/738]
in SYSTEMPATH\Database\BaseConnection.php on line 684.
 1 SYSTEMPATH\Database\BaseBuilder.php(2521): CodeIgniter\Database\BaseConnection->query('UPDATE `compliance_inventory` SET `category_id` = :category_id:, `area_id` = :area_id:, `item_type_id` = :item_type_id:, `asset_code` = :asset_code:, `type_description` = :type_description:, `specific_area` = :specific_area:, `pic` = :pic:, `status` = :status:, `remark` = :remark:, `expired_date` = :expired_date:, `updated_at` = :updated_at:
WHERE `compliance_inventory`.`id` IN :compliance_inventory.id:', [...], false)
 2 SYSTEMPATH\Model.php(461): CodeIgniter\Database\BaseBuilder->update()
 3 SYSTEMPATH\BaseModel.php(1010): CodeIgniter\Model->doUpdate([...], [...])
 4 SYSTEMPATH\Model.php(860): CodeIgniter\BaseModel->update([...], [...])
 5 APPPATH\Controllers\ComplianceInventoryController.php(152): CodeIgniter\Model->update('738', [...])
 6 SYSTEMPATH\CodeIgniter.php(933): App\Controllers\ComplianceInventoryController->update('738')
 7 SYSTEMPATH\CodeIgniter.php(507): CodeIgniter\CodeIgniter->runController(Object(App\Controllers\ComplianceInventoryController))
 8 SYSTEMPATH\CodeIgniter.php(354): CodeIgniter\CodeIgniter->handleRequest(null, Object(Config\Cache), false)
 9 SYSTEMPATH\Boot.php(363): CodeIgniter\CodeIgniter->run()
10 SYSTEMPATH\Boot.php(68): CodeIgniter\Boot::runCodeIgniter(Object(CodeIgniter\CodeIgniter))
11 FCPATH\index.php(59): CodeIgniter\Boot::bootWeb(Object(Config\Paths))
CRITICAL - 2026-04-27 16:09:30 --> [Caused by] CodeIgniter\Database\Exceptions\DatabaseException: Duplicate entry 'FS-EEX-001' for key 'uniq_asset_code'
in SYSTEMPATH\Database\MySQLi\Connection.php on line 332.
 1 SYSTEMPATH\Database\BaseConnection.php(729): CodeIgniter\Database\MySQLi\Connection->execute('UPDATE `compliance_inventory` SET `category_id` = \'3\', `area_id` = \'12\', `item_type_id` = \'59\', `asset_code` = \'FS-EEX-001\', `type_description` = \'\', `specific_area` = \'Pintu Office ke Produksi\', `pic` = \'\', `status` = \'Good\', `remark` = \'\', `expired_date` = \'\', `updated_at` = \'2026-04-27 16:09:30\'
WHERE `compliance_inventory`.`id` IN (\'738\')')
 2 SYSTEMPATH\Database\BaseConnection.php(646): CodeIgniter\Database\BaseConnection->simpleQuery('UPDATE `compliance_inventory` SET `category_id` = \'3\', `area_id` = \'12\', `item_type_id` = \'59\', `asset_code` = \'FS-EEX-001\', `type_description` = \'\', `specific_area` = \'Pintu Office ke Produksi\', `pic` = \'\', `status` = \'Good\', `remark` = \'\', `expired_date` = \'\', `updated_at` = \'2026-04-27 16:09:30\'
WHERE `compliance_inventory`.`id` IN (\'738\')')
 3 SYSTEMPATH\Database\BaseBuilder.php(2521): CodeIgniter\Database\BaseConnection->query('UPDATE `compliance_inventory` SET `category_id` = :category_id:, `area_id` = :area_id:, `item_type_id` = :item_type_id:, `asset_code` = :asset_code:, `type_description` = :type_description:, `specific_area` = :specific_area:, `pic` = :pic:, `status` = :status:, `remark` = :remark:, `expired_date` = :expired_date:, `updated_at` = :updated_at:
WHERE `compliance_inventory`.`id` IN :compliance_inventory.id:', [...], false)
 4 SYSTEMPATH\Model.php(461): CodeIgniter\Database\BaseBuilder->update()
 5 SYSTEMPATH\BaseModel.php(1010): CodeIgniter\Model->doUpdate([...], [...])
 6 SYSTEMPATH\Model.php(860): CodeIgniter\BaseModel->update([...], [...])
 7 APPPATH\Controllers\ComplianceInventoryController.php(152): CodeIgniter\Model->update('738', [...])
 8 SYSTEMPATH\CodeIgniter.php(933): App\Controllers\ComplianceInventoryController->update('738')
 9 SYSTEMPATH\CodeIgniter.php(507): CodeIgniter\CodeIgniter->runController(Object(App\Controllers\ComplianceInventoryController))
10 SYSTEMPATH\CodeIgniter.php(354): CodeIgniter\CodeIgniter->handleRequest(null, Object(Config\Cache), false)
11 SYSTEMPATH\Boot.php(363): CodeIgniter\CodeIgniter->run()
12 SYSTEMPATH\Boot.php(68): CodeIgniter\Boot::runCodeIgniter(Object(CodeIgniter\CodeIgniter))
13 FCPATH\index.php(59): CodeIgniter\Boot::bootWeb(Object(Config\Paths))
CRITICAL - 2026-04-27 16:09:30 --> [Caused by] mysqli_sql_exception: Duplicate entry 'FS-EEX-001' for key 'uniq_asset_code'
in SYSTEMPATH\Database\MySQLi\Connection.php on line 327.
 1 SYSTEMPATH\Database\MySQLi\Connection.php(327): mysqli->query('UPDATE `compliance_inventory` SET `category_id` = \'3\', `area_id` = \'12\', `item_type_id` = \'59\', `asset_code` = \'FS-EEX-001\', `type_description` = \'\', `specific_area` = \'Pintu Office ke Produksi\', `pic` = \'\', `status` = \'Good\', `remark` = \'\', `expired_date` = \'\', `updated_at` = \'2026-04-27 16:09:30\'
WHERE `compliance_inventory`.`id` IN (\'738\')', 0)
 2 SYSTEMPATH\Database\BaseConnection.php(729): CodeIgniter\Database\MySQLi\Connection->execute('UPDATE `compliance_inventory` SET `category_id` = \'3\', `area_id` = \'12\', `item_type_id` = \'59\', `asset_code` = \'FS-EEX-001\', `type_description` = \'\', `specific_area` = \'Pintu Office ke Produksi\', `pic` = \'\', `status` = \'Good\', `remark` = \'\', `expired_date` = \'\', `updated_at` = \'2026-04-27 16:09:30\'
WHERE `compliance_inventory`.`id` IN (\'738\')')
 3 SYSTEMPATH\Database\BaseConnection.php(646): CodeIgniter\Database\BaseConnection->simpleQuery('UPDATE `compliance_inventory` SET `category_id` = \'3\', `area_id` = \'12\', `item_type_id` = \'59\', `asset_code` = \'FS-EEX-001\', `type_description` = \'\', `specific_area` = \'Pintu Office ke Produksi\', `pic` = \'\', `status` = \'Good\', `remark` = \'\', `expired_date` = \'\', `updated_at` = \'2026-04-27 16:09:30\'
WHERE `compliance_inventory`.`id` IN (\'738\')')
 4 SYSTEMPATH\Database\BaseBuilder.php(2521): CodeIgniter\Database\BaseConnection->query('UPDATE `compliance_inventory` SET `category_id` = :category_id:, `area_id` = :area_id:, `item_type_id` = :item_type_id:, `asset_code` = :asset_code:, `type_description` = :type_description:, `specific_area` = :specific_area:, `pic` = :pic:, `status` = :status:, `remark` = :remark:, `expired_date` = :expired_date:, `updated_at` = :updated_at:
WHERE `compliance_inventory`.`id` IN :compliance_inventory.id:', [...], false)
 5 SYSTEMPATH\Model.php(461): CodeIgniter\Database\BaseBuilder->update()
 6 SYSTEMPATH\BaseModel.php(1010): CodeIgniter\Model->doUpdate([...], [...])
 7 SYSTEMPATH\Model.php(860): CodeIgniter\BaseModel->update([...], [...])
 8 APPPATH\Controllers\ComplianceInventoryController.php(152): CodeIgniter\Model->update('738', [...])
 9 SYSTEMPATH\CodeIgniter.php(933): App\Controllers\ComplianceInventoryController->update('738')
10 SYSTEMPATH\CodeIgniter.php(507): CodeIgniter\CodeIgniter->runController(Object(App\Controllers\ComplianceInventoryController))
11 SYSTEMPATH\CodeIgniter.php(354): CodeIgniter\CodeIgniter->handleRequest(null, Object(Config\Cache), false)
12 SYSTEMPATH\Boot.php(363): CodeIgniter\CodeIgniter->run()
13 SYSTEMPATH\Boot.php(68): CodeIgniter\Boot::runCodeIgniter(Object(CodeIgniter\CodeIgniter))
14 FCPATH\index.php(59): CodeIgniter\Boot::bootWeb(Object(Config\Paths))
