DEBUG - 2026-01-10 00:30:25 --> Session: Class initialized using 'CodeIgniter\Session\Handlers\FileHandler' driver.
DEBUG - 2026-01-10 00:30:25 --> Session: Class initialized using 'CodeIgniter\Session\Handlers\FileHandler' driver.
DEBUG - 2026-01-10 00:30:32 --> Session: Class initialized using 'CodeIgniter\Session\Handlers\FileHandler' driver.
DEBUG - 2026-01-10 00:30:32 --> Session: Class initialized using 'CodeIgniter\Session\Handlers\FileHandler' driver.
DEBUG - 2026-01-10 00:30:36 --> Session: Class initialized using 'CodeIgniter\Session\Handlers\FileHandler' driver.
DEBUG - 2026-01-10 00:30:46 --> Session: Class initialized using 'CodeIgniter\Session\Handlers\FileHandler' driver.
DEBUG - 2026-01-10 00:30:51 --> Session: Class initialized using 'CodeIgniter\Session\Handlers\FileHandler' driver.
DEBUG - 2026-01-10 00:31:04 --> Session: Class initialized using 'CodeIgniter\Session\Handlers\FileHandler' driver.
DEBUG - 2026-01-10 00:31:06 --> Session: Class initialized using 'CodeIgniter\Session\Handlers\FileHandler' driver.
DEBUG - 2026-01-10 00:31:09 --> Session: Class initialized using 'CodeIgniter\Session\Handlers\FileHandler' driver.
DEBUG - 2026-01-10 00:31:10 --> Session: Class initialized using 'CodeIgniter\Session\Handlers\FileHandler' driver.
DEBUG - 2026-01-10 00:31:14 --> Session: Class initialized using 'CodeIgniter\Session\Handlers\FileHandler' driver.
DEBUG - 2026-01-10 00:31:15 --> Session: Class initialized using 'CodeIgniter\Session\Handlers\FileHandler' driver.
DEBUG - 2026-01-10 00:31:44 --> Session: Class initialized using 'CodeIgniter\Session\Handlers\FileHandler' driver.
DEBUG - 2026-01-10 00:31:47 --> Session: Class initialized using 'CodeIgniter\Session\Handlers\FileHandler' driver.
DEBUG - 2026-01-10 00:31:56 --> Session: Class initialized using 'CodeIgniter\Session\Handlers\FileHandler' driver.
DEBUG - 2026-01-10 00:31:59 --> Session: Class initialized using 'CodeIgniter\Session\Handlers\FileHandler' driver.
DEBUG - 2026-01-10 00:32:18 --> Session: Class initialized using 'CodeIgniter\Session\Handlers\FileHandler' driver.
DEBUG - 2026-01-10 00:32:23 --> Session: Class initialized using 'CodeIgniter\Session\Handlers\FileHandler' driver.
DEBUG - 2026-01-10 00:32:24 --> Session: Class initialized using 'CodeIgniter\Session\Handlers\FileHandler' driver.
DEBUG - 2026-01-10 00:38:54 --> Session: Class initialized using 'CodeIgniter\Session\Handlers\FileHandler' driver.
DEBUG - 2026-01-10 00:41:16 --> Session: Class initialized using 'CodeIgniter\Session\Handlers\FileHandler' driver.
DEBUG - 2026-01-10 00:42:44 --> Session: Class initialized using 'CodeIgniter\Session\Handlers\FileHandler' driver.
DEBUG - 2026-01-10 00:59:11 --> Session: Class initialized using 'CodeIgniter\Session\Handlers\FileHandler' driver.
DEBUG - 2026-01-10 00:59:27 --> Session: Class initialized using 'CodeIgniter\Session\Handlers\FileHandler' driver.
DEBUG - 2026-01-10 00:59:48 --> Session: Class initialized using 'CodeIgniter\Session\Handlers\FileHandler' driver.
DEBUG - 2026-01-10 01:00:05 --> Session: Class initialized using 'CodeIgniter\Session\Handlers\FileHandler' driver.
DEBUG - 2026-01-10 01:00:11 --> Session: Class initialized using 'CodeIgniter\Session\Handlers\FileHandler' driver.
DEBUG - 2026-01-10 01:00:14 --> Session: Class initialized using 'CodeIgniter\Session\Handlers\FileHandler' driver.
DEBUG - 2026-01-10 01:01:29 --> Session: Class initialized using 'CodeIgniter\Session\Handlers\FileHandler' driver.
DEBUG - 2026-01-10 01:01:33 --> Session: Class initialized using 'CodeIgniter\Session\Handlers\FileHandler' driver.
DEBUG - 2026-01-10 01:01:40 --> Session: Class initialized using 'CodeIgniter\Session\Handlers\FileHandler' driver.
DEBUG - 2026-01-10 01:04:35 --> Session: Class initialized using 'CodeIgniter\Session\Handlers\FileHandler' driver.
DEBUG - 2026-01-10 01:04:53 --> Session: Class initialized using 'CodeIgniter\Session\Handlers\FileHandler' driver.
DEBUG - 2026-01-10 01:05:31 --> Session: Class initialized using 'CodeIgniter\Session\Handlers\FileHandler' driver.
DEBUG - 2026-01-10 01:06:10 --> Session: Class initialized using 'CodeIgniter\Session\Handlers\FileHandler' driver.
DEBUG - 2026-01-10 01:06:34 --> Session: Class initialized using 'CodeIgniter\Session\Handlers\FileHandler' driver.
DEBUG - 2026-01-10 01:07:11 --> Session: Class initialized using 'CodeIgniter\Session\Handlers\FileHandler' driver.
DEBUG - 2026-01-10 01:07:23 --> Session: Class initialized using 'CodeIgniter\Session\Handlers\FileHandler' driver.
DEBUG - 2026-01-10 01:08:38 --> Session: Class initialized using 'CodeIgniter\Session\Handlers\FileHandler' driver.
DEBUG - 2026-01-10 01:08:42 --> Session: Class initialized using 'CodeIgniter\Session\Handlers\FileHandler' driver.
DEBUG - 2026-01-10 01:09:33 --> Session: Class initialized using 'CodeIgniter\Session\Handlers\FileHandler' driver.
CRITICAL - 2026-01-10 01:09:33 --> ParseError: syntax error, unexpected token "<", expecting "elseif" or "else" or "endif"
[Method: GET, Route: /]
in APPPATH\Views\layouts\main.php on line 115.
 1 SYSTEMPATH\View\View.php(229): CodeIgniter\View\View->CodeIgniter\View\{closure}()
 2 SYSTEMPATH\View\View.php(242): CodeIgniter\View\View->render('layouts/main', [], true)
 3 SYSTEMPATH\Common.php(1199): CodeIgniter\View\View->render('dashboard/index', [], true)
 4 APPPATH\Controllers\DashboardController.php(44): view('dashboard/index', [...])
 5 SYSTEMPATH\CodeIgniter.php(933): App\Controllers\DashboardController->index()
 6 SYSTEMPATH\CodeIgniter.php(507): CodeIgniter\CodeIgniter->runController(Object(App\Controllers\DashboardController))
 7 SYSTEMPATH\CodeIgniter.php(354): CodeIgniter\CodeIgniter->handleRequest(null, Object(Config\Cache), false)
 8 SYSTEMPATH\Boot.php(363): CodeIgniter\CodeIgniter->run()
 9 SYSTEMPATH\Boot.php(68): CodeIgniter\Boot::runCodeIgniter(Object(CodeIgniter\CodeIgniter))
10 FCPATH\index.php(59): CodeIgniter\Boot::bootWeb(Object(Config\Paths))
DEBUG - 2026-01-10 01:09:48 --> Session: Class initialized using 'CodeIgniter\Session\Handlers\FileHandler' driver.
DEBUG - 2026-01-10 01:10:01 --> Session: Class initialized using 'CodeIgniter\Session\Handlers\FileHandler' driver.
DEBUG - 2026-01-10 01:10:06 --> Session: Class initialized using 'CodeIgniter\Session\Handlers\FileHandler' driver.
DEBUG - 2026-01-10 01:10:08 --> Session: Class initialized using 'CodeIgniter\Session\Handlers\FileHandler' driver.
DEBUG - 2026-01-10 01:10:15 --> Session: Class initialized using 'CodeIgniter\Session\Handlers\FileHandler' driver.
DEBUG - 2026-01-10 01:10:21 --> Session: Class initialized using 'CodeIgniter\Session\Handlers\FileHandler' driver.
DEBUG - 2026-01-10 01:10:28 --> Session: Class initialized using 'CodeIgniter\Session\Handlers\FileHandler' driver.
DEBUG - 2026-01-10 01:10:30 --> Session: Class initialized using 'CodeIgniter\Session\Handlers\FileHandler' driver.
DEBUG - 2026-01-10 01:11:30 --> Session: Class initialized using 'CodeIgniter\Session\Handlers\FileHandler' driver.
DEBUG - 2026-01-10 01:11:32 --> Session: Class initialized using 'CodeIgniter\Session\Handlers\FileHandler' driver.
DEBUG - 2026-01-10 01:11:36 --> Session: Class initialized using 'CodeIgniter\Session\Handlers\FileHandler' driver.
DEBUG - 2026-01-10 01:15:48 --> Session: Class initialized using 'CodeIgniter\Session\Handlers\FileHandler' driver.
DEBUG - 2026-01-10 01:16:01 --> Session: Class initialized using 'CodeIgniter\Session\Handlers\FileHandler' driver.
DEBUG - 2026-01-10 01:16:24 --> Session: Class initialized using 'CodeIgniter\Session\Handlers\FileHandler' driver.
DEBUG - 2026-01-10 01:16:27 --> Session: Class initialized using 'CodeIgniter\Session\Handlers\FileHandler' driver.
DEBUG - 2026-01-10 01:16:29 --> Session: Class initialized using 'CodeIgniter\Session\Handlers\FileHandler' driver.
DEBUG - 2026-01-10 01:17:22 --> Session: Class initialized using 'CodeIgniter\Session\Handlers\FileHandler' driver.
DEBUG - 2026-01-10 01:17:29 --> Session: Class initialized using 'CodeIgniter\Session\Handlers\FileHandler' driver.
DEBUG - 2026-01-10 01:28:30 --> Session: Class initialized using 'CodeIgniter\Session\Handlers\FileHandler' driver.
DEBUG - 2026-01-10 01:28:32 --> Session: Class initialized using 'CodeIgniter\Session\Handlers\FileHandler' driver.
DEBUG - 2026-01-10 01:29:02 --> Session: Class initialized using 'CodeIgniter\Session\Handlers\FileHandler' driver.
DEBUG - 2026-01-10 01:29:21 --> Session: Class initialized using 'CodeIgniter\Session\Handlers\FileHandler' driver.
DEBUG - 2026-01-10 01:30:00 --> Session: Class initialized using 'CodeIgniter\Session\Handlers\FileHandler' driver.
DEBUG - 2026-01-10 01:30:34 --> Session: Class initialized using 'CodeIgniter\Session\Handlers\FileHandler' driver.
DEBUG - 2026-01-10 01:30:38 --> Session: Class initialized using 'CodeIgniter\Session\Handlers\FileHandler' driver.
DEBUG - 2026-01-10 01:30:44 --> Session: Class initialized using 'CodeIgniter\Session\Handlers\FileHandler' driver.
DEBUG - 2026-01-10 01:31:06 --> Session: Class initialized using 'CodeIgniter\Session\Handlers\FileHandler' driver.
DEBUG - 2026-01-10 01:31:11 --> Session: Class initialized using 'CodeIgniter\Session\Handlers\FileHandler' driver.
DEBUG - 2026-01-10 01:31:18 --> Session: Class initialized using 'CodeIgniter\Session\Handlers\FileHandler' driver.
DEBUG - 2026-01-10 01:32:14 --> Session: Class initialized using 'CodeIgniter\Session\Handlers\FileHandler' driver.
DEBUG - 2026-01-10 01:33:08 --> Session: Class initialized using 'CodeIgniter\Session\Handlers\FileHandler' driver.
DEBUG - 2026-01-10 01:33:11 --> Session: Class initialized using 'CodeIgniter\Session\Handlers\FileHandler' driver.
DEBUG - 2026-01-10 01:35:49 --> Session: Class initialized using 'CodeIgniter\Session\Handlers\FileHandler' driver.
DEBUG - 2026-01-10 01:35:53 --> Session: Class initialized using 'CodeIgniter\Session\Handlers\FileHandler' driver.
DEBUG - 2026-01-10 01:43:02 --> Session: Class initialized using 'CodeIgniter\Session\Handlers\FileHandler' driver.
DEBUG - 2026-01-10 01:44:06 --> Session: Class initialized using 'CodeIgniter\Session\Handlers\FileHandler' driver.
DEBUG - 2026-01-10 01:44:21 --> Session: Class initialized using 'CodeIgniter\Session\Handlers\FileHandler' driver.
DEBUG - 2026-01-10 01:44:23 --> Session: Class initialized using 'CodeIgniter\Session\Handlers\FileHandler' driver.
DEBUG - 2026-01-10 01:44:27 --> Session: Class initialized using 'CodeIgniter\Session\Handlers\FileHandler' driver.
DEBUG - 2026-01-10 01:44:29 --> Session: Class initialized using 'CodeIgniter\Session\Handlers\FileHandler' driver.
DEBUG - 2026-01-10 01:47:33 --> Session: Class initialized using 'CodeIgniter\Session\Handlers\FileHandler' driver.
DEBUG - 2026-01-10 01:47:35 --> Session: Class initialized using 'CodeIgniter\Session\Handlers\FileHandler' driver.
DEBUG - 2026-01-10 01:47:45 --> Session: Class initialized using 'CodeIgniter\Session\Handlers\FileHandler' driver.
DEBUG - 2026-01-10 01:47:48 --> Session: Class initialized using 'CodeIgniter\Session\Handlers\FileHandler' driver.
DEBUG - 2026-01-10 01:47:51 --> Session: Class initialized using 'CodeIgniter\Session\Handlers\FileHandler' driver.
DEBUG - 2026-01-10 01:48:08 --> Session: Class initialized using 'CodeIgniter\Session\Handlers\FileHandler' driver.
DEBUG - 2026-01-10 01:50:52 --> Session: Class initialized using 'CodeIgniter\Session\Handlers\FileHandler' driver.
DEBUG - 2026-01-10 01:50:53 --> Session: Class initialized using 'CodeIgniter\Session\Handlers\FileHandler' driver.
DEBUG - 2026-01-10 01:50:59 --> Session: Class initialized using 'CodeIgniter\Session\Handlers\FileHandler' driver.
DEBUG - 2026-01-10 01:51:13 --> Session: Class initialized using 'CodeIgniter\Session\Handlers\FileHandler' driver.
DEBUG - 2026-01-10 01:51:26 --> Session: Class initialized using 'CodeIgniter\Session\Handlers\FileHandler' driver.
CRITICAL - 2026-01-10 01:51:26 --> ErrorException: Undefined variable $a
[Method: GET, Route: it-assets/detail/1]
in APPPATH\Views\it_assets\detail.php on line 52.
 1 APPPATH\Views\it_assets\detail.php(52): CodeIgniter\Debug\Exceptions->errorHandler(2, 'Undefined variable $a', 'C:\\xampp\\htdocs\\eams\\app\\Views\\it_assets\\detail.php', 52)
 2 SYSTEMPATH\View\View.php(226): include('C:\\xampp\\htdocs\\eams\\app\\Views\\it_assets\\detail.php')
 3 SYSTEMPATH\View\View.php(229): CodeIgniter\View\View->CodeIgniter\View\{closure}()
 4 SYSTEMPATH\Common.php(1199): CodeIgniter\View\View->render('it_assets/detail', [], true)
 5 APPPATH\Controllers\ITAssetController.php(117): view('it_assets/detail', [...])
 6 SYSTEMPATH\CodeIgniter.php(933): App\Controllers\ITAssetController->detail('1')
 7 SYSTEMPATH\CodeIgniter.php(507): CodeIgniter\CodeIgniter->runController(Object(App\Controllers\ITAssetController))
 8 SYSTEMPATH\CodeIgniter.php(354): CodeIgniter\CodeIgniter->handleRequest(null, Object(Config\Cache), false)
 9 SYSTEMPATH\Boot.php(363): CodeIgniter\CodeIgniter->run()
10 SYSTEMPATH\Boot.php(68): CodeIgniter\Boot::runCodeIgniter(Object(CodeIgniter\CodeIgniter))
11 FCPATH\index.php(59): CodeIgniter\Boot::bootWeb(Object(Config\Paths))
DEBUG - 2026-01-10 01:52:37 --> Session: Class initialized using 'CodeIgniter\Session\Handlers\FileHandler' driver.
DEBUG - 2026-01-10 01:52:42 --> Session: Class initialized using 'CodeIgniter\Session\Handlers\FileHandler' driver.
DEBUG - 2026-01-10 01:52:43 --> Session: Class initialized using 'CodeIgniter\Session\Handlers\FileHandler' driver.
DEBUG - 2026-01-10 01:53:06 --> Session: Class initialized using 'CodeIgniter\Session\Handlers\FileHandler' driver.
DEBUG - 2026-01-10 01:54:29 --> Session: Class initialized using 'CodeIgniter\Session\Handlers\FileHandler' driver.
DEBUG - 2026-01-10 01:54:32 --> Session: Class initialized using 'CodeIgniter\Session\Handlers\FileHandler' driver.
DEBUG - 2026-01-10 01:54:35 --> Session: Class initialized using 'CodeIgniter\Session\Handlers\FileHandler' driver.
DEBUG - 2026-01-10 01:54:55 --> Session: Class initialized using 'CodeIgniter\Session\Handlers\FileHandler' driver.
DEBUG - 2026-01-10 01:54:55 --> Session: Class initialized using 'CodeIgniter\Session\Handlers\FileHandler' driver.
DEBUG - 2026-01-10 01:55:00 --> Session: Class initialized using 'CodeIgniter\Session\Handlers\FileHandler' driver.
DEBUG - 2026-01-10 01:55:00 --> Session: Class initialized using 'CodeIgniter\Session\Handlers\FileHandler' driver.
DEBUG - 2026-01-10 01:55:04 --> Session: Class initialized using 'CodeIgniter\Session\Handlers\FileHandler' driver.
CRITICAL - 2026-01-10 01:55:04 --> CodeIgniter\View\Exceptions\ViewException: Invalid file: "users/index.php"
[Method: GET, Route: users]
in SYSTEMPATH\Exceptions\FrameworkException.php on line 39.
 1 SYSTEMPATH\View\View.php(214): CodeIgniter\Exceptions\FrameworkException::forInvalidFile('users/index.php')
 2 SYSTEMPATH\Common.php(1199): CodeIgniter\View\View->render('users/index', [], true)
 3 APPPATH\Controllers\UserController.php(20): view('users/index', [...])
 4 SYSTEMPATH\CodeIgniter.php(933): App\Controllers\UserController->index()
 5 SYSTEMPATH\CodeIgniter.php(507): CodeIgniter\CodeIgniter->runController(Object(App\Controllers\UserController))
 6 SYSTEMPATH\CodeIgniter.php(354): CodeIgniter\CodeIgniter->handleRequest(null, Object(Config\Cache), false)
 7 SYSTEMPATH\Boot.php(363): CodeIgniter\CodeIgniter->run()
 8 SYSTEMPATH\Boot.php(68): CodeIgniter\Boot::runCodeIgniter(Object(CodeIgniter\CodeIgniter))
 9 FCPATH\index.php(59): CodeIgniter\Boot::bootWeb(Object(Config\Paths))
DEBUG - 2026-01-10 01:55:08 --> Session: Class initialized using 'CodeIgniter\Session\Handlers\FileHandler' driver.
DEBUG - 2026-01-10 01:55:14 --> Session: Class initialized using 'CodeIgniter\Session\Handlers\FileHandler' driver.
CRITICAL - 2026-01-10 01:55:14 --> CodeIgniter\View\Exceptions\ViewException: Invalid file: "users/index.php"
[Method: GET, Route: users]
in SYSTEMPATH\Exceptions\FrameworkException.php on line 39.
 1 SYSTEMPATH\View\View.php(214): CodeIgniter\Exceptions\FrameworkException::forInvalidFile('users/index.php')
 2 SYSTEMPATH\Common.php(1199): CodeIgniter\View\View->render('users/index', [], true)
 3 APPPATH\Controllers\UserController.php(20): view('users/index', [...])
 4 SYSTEMPATH\CodeIgniter.php(933): App\Controllers\UserController->index()
 5 SYSTEMPATH\CodeIgniter.php(507): CodeIgniter\CodeIgniter->runController(Object(App\Controllers\UserController))
 6 SYSTEMPATH\CodeIgniter.php(354): CodeIgniter\CodeIgniter->handleRequest(null, Object(Config\Cache), false)
 7 SYSTEMPATH\Boot.php(363): CodeIgniter\CodeIgniter->run()
 8 SYSTEMPATH\Boot.php(68): CodeIgniter\Boot::runCodeIgniter(Object(CodeIgniter\CodeIgniter))
 9 FCPATH\index.php(59): CodeIgniter\Boot::bootWeb(Object(Config\Paths))
DEBUG - 2026-01-10 01:56:13 --> Session: Class initialized using 'CodeIgniter\Session\Handlers\FileHandler' driver.
DEBUG - 2026-01-10 01:56:15 --> Session: Class initialized using 'CodeIgniter\Session\Handlers\FileHandler' driver.
CRITICAL - 2026-01-10 01:56:15 --> CodeIgniter\View\Exceptions\ViewException: Invalid file: "users/index.php"
[Method: GET, Route: users]
in SYSTEMPATH\Exceptions\FrameworkException.php on line 39.
 1 SYSTEMPATH\View\View.php(214): CodeIgniter\Exceptions\FrameworkException::forInvalidFile('users/index.php')
 2 SYSTEMPATH\Common.php(1199): CodeIgniter\View\View->render('users/index', [], true)
 3 APPPATH\Controllers\UserController.php(20): view('users/index', [...])
 4 SYSTEMPATH\CodeIgniter.php(933): App\Controllers\UserController->index()
 5 SYSTEMPATH\CodeIgniter.php(507): CodeIgniter\CodeIgniter->runController(Object(App\Controllers\UserController))
 6 SYSTEMPATH\CodeIgniter.php(354): CodeIgniter\CodeIgniter->handleRequest(null, Object(Config\Cache), false)
 7 SYSTEMPATH\Boot.php(363): CodeIgniter\CodeIgniter->run()
 8 SYSTEMPATH\Boot.php(68): CodeIgniter\Boot::runCodeIgniter(Object(CodeIgniter\CodeIgniter))
 9 FCPATH\index.php(59): CodeIgniter\Boot::bootWeb(Object(Config\Paths))
DEBUG - 2026-01-10 02:02:26 --> Session: Class initialized using 'CodeIgniter\Session\Handlers\FileHandler' driver.
DEBUG - 2026-01-10 02:02:32 --> Session: Class initialized using 'CodeIgniter\Session\Handlers\FileHandler' driver.
DEBUG - 2026-01-10 02:02:37 --> Session: Class initialized using 'CodeIgniter\Session\Handlers\FileHandler' driver.
DEBUG - 2026-01-10 02:02:40 --> Session: Class initialized using 'CodeIgniter\Session\Handlers\FileHandler' driver.
DEBUG - 2026-01-10 02:02:59 --> Session: Class initialized using 'CodeIgniter\Session\Handlers\FileHandler' driver.
DEBUG - 2026-01-10 02:03:00 --> Session: Class initialized using 'CodeIgniter\Session\Handlers\FileHandler' driver.
DEBUG - 2026-01-10 02:03:04 --> Session: Class initialized using 'CodeIgniter\Session\Handlers\FileHandler' driver.
DEBUG - 2026-01-10 02:03:04 --> Session: Class initialized using 'CodeIgniter\Session\Handlers\FileHandler' driver.
DEBUG - 2026-01-10 02:03:09 --> Session: Class initialized using 'CodeIgniter\Session\Handlers\FileHandler' driver.
DEBUG - 2026-01-10 02:03:10 --> Session: Class initialized using 'CodeIgniter\Session\Handlers\FileHandler' driver.
DEBUG - 2026-01-10 02:03:13 --> Session: Class initialized using 'CodeIgniter\Session\Handlers\FileHandler' driver.
DEBUG - 2026-01-10 02:03:19 --> Session: Class initialized using 'CodeIgniter\Session\Handlers\FileHandler' driver.
DEBUG - 2026-01-10 02:15:15 --> Session: Class initialized using 'CodeIgniter\Session\Handlers\FileHandler' driver.
DEBUG - 2026-01-10 02:15:17 --> Session: Class initialized using 'CodeIgniter\Session\Handlers\FileHandler' driver.
DEBUG - 2026-01-10 02:15:24 --> Session: Class initialized using 'CodeIgniter\Session\Handlers\FileHandler' driver.
DEBUG - 2026-01-10 02:15:29 --> Session: Class initialized using 'CodeIgniter\Session\Handlers\FileHandler' driver.
DEBUG - 2026-01-10 02:15:32 --> Session: Class initialized using 'CodeIgniter\Session\Handlers\FileHandler' driver.
DEBUG - 2026-01-10 02:15:54 --> Session: Class initialized using 'CodeIgniter\Session\Handlers\FileHandler' driver.
DEBUG - 2026-01-10 02:17:24 --> Session: Class initialized using 'CodeIgniter\Session\Handlers\FileHandler' driver.
DEBUG - 2026-01-10 02:17:25 --> Session: Class initialized using 'CodeIgniter\Session\Handlers\FileHandler' driver.
DEBUG - 2026-01-10 02:18:26 --> Session: Class initialized using 'CodeIgniter\Session\Handlers\FileHandler' driver.
DEBUG - 2026-01-10 02:18:38 --> Session: Class initialized using 'CodeIgniter\Session\Handlers\FileHandler' driver.
DEBUG - 2026-01-10 02:19:14 --> Session: Class initialized using 'CodeIgniter\Session\Handlers\FileHandler' driver.
DEBUG - 2026-01-10 02:19:16 --> Session: Class initialized using 'CodeIgniter\Session\Handlers\FileHandler' driver.
CRITICAL - 2026-01-10 02:19:16 --> ErrorException: Undefined variable $isAdmin
[Method: GET, Route: it-assets]
in APPPATH\Views\it_assets\index.php on line 6.
 1 APPPATH\Views\it_assets\index.php(6): CodeIgniter\Debug\Exceptions->errorHandler(2, 'Undefined variable $isAdmin', 'C:\\xampp\\htdocs\\eams\\app\\Views\\it_assets\\index.php', 6)
 2 SYSTEMPATH\View\View.php(226): include('C:\\xampp\\htdocs\\eams\\app\\Views\\it_assets\\index.php')
 3 SYSTEMPATH\View\View.php(229): CodeIgniter\View\View->CodeIgniter\View\{closure}()
 4 SYSTEMPATH\Common.php(1199): CodeIgniter\View\View->render('it_assets/index', [], true)
 5 APPPATH\Controllers\ITAssetController.php(64): view('it_assets/index', [...])
 6 SYSTEMPATH\CodeIgniter.php(933): App\Controllers\ITAssetController->index()
 7 SYSTEMPATH\CodeIgniter.php(507): CodeIgniter\CodeIgniter->runController(Object(App\Controllers\ITAssetController))
 8 SYSTEMPATH\CodeIgniter.php(354): CodeIgniter\CodeIgniter->handleRequest(null, Object(Config\Cache), false)
 9 SYSTEMPATH\Boot.php(363): CodeIgniter\CodeIgniter->run()
10 SYSTEMPATH\Boot.php(68): CodeIgniter\Boot::runCodeIgniter(Object(CodeIgniter\CodeIgniter))
11 FCPATH\index.php(59): CodeIgniter\Boot::bootWeb(Object(Config\Paths))
DEBUG - 2026-01-10 02:19:49 --> Session: Class initialized using 'CodeIgniter\Session\Handlers\FileHandler' driver.
CRITICAL - 2026-01-10 02:19:49 --> ErrorException: Undefined variable $isAdmin
[Method: GET, Route: it-assets]
in APPPATH\Views\it_assets\index.php on line 6.
 1 APPPATH\Views\it_assets\index.php(6): CodeIgniter\Debug\Exceptions->errorHandler(2, 'Undefined variable $isAdmin', 'C:\\xampp\\htdocs\\eams\\app\\Views\\it_assets\\index.php', 6)
 2 SYSTEMPATH\View\View.php(226): include('C:\\xampp\\htdocs\\eams\\app\\Views\\it_assets\\index.php')
 3 SYSTEMPATH\View\View.php(229): CodeIgniter\View\View->CodeIgniter\View\{closure}()
 4 SYSTEMPATH\Common.php(1199): CodeIgniter\View\View->render('it_assets/index', [], true)
 5 APPPATH\Controllers\ITAssetController.php(64): view('it_assets/index', [...])
 6 SYSTEMPATH\CodeIgniter.php(933): App\Controllers\ITAssetController->index()
 7 SYSTEMPATH\CodeIgniter.php(507): CodeIgniter\CodeIgniter->runController(Object(App\Controllers\ITAssetController))
 8 SYSTEMPATH\CodeIgniter.php(354): CodeIgniter\CodeIgniter->handleRequest(null, Object(Config\Cache), false)
 9 SYSTEMPATH\Boot.php(363): CodeIgniter\CodeIgniter->run()
10 SYSTEMPATH\Boot.php(68): CodeIgniter\Boot::runCodeIgniter(Object(CodeIgniter\CodeIgniter))
11 FCPATH\index.php(59): CodeIgniter\Boot::bootWeb(Object(Config\Paths))
DEBUG - 2026-01-10 02:20:28 --> Session: Class initialized using 'CodeIgniter\Session\Handlers\FileHandler' driver.
CRITICAL - 2026-01-10 02:20:28 --> ErrorException: Undefined variable $isAdmin
[Method: GET, Route: it-assets]
in APPPATH\Views\it_assets\index.php on line 6.
 1 APPPATH\Views\it_assets\index.php(6): CodeIgniter\Debug\Exceptions->errorHandler(2, 'Undefined variable $isAdmin', 'C:\\xampp\\htdocs\\eams\\app\\Views\\it_assets\\index.php', 6)
 2 SYSTEMPATH\View\View.php(226): include('C:\\xampp\\htdocs\\eams\\app\\Views\\it_assets\\index.php')
 3 SYSTEMPATH\View\View.php(229): CodeIgniter\View\View->CodeIgniter\View\{closure}()
 4 SYSTEMPATH\Common.php(1199): CodeIgniter\View\View->render('it_assets/index', [], true)
 5 APPPATH\Controllers\ITAssetController.php(64): view('it_assets/index', [...])
 6 SYSTEMPATH\CodeIgniter.php(933): App\Controllers\ITAssetController->index()
 7 SYSTEMPATH\CodeIgniter.php(507): CodeIgniter\CodeIgniter->runController(Object(App\Controllers\ITAssetController))
 8 SYSTEMPATH\CodeIgniter.php(354): CodeIgniter\CodeIgniter->handleRequest(null, Object(Config\Cache), false)
 9 SYSTEMPATH\Boot.php(363): CodeIgniter\CodeIgniter->run()
10 SYSTEMPATH\Boot.php(68): CodeIgniter\Boot::runCodeIgniter(Object(CodeIgniter\CodeIgniter))
11 FCPATH\index.php(59): CodeIgniter\Boot::bootWeb(Object(Config\Paths))
DEBUG - 2026-01-10 02:20:29 --> Session: Class initialized using 'CodeIgniter\Session\Handlers\FileHandler' driver.
CRITICAL - 2026-01-10 02:20:29 --> ErrorException: Undefined variable $isAdmin
[Method: GET, Route: it-assets]
in APPPATH\Views\it_assets\index.php on line 6.
 1 APPPATH\Views\it_assets\index.php(6): CodeIgniter\Debug\Exceptions->errorHandler(2, 'Undefined variable $isAdmin', 'C:\\xampp\\htdocs\\eams\\app\\Views\\it_assets\\index.php', 6)
 2 SYSTEMPATH\View\View.php(226): include('C:\\xampp\\htdocs\\eams\\app\\Views\\it_assets\\index.php')
 3 SYSTEMPATH\View\View.php(229): CodeIgniter\View\View->CodeIgniter\View\{closure}()
 4 SYSTEMPATH\Common.php(1199): CodeIgniter\View\View->render('it_assets/index', [], true)
 5 APPPATH\Controllers\ITAssetController.php(64): view('it_assets/index', [...])
 6 SYSTEMPATH\CodeIgniter.php(933): App\Controllers\ITAssetController->index()
 7 SYSTEMPATH\CodeIgniter.php(507): CodeIgniter\CodeIgniter->runController(Object(App\Controllers\ITAssetController))
 8 SYSTEMPATH\CodeIgniter.php(354): CodeIgniter\CodeIgniter->handleRequest(null, Object(Config\Cache), false)
 9 SYSTEMPATH\Boot.php(363): CodeIgniter\CodeIgniter->run()
10 SYSTEMPATH\Boot.php(68): CodeIgniter\Boot::runCodeIgniter(Object(CodeIgniter\CodeIgniter))
11 FCPATH\index.php(59): CodeIgniter\Boot::bootWeb(Object(Config\Paths))
DEBUG - 2026-01-10 02:20:30 --> Session: Class initialized using 'CodeIgniter\Session\Handlers\FileHandler' driver.
DEBUG - 2026-01-10 02:20:32 --> Session: Class initialized using 'CodeIgniter\Session\Handlers\FileHandler' driver.
CRITICAL - 2026-01-10 02:20:32 --> ErrorException: Undefined variable $isAdmin
[Method: GET, Route: it-assets]
in APPPATH\Views\it_assets\index.php on line 6.
 1 APPPATH\Views\it_assets\index.php(6): CodeIgniter\Debug\Exceptions->errorHandler(2, 'Undefined variable $isAdmin', 'C:\\xampp\\htdocs\\eams\\app\\Views\\it_assets\\index.php', 6)
 2 SYSTEMPATH\View\View.php(226): include('C:\\xampp\\htdocs\\eams\\app\\Views\\it_assets\\index.php')
 3 SYSTEMPATH\View\View.php(229): CodeIgniter\View\View->CodeIgniter\View\{closure}()
 4 SYSTEMPATH\Common.php(1199): CodeIgniter\View\View->render('it_assets/index', [], true)
 5 APPPATH\Controllers\ITAssetController.php(64): view('it_assets/index', [...])
 6 SYSTEMPATH\CodeIgniter.php(933): App\Controllers\ITAssetController->index()
 7 SYSTEMPATH\CodeIgniter.php(507): CodeIgniter\CodeIgniter->runController(Object(App\Controllers\ITAssetController))
 8 SYSTEMPATH\CodeIgniter.php(354): CodeIgniter\CodeIgniter->handleRequest(null, Object(Config\Cache), false)
 9 SYSTEMPATH\Boot.php(363): CodeIgniter\CodeIgniter->run()
10 SYSTEMPATH\Boot.php(68): CodeIgniter\Boot::runCodeIgniter(Object(CodeIgniter\CodeIgniter))
11 FCPATH\index.php(59): CodeIgniter\Boot::bootWeb(Object(Config\Paths))
DEBUG - 2026-01-10 02:20:52 --> Session: Class initialized using 'CodeIgniter\Session\Handlers\FileHandler' driver.
DEBUG - 2026-01-10 02:21:04 --> Session: Class initialized using 'CodeIgniter\Session\Handlers\FileHandler' driver.
DEBUG - 2026-01-10 02:21:11 --> Session: Class initialized using 'CodeIgniter\Session\Handlers\FileHandler' driver.
DEBUG - 2026-01-10 02:21:19 --> Session: Class initialized using 'CodeIgniter\Session\Handlers\FileHandler' driver.
DEBUG - 2026-01-10 02:21:35 --> Session: Class initialized using 'CodeIgniter\Session\Handlers\FileHandler' driver.
DEBUG - 2026-01-10 02:26:03 --> Session: Class initialized using 'CodeIgniter\Session\Handlers\FileHandler' driver.
DEBUG - 2026-01-10 02:26:08 --> Session: Class initialized using 'CodeIgniter\Session\Handlers\FileHandler' driver.
DEBUG - 2026-01-10 02:26:22 --> Session: Class initialized using 'CodeIgniter\Session\Handlers\FileHandler' driver.
DEBUG - 2026-01-10 02:26:26 --> Session: Class initialized using 'CodeIgniter\Session\Handlers\FileHandler' driver.
CRITICAL - 2026-01-10 02:26:26 --> ErrorException: Undefined variable $isWritable
[Method: GET, Route: it-assets]
in APPPATH\Views\it_assets\index.php on line 6.
 1 APPPATH\Views\it_assets\index.php(6): CodeIgniter\Debug\Exceptions->errorHandler(2, 'Undefined variable $isWritable', 'C:\\xampp\\htdocs\\eams\\app\\Views\\it_assets\\index.php', 6)
 2 SYSTEMPATH\View\View.php(226): include('C:\\xampp\\htdocs\\eams\\app\\Views\\it_assets\\index.php')
 3 SYSTEMPATH\View\View.php(229): CodeIgniter\View\View->CodeIgniter\View\{closure}()
 4 SYSTEMPATH\Common.php(1199): CodeIgniter\View\View->render('it_assets/index', [], true)
 5 APPPATH\Controllers\ITAssetController.php(64): view('it_assets/index', [...])
 6 SYSTEMPATH\CodeIgniter.php(933): App\Controllers\ITAssetController->index()
 7 SYSTEMPATH\CodeIgniter.php(507): CodeIgniter\CodeIgniter->runController(Object(App\Controllers\ITAssetController))
 8 SYSTEMPATH\CodeIgniter.php(354): CodeIgniter\CodeIgniter->handleRequest(null, Object(Config\Cache), false)
 9 SYSTEMPATH\Boot.php(363): CodeIgniter\CodeIgniter->run()
10 SYSTEMPATH\Boot.php(68): CodeIgniter\Boot::runCodeIgniter(Object(CodeIgniter\CodeIgniter))
11 FCPATH\index.php(59): CodeIgniter\Boot::bootWeb(Object(Config\Paths))
DEBUG - 2026-01-10 02:27:15 --> Session: Class initialized using 'CodeIgniter\Session\Handlers\FileHandler' driver.
DEBUG - 2026-01-10 02:27:20 --> Session: Class initialized using 'CodeIgniter\Session\Handlers\FileHandler' driver.
DEBUG - 2026-01-10 02:27:35 --> Session: Class initialized using 'CodeIgniter\Session\Handlers\FileHandler' driver.
DEBUG - 2026-01-10 02:28:17 --> Session: Class initialized using 'CodeIgniter\Session\Handlers\FileHandler' driver.
DEBUG - 2026-01-10 02:28:19 --> Session: Class initialized using 'CodeIgniter\Session\Handlers\FileHandler' driver.
DEBUG - 2026-01-10 02:28:21 --> Session: Class initialized using 'CodeIgniter\Session\Handlers\FileHandler' driver.
DEBUG - 2026-01-10 02:28:58 --> Session: Class initialized using 'CodeIgniter\Session\Handlers\FileHandler' driver.
DEBUG - 2026-01-10 02:29:01 --> Session: Class initialized using 'CodeIgniter\Session\Handlers\FileHandler' driver.
DEBUG - 2026-01-10 02:29:07 --> Session: Class initialized using 'CodeIgniter\Session\Handlers\FileHandler' driver.
DEBUG - 2026-01-10 02:29:11 --> Session: Class initialized using 'CodeIgniter\Session\Handlers\FileHandler' driver.
DEBUG - 2026-01-10 02:33:32 --> Session: Class initialized using 'CodeIgniter\Session\Handlers\FileHandler' driver.
DEBUG - 2026-01-10 02:33:34 --> Session: Class initialized using 'CodeIgniter\Session\Handlers\FileHandler' driver.
DEBUG - 2026-01-10 02:36:34 --> Session: Class initialized using 'CodeIgniter\Session\Handlers\FileHandler' driver.
DEBUG - 2026-01-10 02:36:37 --> Session: Class initialized using 'CodeIgniter\Session\Handlers\FileHandler' driver.
DEBUG - 2026-01-10 02:36:42 --> Session: Class initialized using 'CodeIgniter\Session\Handlers\FileHandler' driver.
DEBUG - 2026-01-10 02:36:54 --> Session: Class initialized using 'CodeIgniter\Session\Handlers\FileHandler' driver.
DEBUG - 2026-01-10 02:37:34 --> Session: Class initialized using 'CodeIgniter\Session\Handlers\FileHandler' driver.
DEBUG - 2026-01-10 02:37:36 --> Session: Class initialized using 'CodeIgniter\Session\Handlers\FileHandler' driver.
CRITICAL - 2026-01-10 02:37:36 --> ParseError: syntax error, unexpected token "public"
[Method: GET, Route: it-assets/detail/1]
in APPPATH\Controllers\ITAssetController.php on line 190.
 1 SYSTEMPATH\Autoloader\Autoloader.php(295): CodeIgniter\Autoloader\Autoloader->includeFile('C:\\xampp\\htdocs\\eams\\app\\Controllers\\ITAssetController.php')
 2 SYSTEMPATH\Autoloader\Autoloader.php(271): CodeIgniter\Autoloader\Autoloader->loadInNamespace('App\\Controllers\\ITAssetController')
 3 [internal function]: CodeIgniter\Autoloader\Autoloader->loadClass('App\\Controllers\\ITAssetController')
 4 SYSTEMPATH\CodeIgniter.php(885): class_exists('\\App\\Controllers\\ITAssetController', true)
 5 SYSTEMPATH\CodeIgniter.php(494): CodeIgniter\CodeIgniter->startController()
 6 SYSTEMPATH\CodeIgniter.php(354): CodeIgniter\CodeIgniter->handleRequest(null, Object(Config\Cache), false)
 7 SYSTEMPATH\Boot.php(363): CodeIgniter\CodeIgniter->run()
 8 SYSTEMPATH\Boot.php(68): CodeIgniter\Boot::runCodeIgniter(Object(CodeIgniter\CodeIgniter))
 9 FCPATH\index.php(59): CodeIgniter\Boot::bootWeb(Object(Config\Paths))
DEBUG - 2026-01-10 02:45:55 --> Session: Class initialized using 'CodeIgniter\Session\Handlers\FileHandler' driver.
DEBUG - 2026-01-10 02:45:59 --> Session: Class initialized using 'CodeIgniter\Session\Handlers\FileHandler' driver.
DEBUG - 2026-01-10 02:46:01 --> Session: Class initialized using 'CodeIgniter\Session\Handlers\FileHandler' driver.
DEBUG - 2026-01-10 02:46:02 --> Session: Class initialized using 'CodeIgniter\Session\Handlers\FileHandler' driver.
DEBUG - 2026-01-10 02:46:07 --> Session: Class initialized using 'CodeIgniter\Session\Handlers\FileHandler' driver.
DEBUG - 2026-01-10 02:46:07 --> Session: Class initialized using 'CodeIgniter\Session\Handlers\FileHandler' driver.
DEBUG - 2026-01-10 02:46:11 --> Session: Class initialized using 'CodeIgniter\Session\Handlers\FileHandler' driver.
DEBUG - 2026-01-10 02:46:25 --> Session: Class initialized using 'CodeIgniter\Session\Handlers\FileHandler' driver.
DEBUG - 2026-01-10 02:46:26 --> Session: Class initialized using 'CodeIgniter\Session\Handlers\FileHandler' driver.
DEBUG - 2026-01-10 02:46:28 --> Session: Class initialized using 'CodeIgniter\Session\Handlers\FileHandler' driver.
DEBUG - 2026-01-10 02:46:30 --> Session: Class initialized using 'CodeIgniter\Session\Handlers\FileHandler' driver.
DEBUG - 2026-01-10 02:46:32 --> Session: Class initialized using 'CodeIgniter\Session\Handlers\FileHandler' driver.
DEBUG - 2026-01-10 02:46:34 --> Session: Class initialized using 'CodeIgniter\Session\Handlers\FileHandler' driver.
DEBUG - 2026-01-10 02:46:45 --> Session: Class initialized using 'CodeIgniter\Session\Handlers\FileHandler' driver.
DEBUG - 2026-01-10 02:46:46 --> Session: Class initialized using 'CodeIgniter\Session\Handlers\FileHandler' driver.
DEBUG - 2026-01-10 02:46:51 --> Session: Class initialized using 'CodeIgniter\Session\Handlers\FileHandler' driver.
DEBUG - 2026-01-10 02:46:51 --> Session: Class initialized using 'CodeIgniter\Session\Handlers\FileHandler' driver.
DEBUG - 2026-01-10 02:46:55 --> Session: Class initialized using 'CodeIgniter\Session\Handlers\FileHandler' driver.
DEBUG - 2026-01-10 02:47:12 --> Session: Class initialized using 'CodeIgniter\Session\Handlers\FileHandler' driver.
DEBUG - 2026-01-10 02:47:12 --> Session: Class initialized using 'CodeIgniter\Session\Handlers\FileHandler' driver.
DEBUG - 2026-01-10 02:47:14 --> Session: Class initialized using 'CodeIgniter\Session\Handlers\FileHandler' driver.
DEBUG - 2026-01-10 02:47:15 --> Session: Class initialized using 'CodeIgniter\Session\Handlers\FileHandler' driver.
DEBUG - 2026-01-10 02:47:21 --> Session: Class initialized using 'CodeIgniter\Session\Handlers\FileHandler' driver.
DEBUG - 2026-01-10 02:47:21 --> Session: Class initialized using 'CodeIgniter\Session\Handlers\FileHandler' driver.
DEBUG - 2026-01-10 02:47:23 --> Session: Class initialized using 'CodeIgniter\Session\Handlers\FileHandler' driver.
DEBUG - 2026-01-10 02:47:33 --> Session: Class initialized using 'CodeIgniter\Session\Handlers\FileHandler' driver.
DEBUG - 2026-01-10 02:47:37 --> Session: Class initialized using 'CodeIgniter\Session\Handlers\FileHandler' driver.
DEBUG - 2026-01-10 02:55:26 --> Session: Class initialized using 'CodeIgniter\Session\Handlers\FileHandler' driver.
DEBUG - 2026-01-10 02:55:30 --> Session: Class initialized using 'CodeIgniter\Session\Handlers\FileHandler' driver.
DEBUG - 2026-01-10 02:56:07 --> Session: Class initialized using 'CodeIgniter\Session\Handlers\FileHandler' driver.
DEBUG - 2026-01-10 02:56:42 --> Session: Class initialized using 'CodeIgniter\Session\Handlers\FileHandler' driver.
DEBUG - 2026-01-10 02:56:44 --> Session: Class initialized using 'CodeIgniter\Session\Handlers\FileHandler' driver.
DEBUG - 2026-01-10 02:56:47 --> Session: Class initialized using 'CodeIgniter\Session\Handlers\FileHandler' driver.
DEBUG - 2026-01-10 03:00:20 --> Session: Class initialized using 'CodeIgniter\Session\Handlers\FileHandler' driver.
DEBUG - 2026-01-10 03:00:31 --> Session: Class initialized using 'CodeIgniter\Session\Handlers\FileHandler' driver.
DEBUG - 2026-01-10 03:00:32 --> Session: Class initialized using 'CodeIgniter\Session\Handlers\FileHandler' driver.
DEBUG - 2026-01-10 03:01:38 --> Session: Class initialized using 'CodeIgniter\Session\Handlers\FileHandler' driver.
DEBUG - 2026-01-10 03:01:50 --> Session: Class initialized using 'CodeIgniter\Session\Handlers\FileHandler' driver.
DEBUG - 2026-01-10 03:02:28 --> Session: Class initialized using 'CodeIgniter\Session\Handlers\FileHandler' driver.
DEBUG - 2026-01-10 03:03:12 --> Session: Class initialized using 'CodeIgniter\Session\Handlers\FileHandler' driver.
DEBUG - 2026-01-10 03:03:15 --> Session: Class initialized using 'CodeIgniter\Session\Handlers\FileHandler' driver.
DEBUG - 2026-01-10 03:03:17 --> Session: Class initialized using 'CodeIgniter\Session\Handlers\FileHandler' driver.
DEBUG - 2026-01-10 03:03:58 --> Session: Class initialized using 'CodeIgniter\Session\Handlers\FileHandler' driver.
DEBUG - 2026-01-10 03:04:03 --> Session: Class initialized using 'CodeIgniter\Session\Handlers\FileHandler' driver.
DEBUG - 2026-01-10 03:04:06 --> Session: Class initialized using 'CodeIgniter\Session\Handlers\FileHandler' driver.
DEBUG - 2026-01-10 03:05:24 --> Session: Class initialized using 'CodeIgniter\Session\Handlers\FileHandler' driver.
DEBUG - 2026-01-10 03:07:23 --> Session: Class initialized using 'CodeIgniter\Session\Handlers\FileHandler' driver.
DEBUG - 2026-01-10 03:14:16 --> Session: Class initialized using 'CodeIgniter\Session\Handlers\FileHandler' driver.
DEBUG - 2026-01-10 03:14:23 --> Session: Class initialized using 'CodeIgniter\Session\Handlers\FileHandler' driver.
DEBUG - 2026-01-10 03:15:42 --> Session: Class initialized using 'CodeIgniter\Session\Handlers\FileHandler' driver.
DEBUG - 2026-01-10 03:15:44 --> Session: Class initialized using 'CodeIgniter\Session\Handlers\FileHandler' driver.
DEBUG - 2026-01-10 03:16:11 --> Session: Class initialized using 'CodeIgniter\Session\Handlers\FileHandler' driver.
CRITICAL - 2026-01-10 03:16:18 --> ErrorException: Undefined variable $assetId
[Method: GET, Route: it-assets]
in APPPATH\Config\Routes.php on line 67.
 1 APPPATH\Config\Routes.php(67): CodeIgniter\Debug\Exceptions->errorHandler(2, 'Undefined variable $assetId', 'C:\\xampp\\htdocs\\eams\\app\\Config\\Routes.php', 67)
 2 SYSTEMPATH\Router\RouteCollection.php(339): require('C:\\xampp\\htdocs\\eams\\app\\Config\\Routes.php')
 3 SYSTEMPATH\CodeIgniter.php(821): CodeIgniter\Router\RouteCollection->loadRoutes()
 4 SYSTEMPATH\CodeIgniter.php(455): CodeIgniter\CodeIgniter->tryToRouteIt(null)
 5 SYSTEMPATH\CodeIgniter.php(354): CodeIgniter\CodeIgniter->handleRequest(null, Object(Config\Cache), false)
 6 SYSTEMPATH\Boot.php(363): CodeIgniter\CodeIgniter->run()
 7 SYSTEMPATH\Boot.php(68): CodeIgniter\Boot::runCodeIgniter(Object(CodeIgniter\CodeIgniter))
 8 FCPATH\index.php(59): CodeIgniter\Boot::bootWeb(Object(Config\Paths))
DEBUG - 2026-01-10 03:19:49 --> Session: Class initialized using 'CodeIgniter\Session\Handlers\FileHandler' driver.
DEBUG - 2026-01-10 03:19:52 --> Session: Class initialized using 'CodeIgniter\Session\Handlers\FileHandler' driver.
DEBUG - 2026-01-10 03:19:52 --> Session: Class initialized using 'CodeIgniter\Session\Handlers\FileHandler' driver.
DEBUG - 2026-01-10 03:19:54 --> Session: Class initialized using 'CodeIgniter\Session\Handlers\FileHandler' driver.
DEBUG - 2026-01-10 03:19:54 --> Session: Class initialized using 'CodeIgniter\Session\Handlers\FileHandler' driver.
DEBUG - 2026-01-10 03:19:55 --> Session: Class initialized using 'CodeIgniter\Session\Handlers\FileHandler' driver.
DEBUG - 2026-01-10 03:19:56 --> Session: Class initialized using 'CodeIgniter\Session\Handlers\FileHandler' driver.
DEBUG - 2026-01-10 03:20:32 --> Session: Class initialized using 'CodeIgniter\Session\Handlers\FileHandler' driver.
DEBUG - 2026-01-10 03:20:32 --> Session: Class initialized using 'CodeIgniter\Session\Handlers\FileHandler' driver.
DEBUG - 2026-01-10 03:20:40 --> Session: Class initialized using 'CodeIgniter\Session\Handlers\FileHandler' driver.
DEBUG - 2026-01-10 03:20:40 --> Session: Class initialized using 'CodeIgniter\Session\Handlers\FileHandler' driver.
DEBUG - 2026-01-10 03:20:44 --> Session: Class initialized using 'CodeIgniter\Session\Handlers\FileHandler' driver.
DEBUG - 2026-01-10 03:21:12 --> Session: Class initialized using 'CodeIgniter\Session\Handlers\FileHandler' driver.
DEBUG - 2026-01-10 03:21:14 --> Session: Class initialized using 'CodeIgniter\Session\Handlers\FileHandler' driver.
DEBUG - 2026-01-10 03:21:18 --> Session: Class initialized using 'CodeIgniter\Session\Handlers\FileHandler' driver.
DEBUG - 2026-01-10 03:25:06 --> Session: Class initialized using 'CodeIgniter\Session\Handlers\FileHandler' driver.
DEBUG - 2026-01-10 03:25:12 --> Session: Class initialized using 'CodeIgniter\Session\Handlers\FileHandler' driver.
DEBUG - 2026-01-10 03:25:31 --> Session: Class initialized using 'CodeIgniter\Session\Handlers\FileHandler' driver.
DEBUG - 2026-01-10 03:25:33 --> Session: Class initialized using 'CodeIgniter\Session\Handlers\FileHandler' driver.
DEBUG - 2026-01-10 03:26:15 --> Session: Class initialized using 'CodeIgniter\Session\Handlers\FileHandler' driver.
DEBUG - 2026-01-10 03:26:18 --> Session: Class initialized using 'CodeIgniter\Session\Handlers\FileHandler' driver.
DEBUG - 2026-01-10 03:26:27 --> Session: Class initialized using 'CodeIgniter\Session\Handlers\FileHandler' driver.
DEBUG - 2026-01-10 03:26:27 --> Session: Class initialized using 'CodeIgniter\Session\Handlers\FileHandler' driver.
DEBUG - 2026-01-10 03:26:34 --> Session: Class initialized using 'CodeIgniter\Session\Handlers\FileHandler' driver.
DEBUG - 2026-01-10 03:26:34 --> Session: Class initialized using 'CodeIgniter\Session\Handlers\FileHandler' driver.
DEBUG - 2026-01-10 03:26:38 --> Session: Class initialized using 'CodeIgniter\Session\Handlers\FileHandler' driver.
DEBUG - 2026-01-10 03:27:03 --> Session: Class initialized using 'CodeIgniter\Session\Handlers\FileHandler' driver.
DEBUG - 2026-01-10 03:27:16 --> Session: Class initialized using 'CodeIgniter\Session\Handlers\FileHandler' driver.
DEBUG - 2026-01-10 03:56:34 --> Session: Class initialized using 'CodeIgniter\Session\Handlers\FileHandler' driver.
DEBUG - 2026-01-10 03:56:36 --> Session: Class initialized using 'CodeIgniter\Session\Handlers\FileHandler' driver.
DEBUG - 2026-01-10 03:57:47 --> Session: Class initialized using 'CodeIgniter\Session\Handlers\FileHandler' driver.
DEBUG - 2026-01-10 03:57:50 --> Session: Class initialized using 'CodeIgniter\Session\Handlers\FileHandler' driver.
DEBUG - 2026-01-10 03:58:26 --> Session: Class initialized using 'CodeIgniter\Session\Handlers\FileHandler' driver.
DEBUG - 2026-01-10 03:58:29 --> Session: Class initialized using 'CodeIgniter\Session\Handlers\FileHandler' driver.
DEBUG - 2026-01-10 03:58:53 --> Session: Class initialized using 'CodeIgniter\Session\Handlers\FileHandler' driver.
DEBUG - 2026-01-10 03:58:56 --> Session: Class initialized using 'CodeIgniter\Session\Handlers\FileHandler' driver.
DEBUG - 2026-01-10 03:59:32 --> Session: Class initialized using 'CodeIgniter\Session\Handlers\FileHandler' driver.
DEBUG - 2026-01-10 04:00:15 --> Session: Class initialized using 'CodeIgniter\Session\Handlers\FileHandler' driver.
DEBUG - 2026-01-10 04:00:17 --> Session: Class initialized using 'CodeIgniter\Session\Handlers\FileHandler' driver.
DEBUG - 2026-01-10 04:00:18 --> Session: Class initialized using 'CodeIgniter\Session\Handlers\FileHandler' driver.
DEBUG - 2026-01-10 04:02:00 --> Session: Class initialized using 'CodeIgniter\Session\Handlers\FileHandler' driver.
DEBUG - 2026-01-10 04:02:59 --> Session: Class initialized using 'CodeIgniter\Session\Handlers\FileHandler' driver.
DEBUG - 2026-01-10 04:03:01 --> Session: Class initialized using 'CodeIgniter\Session\Handlers\FileHandler' driver.
DEBUG - 2026-01-10 04:03:54 --> Session: Class initialized using 'CodeIgniter\Session\Handlers\FileHandler' driver.
DEBUG - 2026-01-10 04:04:22 --> Session: Class initialized using 'CodeIgniter\Session\Handlers\FileHandler' driver.
DEBUG - 2026-01-10 04:04:40 --> Session: Class initialized using 'CodeIgniter\Session\Handlers\FileHandler' driver.
DEBUG - 2026-01-10 04:05:00 --> Session: Class initialized using 'CodeIgniter\Session\Handlers\FileHandler' driver.
DEBUG - 2026-01-10 04:05:08 --> Session: Class initialized using 'CodeIgniter\Session\Handlers\FileHandler' driver.
DEBUG - 2026-01-10 04:05:28 --> Session: Class initialized using 'CodeIgniter\Session\Handlers\FileHandler' driver.
DEBUG - 2026-01-10 04:05:40 --> Session: Class initialized using 'CodeIgniter\Session\Handlers\FileHandler' driver.
DEBUG - 2026-01-10 04:05:53 --> Session: Class initialized using 'CodeIgniter\Session\Handlers\FileHandler' driver.
DEBUG - 2026-01-10 04:06:03 --> Session: Class initialized using 'CodeIgniter\Session\Handlers\FileHandler' driver.
DEBUG - 2026-01-10 04:06:19 --> Session: Class initialized using 'CodeIgniter\Session\Handlers\FileHandler' driver.
DEBUG - 2026-01-10 04:06:22 --> Session: Class initialized using 'CodeIgniter\Session\Handlers\FileHandler' driver.
DEBUG - 2026-01-10 04:06:32 --> Session: Class initialized using 'CodeIgniter\Session\Handlers\FileHandler' driver.
DEBUG - 2026-01-10 04:08:20 --> Session: Class initialized using 'CodeIgniter\Session\Handlers\FileHandler' driver.
DEBUG - 2026-01-10 04:08:22 --> Session: Class initialized using 'CodeIgniter\Session\Handlers\FileHandler' driver.
DEBUG - 2026-01-10 04:08:52 --> Session: Class initialized using 'CodeIgniter\Session\Handlers\FileHandler' driver.
DEBUG - 2026-01-10 04:09:18 --> Session: Class initialized using 'CodeIgniter\Session\Handlers\FileHandler' driver.
DEBUG - 2026-01-10 04:11:06 --> Session: Class initialized using 'CodeIgniter\Session\Handlers\FileHandler' driver.
ERROR - 2026-01-10 04:11:06 --> mysqli_sql_exception: Table 'asset_compliance_system.compliance_checks' doesn't exist in C:\xampp\htdocs\eams\system\Database\MySQLi\Connection.php:327
Stack trace:
#0 C:\xampp\htdocs\eams\system\Database\MySQLi\Connection.php(327): mysqli->query('SELECT `a`.`id`...', 0)
#1 C:\xampp\htdocs\eams\system\Database\BaseConnection.php(729): CodeIgniter\Database\MySQLi\Connection->execute('SELECT `a`.`id`...')
#2 C:\xampp\htdocs\eams\system\Database\BaseConnection.php(646): CodeIgniter\Database\BaseConnection->simpleQuery('SELECT `a`.`id`...')
#3 C:\xampp\htdocs\eams\system\Database\BaseBuilder.php(1649): CodeIgniter\Database\BaseConnection->query('SELECT `a`.`id`...', Array, false)
#4 C:\xampp\htdocs\eams\app\Controllers\AparController.php(45): CodeIgniter\Database\BaseBuilder->get()
#5 C:\xampp\htdocs\eams\system\CodeIgniter.php(933): App\Controllers\AparController->index()
#6 C:\xampp\htdocs\eams\system\CodeIgniter.php(507): CodeIgniter\CodeIgniter->runController(Object(App\Controllers\AparController))
#7 C:\xampp\htdocs\eams\system\CodeIgniter.php(354): CodeIgniter\CodeIgniter->handleRequest(NULL, Object(Config\Cache), false)
#8 C:\xampp\htdocs\eams\system\Boot.php(363): CodeIgniter\CodeIgniter->run()
#9 C:\xampp\htdocs\eams\system\Boot.php(68): CodeIgniter\Boot::runCodeIgniter(Object(CodeIgniter\CodeIgniter))
#10 C:\xampp\htdocs\eams\public\index.php(59): CodeIgniter\Boot::bootWeb(Object(Config\Paths))
#11 {main}
CRITICAL - 2026-01-10 04:11:06 --> CodeIgniter\Database\Exceptions\DatabaseException: Table 'asset_compliance_system.compliance_checks' doesn't exist
[Method: GET, Route: apar]
in SYSTEMPATH\Database\BaseConnection.php on line 684.
 1 SYSTEMPATH\Database\BaseBuilder.php(1649): CodeIgniter\Database\BaseConnection->query('SELECT `a`.`id`, `a`.`asset_name`, `a`.`inventory_no`, `ad`.`apar_type`, `ad`.`capacity`, `cc`.`condition_status`, `cc`.`pressure_status`, `cc`.`checked_at`
FROM `assets` `a`
JOIN `asset_categories` `ac` ON `ac`.`id` = `a`.`category_id`
JOIN `apar_details` `ad` ON `ad`.`asset_id` = `a`.`id`
LEFT JOIN `compliance_checks` `cc` ON `cc`.`compliance_asset_id` = `a`.`id`
WHERE `ac`.`category_name` = :ac.category_name:
AND `ac`.`sub_category` = :ac.sub_category:
AND cc.checked_at = (
                SELECT MAX(c2.checked_at)
                FROM compliance_checks c2
                WHERE c2.compliance_asset_id = a.id
            )
ORDER BY `a`.`asset_name`', [...], false)
 2 APPPATH\Controllers\AparController.php(45): CodeIgniter\Database\BaseBuilder->get()
 3 SYSTEMPATH\CodeIgniter.php(933): App\Controllers\AparController->index()
 4 SYSTEMPATH\CodeIgniter.php(507): CodeIgniter\CodeIgniter->runController(Object(App\Controllers\AparController))
 5 SYSTEMPATH\CodeIgniter.php(354): CodeIgniter\CodeIgniter->handleRequest(null, Object(Config\Cache), false)
 6 SYSTEMPATH\Boot.php(363): CodeIgniter\CodeIgniter->run()
 7 SYSTEMPATH\Boot.php(68): CodeIgniter\Boot::runCodeIgniter(Object(CodeIgniter\CodeIgniter))
 8 FCPATH\index.php(59): CodeIgniter\Boot::bootWeb(Object(Config\Paths))
CRITICAL - 2026-01-10 04:11:06 --> [Caused by] CodeIgniter\Database\Exceptions\DatabaseException: Table 'asset_compliance_system.compliance_checks' doesn't exist
in SYSTEMPATH\Database\MySQLi\Connection.php on line 332.
 1 SYSTEMPATH\Database\BaseConnection.php(729): CodeIgniter\Database\MySQLi\Connection->execute('SELECT `a`.`id`, `a`.`asset_name`, `a`.`inventory_no`, `ad`.`apar_type`, `ad`.`capacity`, `cc`.`condition_status`, `cc`.`pressure_status`, `cc`.`checked_at`
FROM `assets` `a`
JOIN `asset_categories` `ac` ON `ac`.`id` = `a`.`category_id`
JOIN `apar_details` `ad` ON `ad`.`asset_id` = `a`.`id`
LEFT JOIN `compliance_checks` `cc` ON `cc`.`compliance_asset_id` = `a`.`id`
WHERE `ac`.`category_name` = \'Compliance\'
AND `ac`.`sub_category` = \'APAR\'
AND cc.checked_at = (
                SELECT MAX(c2.checked_at)
                FROM compliance_checks c2
                WHERE c2.compliance_asset_id = a.id
            )
ORDER BY `a`.`asset_name`')
 2 SYSTEMPATH\Database\BaseConnection.php(646): CodeIgniter\Database\BaseConnection->simpleQuery('SELECT `a`.`id`, `a`.`asset_name`, `a`.`inventory_no`, `ad`.`apar_type`, `ad`.`capacity`, `cc`.`condition_status`, `cc`.`pressure_status`, `cc`.`checked_at`
FROM `assets` `a`
JOIN `asset_categories` `ac` ON `ac`.`id` = `a`.`category_id`
JOIN `apar_details` `ad` ON `ad`.`asset_id` = `a`.`id`
LEFT JOIN `compliance_checks` `cc` ON `cc`.`compliance_asset_id` = `a`.`id`
WHERE `ac`.`category_name` = \'Compliance\'
AND `ac`.`sub_category` = \'APAR\'
AND cc.checked_at = (
                SELECT MAX(c2.checked_at)
                FROM compliance_checks c2
                WHERE c2.compliance_asset_id = a.id
            )
ORDER BY `a`.`asset_name`')
 3 SYSTEMPATH\Database\BaseBuilder.php(1649): CodeIgniter\Database\BaseConnection->query('SELECT `a`.`id`, `a`.`asset_name`, `a`.`inventory_no`, `ad`.`apar_type`, `ad`.`capacity`, `cc`.`condition_status`, `cc`.`pressure_status`, `cc`.`checked_at`
FROM `assets` `a`
JOIN `asset_categories` `ac` ON `ac`.`id` = `a`.`category_id`
JOIN `apar_details` `ad` ON `ad`.`asset_id` = `a`.`id`
LEFT JOIN `compliance_checks` `cc` ON `cc`.`compliance_asset_id` = `a`.`id`
WHERE `ac`.`category_name` = :ac.category_name:
AND `ac`.`sub_category` = :ac.sub_category:
AND cc.checked_at = (
                SELECT MAX(c2.checked_at)
                FROM compliance_checks c2
                WHERE c2.compliance_asset_id = a.id
            )
ORDER BY `a`.`asset_name`', [...], false)
 4 APPPATH\Controllers\AparController.php(45): CodeIgniter\Database\BaseBuilder->get()
 5 SYSTEMPATH\CodeIgniter.php(933): App\Controllers\AparController->index()
 6 SYSTEMPATH\CodeIgniter.php(507): CodeIgniter\CodeIgniter->runController(Object(App\Controllers\AparController))
 7 SYSTEMPATH\CodeIgniter.php(354): CodeIgniter\CodeIgniter->handleRequest(null, Object(Config\Cache), false)
 8 SYSTEMPATH\Boot.php(363): CodeIgniter\CodeIgniter->run()
 9 SYSTEMPATH\Boot.php(68): CodeIgniter\Boot::runCodeIgniter(Object(CodeIgniter\CodeIgniter))
10 FCPATH\index.php(59): CodeIgniter\Boot::bootWeb(Object(Config\Paths))
CRITICAL - 2026-01-10 04:11:06 --> [Caused by] mysqli_sql_exception: Table 'asset_compliance_system.compliance_checks' doesn't exist
in SYSTEMPATH\Database\MySQLi\Connection.php on line 327.
 1 SYSTEMPATH\Database\MySQLi\Connection.php(327): mysqli->query('SELECT `a`.`id`, `a`.`asset_name`, `a`.`inventory_no`, `ad`.`apar_type`, `ad`.`capacity`, `cc`.`condition_status`, `cc`.`pressure_status`, `cc`.`checked_at`
FROM `assets` `a`
JOIN `asset_categories` `ac` ON `ac`.`id` = `a`.`category_id`
JOIN `apar_details` `ad` ON `ad`.`asset_id` = `a`.`id`
LEFT JOIN `compliance_checks` `cc` ON `cc`.`compliance_asset_id` = `a`.`id`
WHERE `ac`.`category_name` = \'Compliance\'
AND `ac`.`sub_category` = \'APAR\'
AND cc.checked_at = (
                SELECT MAX(c2.checked_at)
                FROM compliance_checks c2
                WHERE c2.compliance_asset_id = a.id
            )
ORDER BY `a`.`asset_name`', 0)
 2 SYSTEMPATH\Database\BaseConnection.php(729): CodeIgniter\Database\MySQLi\Connection->execute('SELECT `a`.`id`, `a`.`asset_name`, `a`.`inventory_no`, `ad`.`apar_type`, `ad`.`capacity`, `cc`.`condition_status`, `cc`.`pressure_status`, `cc`.`checked_at`
FROM `assets` `a`
JOIN `asset_categories` `ac` ON `ac`.`id` = `a`.`category_id`
JOIN `apar_details` `ad` ON `ad`.`asset_id` = `a`.`id`
LEFT JOIN `compliance_checks` `cc` ON `cc`.`compliance_asset_id` = `a`.`id`
WHERE `ac`.`category_name` = \'Compliance\'
AND `ac`.`sub_category` = \'APAR\'
AND cc.checked_at = (
                SELECT MAX(c2.checked_at)
                FROM compliance_checks c2
                WHERE c2.compliance_asset_id = a.id
            )
ORDER BY `a`.`asset_name`')
 3 SYSTEMPATH\Database\BaseConnection.php(646): CodeIgniter\Database\BaseConnection->simpleQuery('SELECT `a`.`id`, `a`.`asset_name`, `a`.`inventory_no`, `ad`.`apar_type`, `ad`.`capacity`, `cc`.`condition_status`, `cc`.`pressure_status`, `cc`.`checked_at`
FROM `assets` `a`
JOIN `asset_categories` `ac` ON `ac`.`id` = `a`.`category_id`
JOIN `apar_details` `ad` ON `ad`.`asset_id` = `a`.`id`
LEFT JOIN `compliance_checks` `cc` ON `cc`.`compliance_asset_id` = `a`.`id`
WHERE `ac`.`category_name` = \'Compliance\'
AND `ac`.`sub_category` = \'APAR\'
AND cc.checked_at = (
                SELECT MAX(c2.checked_at)
                FROM compliance_checks c2
                WHERE c2.compliance_asset_id = a.id
            )
ORDER BY `a`.`asset_name`')
 4 SYSTEMPATH\Database\BaseBuilder.php(1649): CodeIgniter\Database\BaseConnection->query('SELECT `a`.`id`, `a`.`asset_name`, `a`.`inventory_no`, `ad`.`apar_type`, `ad`.`capacity`, `cc`.`condition_status`, `cc`.`pressure_status`, `cc`.`checked_at`
FROM `assets` `a`
JOIN `asset_categories` `ac` ON `ac`.`id` = `a`.`category_id`
JOIN `apar_details` `ad` ON `ad`.`asset_id` = `a`.`id`
LEFT JOIN `compliance_checks` `cc` ON `cc`.`compliance_asset_id` = `a`.`id`
WHERE `ac`.`category_name` = :ac.category_name:
AND `ac`.`sub_category` = :ac.sub_category:
AND cc.checked_at = (
                SELECT MAX(c2.checked_at)
                FROM compliance_checks c2
                WHERE c2.compliance_asset_id = a.id
            )
ORDER BY `a`.`asset_name`', [...], false)
 5 APPPATH\Controllers\AparController.php(45): CodeIgniter\Database\BaseBuilder->get()
 6 SYSTEMPATH\CodeIgniter.php(933): App\Controllers\AparController->index()
 7 SYSTEMPATH\CodeIgniter.php(507): CodeIgniter\CodeIgniter->runController(Object(App\Controllers\AparController))
 8 SYSTEMPATH\CodeIgniter.php(354): CodeIgniter\CodeIgniter->handleRequest(null, Object(Config\Cache), false)
 9 SYSTEMPATH\Boot.php(363): CodeIgniter\CodeIgniter->run()
10 SYSTEMPATH\Boot.php(68): CodeIgniter\Boot::runCodeIgniter(Object(CodeIgniter\CodeIgniter))
11 FCPATH\index.php(59): CodeIgniter\Boot::bootWeb(Object(Config\Paths))
DEBUG - 2026-01-10 04:21:14 --> Session: Class initialized using 'CodeIgniter\Session\Handlers\FileHandler' driver.
DEBUG - 2026-01-10 04:21:41 --> Session: Class initialized using 'CodeIgniter\Session\Handlers\FileHandler' driver.
DEBUG - 2026-01-10 04:21:43 --> Session: Class initialized using 'CodeIgniter\Session\Handlers\FileHandler' driver.
DEBUG - 2026-01-10 04:22:06 --> Session: Class initialized using 'CodeIgniter\Session\Handlers\FileHandler' driver.
DEBUG - 2026-01-10 04:22:24 --> Session: Class initialized using 'CodeIgniter\Session\Handlers\FileHandler' driver.
DEBUG - 2026-01-10 04:22:29 --> Session: Class initialized using 'CodeIgniter\Session\Handlers\FileHandler' driver.
DEBUG - 2026-01-10 09:42:48 --> Session: Class initialized using 'CodeIgniter\Session\Handlers\FileHandler' driver.
DEBUG - 2026-01-10 09:42:49 --> Session: Class initialized using 'CodeIgniter\Session\Handlers\FileHandler' driver.
DEBUG - 2026-01-10 09:42:54 --> Session: Class initialized using 'CodeIgniter\Session\Handlers\FileHandler' driver.
DEBUG - 2026-01-10 09:42:54 --> Session: Class initialized using 'CodeIgniter\Session\Handlers\FileHandler' driver.
DEBUG - 2026-01-10 09:42:57 --> Session: Class initialized using 'CodeIgniter\Session\Handlers\FileHandler' driver.
ERROR - 2026-01-10 09:42:57 --> mysqli_sql_exception: Table 'asset_compliance_system.compliance_checks' doesn't exist in C:\xampp\htdocs\eams\system\Database\MySQLi\Connection.php:327
Stack trace:
#0 C:\xampp\htdocs\eams\system\Database\MySQLi\Connection.php(327): mysqli->query('SELECT `a`.`id`...', 0)
#1 C:\xampp\htdocs\eams\system\Database\BaseConnection.php(729): CodeIgniter\Database\MySQLi\Connection->execute('SELECT `a`.`id`...')
#2 C:\xampp\htdocs\eams\system\Database\BaseConnection.php(646): CodeIgniter\Database\BaseConnection->simpleQuery('SELECT `a`.`id`...')
#3 C:\xampp\htdocs\eams\system\Database\BaseBuilder.php(1649): CodeIgniter\Database\BaseConnection->query('SELECT `a`.`id`...', Array, false)
#4 C:\xampp\htdocs\eams\app\Controllers\AparController.php(45): CodeIgniter\Database\BaseBuilder->get()
#5 C:\xampp\htdocs\eams\system\CodeIgniter.php(933): App\Controllers\AparController->index()
#6 C:\xampp\htdocs\eams\system\CodeIgniter.php(507): CodeIgniter\CodeIgniter->runController(Object(App\Controllers\AparController))
#7 C:\xampp\htdocs\eams\system\CodeIgniter.php(354): CodeIgniter\CodeIgniter->handleRequest(NULL, Object(Config\Cache), false)
#8 C:\xampp\htdocs\eams\system\Boot.php(363): CodeIgniter\CodeIgniter->run()
#9 C:\xampp\htdocs\eams\system\Boot.php(68): CodeIgniter\Boot::runCodeIgniter(Object(CodeIgniter\CodeIgniter))
#10 C:\xampp\htdocs\eams\public\index.php(59): CodeIgniter\Boot::bootWeb(Object(Config\Paths))
#11 {main}
CRITICAL - 2026-01-10 09:42:57 --> CodeIgniter\Database\Exceptions\DatabaseException: Table 'asset_compliance_system.compliance_checks' doesn't exist
[Method: GET, Route: apar]
in SYSTEMPATH\Database\BaseConnection.php on line 684.
 1 SYSTEMPATH\Database\BaseBuilder.php(1649): CodeIgniter\Database\BaseConnection->query('SELECT `a`.`id`, `a`.`asset_name`, `a`.`inventory_no`, `ad`.`apar_type`, `ad`.`capacity`, `cc`.`condition_status`, `cc`.`pressure_status`, `cc`.`checked_at`
FROM `assets` `a`
JOIN `asset_categories` `ac` ON `ac`.`id` = `a`.`category_id`
JOIN `apar_details` `ad` ON `ad`.`asset_id` = `a`.`id`
LEFT JOIN `compliance_checks` `cc` ON `cc`.`compliance_asset_id` = `a`.`id`
WHERE `ac`.`category_name` = :ac.category_name:
AND `ac`.`sub_category` = :ac.sub_category:
AND cc.checked_at = (
                SELECT MAX(c2.checked_at)
                FROM compliance_checks c2
                WHERE c2.compliance_asset_id = a.id
            )
ORDER BY `a`.`asset_name`', [...], false)
 2 APPPATH\Controllers\AparController.php(45): CodeIgniter\Database\BaseBuilder->get()
 3 SYSTEMPATH\CodeIgniter.php(933): App\Controllers\AparController->index()
 4 SYSTEMPATH\CodeIgniter.php(507): CodeIgniter\CodeIgniter->runController(Object(App\Controllers\AparController))
 5 SYSTEMPATH\CodeIgniter.php(354): CodeIgniter\CodeIgniter->handleRequest(null, Object(Config\Cache), false)
 6 SYSTEMPATH\Boot.php(363): CodeIgniter\CodeIgniter->run()
 7 SYSTEMPATH\Boot.php(68): CodeIgniter\Boot::runCodeIgniter(Object(CodeIgniter\CodeIgniter))
 8 FCPATH\index.php(59): CodeIgniter\Boot::bootWeb(Object(Config\Paths))
CRITICAL - 2026-01-10 09:42:57 --> [Caused by] CodeIgniter\Database\Exceptions\DatabaseException: Table 'asset_compliance_system.compliance_checks' doesn't exist
in SYSTEMPATH\Database\MySQLi\Connection.php on line 332.
 1 SYSTEMPATH\Database\BaseConnection.php(729): CodeIgniter\Database\MySQLi\Connection->execute('SELECT `a`.`id`, `a`.`asset_name`, `a`.`inventory_no`, `ad`.`apar_type`, `ad`.`capacity`, `cc`.`condition_status`, `cc`.`pressure_status`, `cc`.`checked_at`
FROM `assets` `a`
JOIN `asset_categories` `ac` ON `ac`.`id` = `a`.`category_id`
JOIN `apar_details` `ad` ON `ad`.`asset_id` = `a`.`id`
LEFT JOIN `compliance_checks` `cc` ON `cc`.`compliance_asset_id` = `a`.`id`
WHERE `ac`.`category_name` = \'Compliance\'
AND `ac`.`sub_category` = \'APAR\'
AND cc.checked_at = (
                SELECT MAX(c2.checked_at)
                FROM compliance_checks c2
                WHERE c2.compliance_asset_id = a.id
            )
ORDER BY `a`.`asset_name`')
 2 SYSTEMPATH\Database\BaseConnection.php(646): CodeIgniter\Database\BaseConnection->simpleQuery('SELECT `a`.`id`, `a`.`asset_name`, `a`.`inventory_no`, `ad`.`apar_type`, `ad`.`capacity`, `cc`.`condition_status`, `cc`.`pressure_status`, `cc`.`checked_at`
FROM `assets` `a`
JOIN `asset_categories` `ac` ON `ac`.`id` = `a`.`category_id`
JOIN `apar_details` `ad` ON `ad`.`asset_id` = `a`.`id`
LEFT JOIN `compliance_checks` `cc` ON `cc`.`compliance_asset_id` = `a`.`id`
WHERE `ac`.`category_name` = \'Compliance\'
AND `ac`.`sub_category` = \'APAR\'
AND cc.checked_at = (
                SELECT MAX(c2.checked_at)
                FROM compliance_checks c2
                WHERE c2.compliance_asset_id = a.id
            )
ORDER BY `a`.`asset_name`')
 3 SYSTEMPATH\Database\BaseBuilder.php(1649): CodeIgniter\Database\BaseConnection->query('SELECT `a`.`id`, `a`.`asset_name`, `a`.`inventory_no`, `ad`.`apar_type`, `ad`.`capacity`, `cc`.`condition_status`, `cc`.`pressure_status`, `cc`.`checked_at`
FROM `assets` `a`
JOIN `asset_categories` `ac` ON `ac`.`id` = `a`.`category_id`
JOIN `apar_details` `ad` ON `ad`.`asset_id` = `a`.`id`
LEFT JOIN `compliance_checks` `cc` ON `cc`.`compliance_asset_id` = `a`.`id`
WHERE `ac`.`category_name` = :ac.category_name:
AND `ac`.`sub_category` = :ac.sub_category:
AND cc.checked_at = (
                SELECT MAX(c2.checked_at)
                FROM compliance_checks c2
                WHERE c2.compliance_asset_id = a.id
            )
ORDER BY `a`.`asset_name`', [...], false)
 4 APPPATH\Controllers\AparController.php(45): CodeIgniter\Database\BaseBuilder->get()
 5 SYSTEMPATH\CodeIgniter.php(933): App\Controllers\AparController->index()
 6 SYSTEMPATH\CodeIgniter.php(507): CodeIgniter\CodeIgniter->runController(Object(App\Controllers\AparController))
 7 SYSTEMPATH\CodeIgniter.php(354): CodeIgniter\CodeIgniter->handleRequest(null, Object(Config\Cache), false)
 8 SYSTEMPATH\Boot.php(363): CodeIgniter\CodeIgniter->run()
 9 SYSTEMPATH\Boot.php(68): CodeIgniter\Boot::runCodeIgniter(Object(CodeIgniter\CodeIgniter))
10 FCPATH\index.php(59): CodeIgniter\Boot::bootWeb(Object(Config\Paths))
CRITICAL - 2026-01-10 09:42:57 --> [Caused by] mysqli_sql_exception: Table 'asset_compliance_system.compliance_checks' doesn't exist
in SYSTEMPATH\Database\MySQLi\Connection.php on line 327.
 1 SYSTEMPATH\Database\MySQLi\Connection.php(327): mysqli->query('SELECT `a`.`id`, `a`.`asset_name`, `a`.`inventory_no`, `ad`.`apar_type`, `ad`.`capacity`, `cc`.`condition_status`, `cc`.`pressure_status`, `cc`.`checked_at`
FROM `assets` `a`
JOIN `asset_categories` `ac` ON `ac`.`id` = `a`.`category_id`
JOIN `apar_details` `ad` ON `ad`.`asset_id` = `a`.`id`
LEFT JOIN `compliance_checks` `cc` ON `cc`.`compliance_asset_id` = `a`.`id`
WHERE `ac`.`category_name` = \'Compliance\'
AND `ac`.`sub_category` = \'APAR\'
AND cc.checked_at = (
                SELECT MAX(c2.checked_at)
                FROM compliance_checks c2
                WHERE c2.compliance_asset_id = a.id
            )
ORDER BY `a`.`asset_name`', 0)
 2 SYSTEMPATH\Database\BaseConnection.php(729): CodeIgniter\Database\MySQLi\Connection->execute('SELECT `a`.`id`, `a`.`asset_name`, `a`.`inventory_no`, `ad`.`apar_type`, `ad`.`capacity`, `cc`.`condition_status`, `cc`.`pressure_status`, `cc`.`checked_at`
FROM `assets` `a`
JOIN `asset_categories` `ac` ON `ac`.`id` = `a`.`category_id`
JOIN `apar_details` `ad` ON `ad`.`asset_id` = `a`.`id`
LEFT JOIN `compliance_checks` `cc` ON `cc`.`compliance_asset_id` = `a`.`id`
WHERE `ac`.`category_name` = \'Compliance\'
AND `ac`.`sub_category` = \'APAR\'
AND cc.checked_at = (
                SELECT MAX(c2.checked_at)
                FROM compliance_checks c2
                WHERE c2.compliance_asset_id = a.id
            )
ORDER BY `a`.`asset_name`')
 3 SYSTEMPATH\Database\BaseConnection.php(646): CodeIgniter\Database\BaseConnection->simpleQuery('SELECT `a`.`id`, `a`.`asset_name`, `a`.`inventory_no`, `ad`.`apar_type`, `ad`.`capacity`, `cc`.`condition_status`, `cc`.`pressure_status`, `cc`.`checked_at`
FROM `assets` `a`
JOIN `asset_categories` `ac` ON `ac`.`id` = `a`.`category_id`
JOIN `apar_details` `ad` ON `ad`.`asset_id` = `a`.`id`
LEFT JOIN `compliance_checks` `cc` ON `cc`.`compliance_asset_id` = `a`.`id`
WHERE `ac`.`category_name` = \'Compliance\'
AND `ac`.`sub_category` = \'APAR\'
AND cc.checked_at = (
                SELECT MAX(c2.checked_at)
                FROM compliance_checks c2
                WHERE c2.compliance_asset_id = a.id
            )
ORDER BY `a`.`asset_name`')
 4 SYSTEMPATH\Database\BaseBuilder.php(1649): CodeIgniter\Database\BaseConnection->query('SELECT `a`.`id`, `a`.`asset_name`, `a`.`inventory_no`, `ad`.`apar_type`, `ad`.`capacity`, `cc`.`condition_status`, `cc`.`pressure_status`, `cc`.`checked_at`
FROM `assets` `a`
JOIN `asset_categories` `ac` ON `ac`.`id` = `a`.`category_id`
JOIN `apar_details` `ad` ON `ad`.`asset_id` = `a`.`id`
LEFT JOIN `compliance_checks` `cc` ON `cc`.`compliance_asset_id` = `a`.`id`
WHERE `ac`.`category_name` = :ac.category_name:
AND `ac`.`sub_category` = :ac.sub_category:
AND cc.checked_at = (
                SELECT MAX(c2.checked_at)
                FROM compliance_checks c2
                WHERE c2.compliance_asset_id = a.id
            )
ORDER BY `a`.`asset_name`', [...], false)
 5 APPPATH\Controllers\AparController.php(45): CodeIgniter\Database\BaseBuilder->get()
 6 SYSTEMPATH\CodeIgniter.php(933): App\Controllers\AparController->index()
 7 SYSTEMPATH\CodeIgniter.php(507): CodeIgniter\CodeIgniter->runController(Object(App\Controllers\AparController))
 8 SYSTEMPATH\CodeIgniter.php(354): CodeIgniter\CodeIgniter->handleRequest(null, Object(Config\Cache), false)
 9 SYSTEMPATH\Boot.php(363): CodeIgniter\CodeIgniter->run()
10 SYSTEMPATH\Boot.php(68): CodeIgniter\Boot::runCodeIgniter(Object(CodeIgniter\CodeIgniter))
11 FCPATH\index.php(59): CodeIgniter\Boot::bootWeb(Object(Config\Paths))
DEBUG - 2026-01-10 10:12:45 --> Session: Class initialized using 'CodeIgniter\Session\Handlers\FileHandler' driver.
ERROR - 2026-01-10 10:12:45 --> mysqli_sql_exception: Table 'asset_compliance_system.compliance_checks' doesn't exist in C:\xampp\htdocs\eams\system\Database\MySQLi\Connection.php:327
Stack trace:
#0 C:\xampp\htdocs\eams\system\Database\MySQLi\Connection.php(327): mysqli->query('SELECT `a`.`id`...', 0)
#1 C:\xampp\htdocs\eams\system\Database\BaseConnection.php(729): CodeIgniter\Database\MySQLi\Connection->execute('SELECT `a`.`id`...')
#2 C:\xampp\htdocs\eams\system\Database\BaseConnection.php(646): CodeIgniter\Database\BaseConnection->simpleQuery('SELECT `a`.`id`...')
#3 C:\xampp\htdocs\eams\system\Database\BaseBuilder.php(1649): CodeIgniter\Database\BaseConnection->query('SELECT `a`.`id`...', Array, false)
#4 C:\xampp\htdocs\eams\app\Controllers\AparController.php(45): CodeIgniter\Database\BaseBuilder->get()
#5 C:\xampp\htdocs\eams\system\CodeIgniter.php(933): App\Controllers\AparController->index()
#6 C:\xampp\htdocs\eams\system\CodeIgniter.php(507): CodeIgniter\CodeIgniter->runController(Object(App\Controllers\AparController))
#7 C:\xampp\htdocs\eams\system\CodeIgniter.php(354): CodeIgniter\CodeIgniter->handleRequest(NULL, Object(Config\Cache), false)
#8 C:\xampp\htdocs\eams\system\Boot.php(363): CodeIgniter\CodeIgniter->run()
#9 C:\xampp\htdocs\eams\system\Boot.php(68): CodeIgniter\Boot::runCodeIgniter(Object(CodeIgniter\CodeIgniter))
#10 C:\xampp\htdocs\eams\public\index.php(59): CodeIgniter\Boot::bootWeb(Object(Config\Paths))
#11 {main}
CRITICAL - 2026-01-10 10:12:45 --> CodeIgniter\Database\Exceptions\DatabaseException: Table 'asset_compliance_system.compliance_checks' doesn't exist
[Method: GET, Route: apar]
in SYSTEMPATH\Database\BaseConnection.php on line 684.
 1 SYSTEMPATH\Database\BaseBuilder.php(1649): CodeIgniter\Database\BaseConnection->query('SELECT `a`.`id`, `a`.`asset_name`, `a`.`inventory_no`, `ad`.`apar_type`, `ad`.`capacity`, `cc`.`condition_status`, `cc`.`pressure_status`, `cc`.`checked_at`
FROM `assets` `a`
JOIN `asset_categories` `ac` ON `ac`.`id` = `a`.`category_id`
JOIN `apar_details` `ad` ON `ad`.`asset_id` = `a`.`id`
LEFT JOIN `compliance_checklists` `cc` ON `cc`.`compliance_asset_id` = `a`.`id`
WHERE `ac`.`category_name` = :ac.category_name:
AND `ac`.`sub_category` = :ac.sub_category:
AND cc.checked_at = (
                SELECT MAX(c2.checked_at)
                FROM compliance_checks c2
                WHERE c2.compliance_asset_id = a.id
            )
ORDER BY `a`.`asset_name`', [...], false)
 2 APPPATH\Controllers\AparController.php(45): CodeIgniter\Database\BaseBuilder->get()
 3 SYSTEMPATH\CodeIgniter.php(933): App\Controllers\AparController->index()
 4 SYSTEMPATH\CodeIgniter.php(507): CodeIgniter\CodeIgniter->runController(Object(App\Controllers\AparController))
 5 SYSTEMPATH\CodeIgniter.php(354): CodeIgniter\CodeIgniter->handleRequest(null, Object(Config\Cache), false)
 6 SYSTEMPATH\Boot.php(363): CodeIgniter\CodeIgniter->run()
 7 SYSTEMPATH\Boot.php(68): CodeIgniter\Boot::runCodeIgniter(Object(CodeIgniter\CodeIgniter))
 8 FCPATH\index.php(59): CodeIgniter\Boot::bootWeb(Object(Config\Paths))
CRITICAL - 2026-01-10 10:12:45 --> [Caused by] CodeIgniter\Database\Exceptions\DatabaseException: Table 'asset_compliance_system.compliance_checks' doesn't exist
in SYSTEMPATH\Database\MySQLi\Connection.php on line 332.
 1 SYSTEMPATH\Database\BaseConnection.php(729): CodeIgniter\Database\MySQLi\Connection->execute('SELECT `a`.`id`, `a`.`asset_name`, `a`.`inventory_no`, `ad`.`apar_type`, `ad`.`capacity`, `cc`.`condition_status`, `cc`.`pressure_status`, `cc`.`checked_at`
FROM `assets` `a`
JOIN `asset_categories` `ac` ON `ac`.`id` = `a`.`category_id`
JOIN `apar_details` `ad` ON `ad`.`asset_id` = `a`.`id`
LEFT JOIN `compliance_checklists` `cc` ON `cc`.`compliance_asset_id` = `a`.`id`
WHERE `ac`.`category_name` = \'Compliance\'
AND `ac`.`sub_category` = \'APAR\'
AND cc.checked_at = (
                SELECT MAX(c2.checked_at)
                FROM compliance_checks c2
                WHERE c2.compliance_asset_id = a.id
            )
ORDER BY `a`.`asset_name`')
 2 SYSTEMPATH\Database\BaseConnection.php(646): CodeIgniter\Database\BaseConnection->simpleQuery('SELECT `a`.`id`, `a`.`asset_name`, `a`.`inventory_no`, `ad`.`apar_type`, `ad`.`capacity`, `cc`.`condition_status`, `cc`.`pressure_status`, `cc`.`checked_at`
FROM `assets` `a`
JOIN `asset_categories` `ac` ON `ac`.`id` = `a`.`category_id`
JOIN `apar_details` `ad` ON `ad`.`asset_id` = `a`.`id`
LEFT JOIN `compliance_checklists` `cc` ON `cc`.`compliance_asset_id` = `a`.`id`
WHERE `ac`.`category_name` = \'Compliance\'
AND `ac`.`sub_category` = \'APAR\'
AND cc.checked_at = (
                SELECT MAX(c2.checked_at)
                FROM compliance_checks c2
                WHERE c2.compliance_asset_id = a.id
            )
ORDER BY `a`.`asset_name`')
 3 SYSTEMPATH\Database\BaseBuilder.php(1649): CodeIgniter\Database\BaseConnection->query('SELECT `a`.`id`, `a`.`asset_name`, `a`.`inventory_no`, `ad`.`apar_type`, `ad`.`capacity`, `cc`.`condition_status`, `cc`.`pressure_status`, `cc`.`checked_at`
FROM `assets` `a`
JOIN `asset_categories` `ac` ON `ac`.`id` = `a`.`category_id`
JOIN `apar_details` `ad` ON `ad`.`asset_id` = `a`.`id`
LEFT JOIN `compliance_checklists` `cc` ON `cc`.`compliance_asset_id` = `a`.`id`
WHERE `ac`.`category_name` = :ac.category_name:
AND `ac`.`sub_category` = :ac.sub_category:
AND cc.checked_at = (
                SELECT MAX(c2.checked_at)
                FROM compliance_checks c2
                WHERE c2.compliance_asset_id = a.id
            )
ORDER BY `a`.`asset_name`', [...], false)
 4 APPPATH\Controllers\AparController.php(45): CodeIgniter\Database\BaseBuilder->get()
 5 SYSTEMPATH\CodeIgniter.php(933): App\Controllers\AparController->index()
 6 SYSTEMPATH\CodeIgniter.php(507): CodeIgniter\CodeIgniter->runController(Object(App\Controllers\AparController))
 7 SYSTEMPATH\CodeIgniter.php(354): CodeIgniter\CodeIgniter->handleRequest(null, Object(Config\Cache), false)
 8 SYSTEMPATH\Boot.php(363): CodeIgniter\CodeIgniter->run()
 9 SYSTEMPATH\Boot.php(68): CodeIgniter\Boot::runCodeIgniter(Object(CodeIgniter\CodeIgniter))
10 FCPATH\index.php(59): CodeIgniter\Boot::bootWeb(Object(Config\Paths))
CRITICAL - 2026-01-10 10:12:45 --> [Caused by] mysqli_sql_exception: Table 'asset_compliance_system.compliance_checks' doesn't exist
in SYSTEMPATH\Database\MySQLi\Connection.php on line 327.
 1 SYSTEMPATH\Database\MySQLi\Connection.php(327): mysqli->query('SELECT `a`.`id`, `a`.`asset_name`, `a`.`inventory_no`, `ad`.`apar_type`, `ad`.`capacity`, `cc`.`condition_status`, `cc`.`pressure_status`, `cc`.`checked_at`
FROM `assets` `a`
JOIN `asset_categories` `ac` ON `ac`.`id` = `a`.`category_id`
JOIN `apar_details` `ad` ON `ad`.`asset_id` = `a`.`id`
LEFT JOIN `compliance_checklists` `cc` ON `cc`.`compliance_asset_id` = `a`.`id`
WHERE `ac`.`category_name` = \'Compliance\'
AND `ac`.`sub_category` = \'APAR\'
AND cc.checked_at = (
                SELECT MAX(c2.checked_at)
                FROM compliance_checks c2
                WHERE c2.compliance_asset_id = a.id
            )
ORDER BY `a`.`asset_name`', 0)
 2 SYSTEMPATH\Database\BaseConnection.php(729): CodeIgniter\Database\MySQLi\Connection->execute('SELECT `a`.`id`, `a`.`asset_name`, `a`.`inventory_no`, `ad`.`apar_type`, `ad`.`capacity`, `cc`.`condition_status`, `cc`.`pressure_status`, `cc`.`checked_at`
FROM `assets` `a`
JOIN `asset_categories` `ac` ON `ac`.`id` = `a`.`category_id`
JOIN `apar_details` `ad` ON `ad`.`asset_id` = `a`.`id`
LEFT JOIN `compliance_checklists` `cc` ON `cc`.`compliance_asset_id` = `a`.`id`
WHERE `ac`.`category_name` = \'Compliance\'
AND `ac`.`sub_category` = \'APAR\'
AND cc.checked_at = (
                SELECT MAX(c2.checked_at)
                FROM compliance_checks c2
                WHERE c2.compliance_asset_id = a.id
            )
ORDER BY `a`.`asset_name`')
 3 SYSTEMPATH\Database\BaseConnection.php(646): CodeIgniter\Database\BaseConnection->simpleQuery('SELECT `a`.`id`, `a`.`asset_name`, `a`.`inventory_no`, `ad`.`apar_type`, `ad`.`capacity`, `cc`.`condition_status`, `cc`.`pressure_status`, `cc`.`checked_at`
FROM `assets` `a`
JOIN `asset_categories` `ac` ON `ac`.`id` = `a`.`category_id`
JOIN `apar_details` `ad` ON `ad`.`asset_id` = `a`.`id`
LEFT JOIN `compliance_checklists` `cc` ON `cc`.`compliance_asset_id` = `a`.`id`
WHERE `ac`.`category_name` = \'Compliance\'
AND `ac`.`sub_category` = \'APAR\'
AND cc.checked_at = (
                SELECT MAX(c2.checked_at)
                FROM compliance_checks c2
                WHERE c2.compliance_asset_id = a.id
            )
ORDER BY `a`.`asset_name`')
 4 SYSTEMPATH\Database\BaseBuilder.php(1649): CodeIgniter\Database\BaseConnection->query('SELECT `a`.`id`, `a`.`asset_name`, `a`.`inventory_no`, `ad`.`apar_type`, `ad`.`capacity`, `cc`.`condition_status`, `cc`.`pressure_status`, `cc`.`checked_at`
FROM `assets` `a`
JOIN `asset_categories` `ac` ON `ac`.`id` = `a`.`category_id`
JOIN `apar_details` `ad` ON `ad`.`asset_id` = `a`.`id`
LEFT JOIN `compliance_checklists` `cc` ON `cc`.`compliance_asset_id` = `a`.`id`
WHERE `ac`.`category_name` = :ac.category_name:
AND `ac`.`sub_category` = :ac.sub_category:
AND cc.checked_at = (
                SELECT MAX(c2.checked_at)
                FROM compliance_checks c2
                WHERE c2.compliance_asset_id = a.id
            )
ORDER BY `a`.`asset_name`', [...], false)
 5 APPPATH\Controllers\AparController.php(45): CodeIgniter\Database\BaseBuilder->get()
 6 SYSTEMPATH\CodeIgniter.php(933): App\Controllers\AparController->index()
 7 SYSTEMPATH\CodeIgniter.php(507): CodeIgniter\CodeIgniter->runController(Object(App\Controllers\AparController))
 8 SYSTEMPATH\CodeIgniter.php(354): CodeIgniter\CodeIgniter->handleRequest(null, Object(Config\Cache), false)
 9 SYSTEMPATH\Boot.php(363): CodeIgniter\CodeIgniter->run()
10 SYSTEMPATH\Boot.php(68): CodeIgniter\Boot::runCodeIgniter(Object(CodeIgniter\CodeIgniter))
11 FCPATH\index.php(59): CodeIgniter\Boot::bootWeb(Object(Config\Paths))
DEBUG - 2026-01-10 10:12:47 --> Session: Class initialized using 'CodeIgniter\Session\Handlers\FileHandler' driver.
ERROR - 2026-01-10 10:12:47 --> mysqli_sql_exception: Table 'asset_compliance_system.compliance_checks' doesn't exist in C:\xampp\htdocs\eams\system\Database\MySQLi\Connection.php:327
Stack trace:
#0 C:\xampp\htdocs\eams\system\Database\MySQLi\Connection.php(327): mysqli->query('SELECT `a`.`id`...', 0)
#1 C:\xampp\htdocs\eams\system\Database\BaseConnection.php(729): CodeIgniter\Database\MySQLi\Connection->execute('SELECT `a`.`id`...')
#2 C:\xampp\htdocs\eams\system\Database\BaseConnection.php(646): CodeIgniter\Database\BaseConnection->simpleQuery('SELECT `a`.`id`...')
#3 C:\xampp\htdocs\eams\system\Database\BaseBuilder.php(1649): CodeIgniter\Database\BaseConnection->query('SELECT `a`.`id`...', Array, false)
#4 C:\xampp\htdocs\eams\app\Controllers\AparController.php(45): CodeIgniter\Database\BaseBuilder->get()
#5 C:\xampp\htdocs\eams\system\CodeIgniter.php(933): App\Controllers\AparController->index()
#6 C:\xampp\htdocs\eams\system\CodeIgniter.php(507): CodeIgniter\CodeIgniter->runController(Object(App\Controllers\AparController))
#7 C:\xampp\htdocs\eams\system\CodeIgniter.php(354): CodeIgniter\CodeIgniter->handleRequest(NULL, Object(Config\Cache), false)
#8 C:\xampp\htdocs\eams\system\Boot.php(363): CodeIgniter\CodeIgniter->run()
#9 C:\xampp\htdocs\eams\system\Boot.php(68): CodeIgniter\Boot::runCodeIgniter(Object(CodeIgniter\CodeIgniter))
#10 C:\xampp\htdocs\eams\public\index.php(59): CodeIgniter\Boot::bootWeb(Object(Config\Paths))
#11 {main}
CRITICAL - 2026-01-10 10:12:47 --> CodeIgniter\Database\Exceptions\DatabaseException: Table 'asset_compliance_system.compliance_checks' doesn't exist
[Method: GET, Route: apar]
in SYSTEMPATH\Database\BaseConnection.php on line 684.
 1 SYSTEMPATH\Database\BaseBuilder.php(1649): CodeIgniter\Database\BaseConnection->query('SELECT `a`.`id`, `a`.`asset_name`, `a`.`inventory_no`, `ad`.`apar_type`, `ad`.`capacity`, `cc`.`condition_status`, `cc`.`pressure_status`, `cc`.`checked_at`
FROM `assets` `a`
JOIN `asset_categories` `ac` ON `ac`.`id` = `a`.`category_id`
JOIN `apar_details` `ad` ON `ad`.`asset_id` = `a`.`id`
LEFT JOIN `compliance_checklists` `cc` ON `cc`.`compliance_asset_id` = `a`.`id`
WHERE `ac`.`category_name` = :ac.category_name:
AND `ac`.`sub_category` = :ac.sub_category:
AND cc.checked_at = (
                SELECT MAX(c2.checked_at)
                FROM compliance_checks c2
                WHERE c2.compliance_asset_id = a.id
            )
ORDER BY `a`.`asset_name`', [...], false)
 2 APPPATH\Controllers\AparController.php(45): CodeIgniter\Database\BaseBuilder->get()
 3 SYSTEMPATH\CodeIgniter.php(933): App\Controllers\AparController->index()
 4 SYSTEMPATH\CodeIgniter.php(507): CodeIgniter\CodeIgniter->runController(Object(App\Controllers\AparController))
 5 SYSTEMPATH\CodeIgniter.php(354): CodeIgniter\CodeIgniter->handleRequest(null, Object(Config\Cache), false)
 6 SYSTEMPATH\Boot.php(363): CodeIgniter\CodeIgniter->run()
 7 SYSTEMPATH\Boot.php(68): CodeIgniter\Boot::runCodeIgniter(Object(CodeIgniter\CodeIgniter))
 8 FCPATH\index.php(59): CodeIgniter\Boot::bootWeb(Object(Config\Paths))
CRITICAL - 2026-01-10 10:12:47 --> [Caused by] CodeIgniter\Database\Exceptions\DatabaseException: Table 'asset_compliance_system.compliance_checks' doesn't exist
in SYSTEMPATH\Database\MySQLi\Connection.php on line 332.
 1 SYSTEMPATH\Database\BaseConnection.php(729): CodeIgniter\Database\MySQLi\Connection->execute('SELECT `a`.`id`, `a`.`asset_name`, `a`.`inventory_no`, `ad`.`apar_type`, `ad`.`capacity`, `cc`.`condition_status`, `cc`.`pressure_status`, `cc`.`checked_at`
FROM `assets` `a`
JOIN `asset_categories` `ac` ON `ac`.`id` = `a`.`category_id`
JOIN `apar_details` `ad` ON `ad`.`asset_id` = `a`.`id`
LEFT JOIN `compliance_checklists` `cc` ON `cc`.`compliance_asset_id` = `a`.`id`
WHERE `ac`.`category_name` = \'Compliance\'
AND `ac`.`sub_category` = \'APAR\'
AND cc.checked_at = (
                SELECT MAX(c2.checked_at)
                FROM compliance_checks c2
                WHERE c2.compliance_asset_id = a.id
            )
ORDER BY `a`.`asset_name`')
 2 SYSTEMPATH\Database\BaseConnection.php(646): CodeIgniter\Database\BaseConnection->simpleQuery('SELECT `a`.`id`, `a`.`asset_name`, `a`.`inventory_no`, `ad`.`apar_type`, `ad`.`capacity`, `cc`.`condition_status`, `cc`.`pressure_status`, `cc`.`checked_at`
FROM `assets` `a`
JOIN `asset_categories` `ac` ON `ac`.`id` = `a`.`category_id`
JOIN `apar_details` `ad` ON `ad`.`asset_id` = `a`.`id`
LEFT JOIN `compliance_checklists` `cc` ON `cc`.`compliance_asset_id` = `a`.`id`
WHERE `ac`.`category_name` = \'Compliance\'
AND `ac`.`sub_category` = \'APAR\'
AND cc.checked_at = (
                SELECT MAX(c2.checked_at)
                FROM compliance_checks c2
                WHERE c2.compliance_asset_id = a.id
            )
ORDER BY `a`.`asset_name`')
 3 SYSTEMPATH\Database\BaseBuilder.php(1649): CodeIgniter\Database\BaseConnection->query('SELECT `a`.`id`, `a`.`asset_name`, `a`.`inventory_no`, `ad`.`apar_type`, `ad`.`capacity`, `cc`.`condition_status`, `cc`.`pressure_status`, `cc`.`checked_at`
FROM `assets` `a`
JOIN `asset_categories` `ac` ON `ac`.`id` = `a`.`category_id`
JOIN `apar_details` `ad` ON `ad`.`asset_id` = `a`.`id`
LEFT JOIN `compliance_checklists` `cc` ON `cc`.`compliance_asset_id` = `a`.`id`
WHERE `ac`.`category_name` = :ac.category_name:
AND `ac`.`sub_category` = :ac.sub_category:
AND cc.checked_at = (
                SELECT MAX(c2.checked_at)
                FROM compliance_checks c2
                WHERE c2.compliance_asset_id = a.id
            )
ORDER BY `a`.`asset_name`', [...], false)
 4 APPPATH\Controllers\AparController.php(45): CodeIgniter\Database\BaseBuilder->get()
 5 SYSTEMPATH\CodeIgniter.php(933): App\Controllers\AparController->index()
 6 SYSTEMPATH\CodeIgniter.php(507): CodeIgniter\CodeIgniter->runController(Object(App\Controllers\AparController))
 7 SYSTEMPATH\CodeIgniter.php(354): CodeIgniter\CodeIgniter->handleRequest(null, Object(Config\Cache), false)
 8 SYSTEMPATH\Boot.php(363): CodeIgniter\CodeIgniter->run()
 9 SYSTEMPATH\Boot.php(68): CodeIgniter\Boot::runCodeIgniter(Object(CodeIgniter\CodeIgniter))
10 FCPATH\index.php(59): CodeIgniter\Boot::bootWeb(Object(Config\Paths))
CRITICAL - 2026-01-10 10:12:47 --> [Caused by] mysqli_sql_exception: Table 'asset_compliance_system.compliance_checks' doesn't exist
in SYSTEMPATH\Database\MySQLi\Connection.php on line 327.
 1 SYSTEMPATH\Database\MySQLi\Connection.php(327): mysqli->query('SELECT `a`.`id`, `a`.`asset_name`, `a`.`inventory_no`, `ad`.`apar_type`, `ad`.`capacity`, `cc`.`condition_status`, `cc`.`pressure_status`, `cc`.`checked_at`
FROM `assets` `a`
JOIN `asset_categories` `ac` ON `ac`.`id` = `a`.`category_id`
JOIN `apar_details` `ad` ON `ad`.`asset_id` = `a`.`id`
LEFT JOIN `compliance_checklists` `cc` ON `cc`.`compliance_asset_id` = `a`.`id`
WHERE `ac`.`category_name` = \'Compliance\'
AND `ac`.`sub_category` = \'APAR\'
AND cc.checked_at = (
                SELECT MAX(c2.checked_at)
                FROM compliance_checks c2
                WHERE c2.compliance_asset_id = a.id
            )
ORDER BY `a`.`asset_name`', 0)
 2 SYSTEMPATH\Database\BaseConnection.php(729): CodeIgniter\Database\MySQLi\Connection->execute('SELECT `a`.`id`, `a`.`asset_name`, `a`.`inventory_no`, `ad`.`apar_type`, `ad`.`capacity`, `cc`.`condition_status`, `cc`.`pressure_status`, `cc`.`checked_at`
FROM `assets` `a`
JOIN `asset_categories` `ac` ON `ac`.`id` = `a`.`category_id`
JOIN `apar_details` `ad` ON `ad`.`asset_id` = `a`.`id`
LEFT JOIN `compliance_checklists` `cc` ON `cc`.`compliance_asset_id` = `a`.`id`
WHERE `ac`.`category_name` = \'Compliance\'
AND `ac`.`sub_category` = \'APAR\'
AND cc.checked_at = (
                SELECT MAX(c2.checked_at)
                FROM compliance_checks c2
                WHERE c2.compliance_asset_id = a.id
            )
ORDER BY `a`.`asset_name`')
 3 SYSTEMPATH\Database\BaseConnection.php(646): CodeIgniter\Database\BaseConnection->simpleQuery('SELECT `a`.`id`, `a`.`asset_name`, `a`.`inventory_no`, `ad`.`apar_type`, `ad`.`capacity`, `cc`.`condition_status`, `cc`.`pressure_status`, `cc`.`checked_at`
FROM `assets` `a`
JOIN `asset_categories` `ac` ON `ac`.`id` = `a`.`category_id`
JOIN `apar_details` `ad` ON `ad`.`asset_id` = `a`.`id`
LEFT JOIN `compliance_checklists` `cc` ON `cc`.`compliance_asset_id` = `a`.`id`
WHERE `ac`.`category_name` = \'Compliance\'
AND `ac`.`sub_category` = \'APAR\'
AND cc.checked_at = (
                SELECT MAX(c2.checked_at)
                FROM compliance_checks c2
                WHERE c2.compliance_asset_id = a.id
            )
ORDER BY `a`.`asset_name`')
 4 SYSTEMPATH\Database\BaseBuilder.php(1649): CodeIgniter\Database\BaseConnection->query('SELECT `a`.`id`, `a`.`asset_name`, `a`.`inventory_no`, `ad`.`apar_type`, `ad`.`capacity`, `cc`.`condition_status`, `cc`.`pressure_status`, `cc`.`checked_at`
FROM `assets` `a`
JOIN `asset_categories` `ac` ON `ac`.`id` = `a`.`category_id`
JOIN `apar_details` `ad` ON `ad`.`asset_id` = `a`.`id`
LEFT JOIN `compliance_checklists` `cc` ON `cc`.`compliance_asset_id` = `a`.`id`
WHERE `ac`.`category_name` = :ac.category_name:
AND `ac`.`sub_category` = :ac.sub_category:
AND cc.checked_at = (
                SELECT MAX(c2.checked_at)
                FROM compliance_checks c2
                WHERE c2.compliance_asset_id = a.id
            )
ORDER BY `a`.`asset_name`', [...], false)
 5 APPPATH\Controllers\AparController.php(45): CodeIgniter\Database\BaseBuilder->get()
 6 SYSTEMPATH\CodeIgniter.php(933): App\Controllers\AparController->index()
 7 SYSTEMPATH\CodeIgniter.php(507): CodeIgniter\CodeIgniter->runController(Object(App\Controllers\AparController))
 8 SYSTEMPATH\CodeIgniter.php(354): CodeIgniter\CodeIgniter->handleRequest(null, Object(Config\Cache), false)
 9 SYSTEMPATH\Boot.php(363): CodeIgniter\CodeIgniter->run()
10 SYSTEMPATH\Boot.php(68): CodeIgniter\Boot::runCodeIgniter(Object(CodeIgniter\CodeIgniter))
11 FCPATH\index.php(59): CodeIgniter\Boot::bootWeb(Object(Config\Paths))
DEBUG - 2026-01-10 10:12:52 --> Session: Class initialized using 'CodeIgniter\Session\Handlers\FileHandler' driver.
ERROR - 2026-01-10 10:12:52 --> mysqli_sql_exception: Table 'asset_compliance_system.compliance_checks' doesn't exist in C:\xampp\htdocs\eams\system\Database\MySQLi\Connection.php:327
Stack trace:
#0 C:\xampp\htdocs\eams\system\Database\MySQLi\Connection.php(327): mysqli->query('SELECT `a`.`id`...', 0)
#1 C:\xampp\htdocs\eams\system\Database\BaseConnection.php(729): CodeIgniter\Database\MySQLi\Connection->execute('SELECT `a`.`id`...')
#2 C:\xampp\htdocs\eams\system\Database\BaseConnection.php(646): CodeIgniter\Database\BaseConnection->simpleQuery('SELECT `a`.`id`...')
#3 C:\xampp\htdocs\eams\system\Database\BaseBuilder.php(1649): CodeIgniter\Database\BaseConnection->query('SELECT `a`.`id`...', Array, false)
#4 C:\xampp\htdocs\eams\app\Controllers\AparController.php(45): CodeIgniter\Database\BaseBuilder->get()
#5 C:\xampp\htdocs\eams\system\CodeIgniter.php(933): App\Controllers\AparController->index()
#6 C:\xampp\htdocs\eams\system\CodeIgniter.php(507): CodeIgniter\CodeIgniter->runController(Object(App\Controllers\AparController))
#7 C:\xampp\htdocs\eams\system\CodeIgniter.php(354): CodeIgniter\CodeIgniter->handleRequest(NULL, Object(Config\Cache), false)
#8 C:\xampp\htdocs\eams\system\Boot.php(363): CodeIgniter\CodeIgniter->run()
#9 C:\xampp\htdocs\eams\system\Boot.php(68): CodeIgniter\Boot::runCodeIgniter(Object(CodeIgniter\CodeIgniter))
#10 C:\xampp\htdocs\eams\public\index.php(59): CodeIgniter\Boot::bootWeb(Object(Config\Paths))
#11 {main}
CRITICAL - 2026-01-10 10:12:52 --> CodeIgniter\Database\Exceptions\DatabaseException: Table 'asset_compliance_system.compliance_checks' doesn't exist
[Method: GET, Route: apar]
in SYSTEMPATH\Database\BaseConnection.php on line 684.
 1 SYSTEMPATH\Database\BaseBuilder.php(1649): CodeIgniter\Database\BaseConnection->query('SELECT `a`.`id`, `a`.`asset_name`, `a`.`inventory_no`, `ad`.`apar_type`, `ad`.`capacity`, `cc`.`condition_status`, `cc`.`pressure_status`, `cc`.`checked_at`
FROM `assets` `a`
JOIN `asset_categories` `ac` ON `ac`.`id` = `a`.`category_id`
JOIN `apar_details` `ad` ON `ad`.`asset_id` = `a`.`id`
LEFT JOIN `compliance_checklists` `cc` ON `cc`.`compliance_asset_id` = `a`.`id`
WHERE `ac`.`category_name` = :ac.category_name:
AND `ac`.`sub_category` = :ac.sub_category:
AND cc.checked_at = (
                SELECT MAX(c2.checked_at)
                FROM compliance_checks c2
                WHERE c2.compliance_asset_id = a.id
            )
ORDER BY `a`.`asset_name`', [...], false)
 2 APPPATH\Controllers\AparController.php(45): CodeIgniter\Database\BaseBuilder->get()
 3 SYSTEMPATH\CodeIgniter.php(933): App\Controllers\AparController->index()
 4 SYSTEMPATH\CodeIgniter.php(507): CodeIgniter\CodeIgniter->runController(Object(App\Controllers\AparController))
 5 SYSTEMPATH\CodeIgniter.php(354): CodeIgniter\CodeIgniter->handleRequest(null, Object(Config\Cache), false)
 6 SYSTEMPATH\Boot.php(363): CodeIgniter\CodeIgniter->run()
 7 SYSTEMPATH\Boot.php(68): CodeIgniter\Boot::runCodeIgniter(Object(CodeIgniter\CodeIgniter))
 8 FCPATH\index.php(59): CodeIgniter\Boot::bootWeb(Object(Config\Paths))
CRITICAL - 2026-01-10 10:12:52 --> [Caused by] CodeIgniter\Database\Exceptions\DatabaseException: Table 'asset_compliance_system.compliance_checks' doesn't exist
in SYSTEMPATH\Database\MySQLi\Connection.php on line 332.
 1 SYSTEMPATH\Database\BaseConnection.php(729): CodeIgniter\Database\MySQLi\Connection->execute('SELECT `a`.`id`, `a`.`asset_name`, `a`.`inventory_no`, `ad`.`apar_type`, `ad`.`capacity`, `cc`.`condition_status`, `cc`.`pressure_status`, `cc`.`checked_at`
FROM `assets` `a`
JOIN `asset_categories` `ac` ON `ac`.`id` = `a`.`category_id`
JOIN `apar_details` `ad` ON `ad`.`asset_id` = `a`.`id`
LEFT JOIN `compliance_checklists` `cc` ON `cc`.`compliance_asset_id` = `a`.`id`
WHERE `ac`.`category_name` = \'Compliance\'
AND `ac`.`sub_category` = \'APAR\'
AND cc.checked_at = (
                SELECT MAX(c2.checked_at)
                FROM compliance_checks c2
                WHERE c2.compliance_asset_id = a.id
            )
ORDER BY `a`.`asset_name`')
 2 SYSTEMPATH\Database\BaseConnection.php(646): CodeIgniter\Database\BaseConnection->simpleQuery('SELECT `a`.`id`, `a`.`asset_name`, `a`.`inventory_no`, `ad`.`apar_type`, `ad`.`capacity`, `cc`.`condition_status`, `cc`.`pressure_status`, `cc`.`checked_at`
FROM `assets` `a`
JOIN `asset_categories` `ac` ON `ac`.`id` = `a`.`category_id`
JOIN `apar_details` `ad` ON `ad`.`asset_id` = `a`.`id`
LEFT JOIN `compliance_checklists` `cc` ON `cc`.`compliance_asset_id` = `a`.`id`
WHERE `ac`.`category_name` = \'Compliance\'
AND `ac`.`sub_category` = \'APAR\'
AND cc.checked_at = (
                SELECT MAX(c2.checked_at)
                FROM compliance_checks c2
                WHERE c2.compliance_asset_id = a.id
            )
ORDER BY `a`.`asset_name`')
 3 SYSTEMPATH\Database\BaseBuilder.php(1649): CodeIgniter\Database\BaseConnection->query('SELECT `a`.`id`, `a`.`asset_name`, `a`.`inventory_no`, `ad`.`apar_type`, `ad`.`capacity`, `cc`.`condition_status`, `cc`.`pressure_status`, `cc`.`checked_at`
FROM `assets` `a`
JOIN `asset_categories` `ac` ON `ac`.`id` = `a`.`category_id`
JOIN `apar_details` `ad` ON `ad`.`asset_id` = `a`.`id`
LEFT JOIN `compliance_checklists` `cc` ON `cc`.`compliance_asset_id` = `a`.`id`
WHERE `ac`.`category_name` = :ac.category_name:
AND `ac`.`sub_category` = :ac.sub_category:
AND cc.checked_at = (
                SELECT MAX(c2.checked_at)
                FROM compliance_checks c2
                WHERE c2.compliance_asset_id = a.id
            )
ORDER BY `a`.`asset_name`', [...], false)
 4 APPPATH\Controllers\AparController.php(45): CodeIgniter\Database\BaseBuilder->get()
 5 SYSTEMPATH\CodeIgniter.php(933): App\Controllers\AparController->index()
 6 SYSTEMPATH\CodeIgniter.php(507): CodeIgniter\CodeIgniter->runController(Object(App\Controllers\AparController))
 7 SYSTEMPATH\CodeIgniter.php(354): CodeIgniter\CodeIgniter->handleRequest(null, Object(Config\Cache), false)
 8 SYSTEMPATH\Boot.php(363): CodeIgniter\CodeIgniter->run()
 9 SYSTEMPATH\Boot.php(68): CodeIgniter\Boot::runCodeIgniter(Object(CodeIgniter\CodeIgniter))
10 FCPATH\index.php(59): CodeIgniter\Boot::bootWeb(Object(Config\Paths))
CRITICAL - 2026-01-10 10:12:52 --> [Caused by] mysqli_sql_exception: Table 'asset_compliance_system.compliance_checks' doesn't exist
in SYSTEMPATH\Database\MySQLi\Connection.php on line 327.
 1 SYSTEMPATH\Database\MySQLi\Connection.php(327): mysqli->query('SELECT `a`.`id`, `a`.`asset_name`, `a`.`inventory_no`, `ad`.`apar_type`, `ad`.`capacity`, `cc`.`condition_status`, `cc`.`pressure_status`, `cc`.`checked_at`
FROM `assets` `a`
JOIN `asset_categories` `ac` ON `ac`.`id` = `a`.`category_id`
JOIN `apar_details` `ad` ON `ad`.`asset_id` = `a`.`id`
LEFT JOIN `compliance_checklists` `cc` ON `cc`.`compliance_asset_id` = `a`.`id`
WHERE `ac`.`category_name` = \'Compliance\'
AND `ac`.`sub_category` = \'APAR\'
AND cc.checked_at = (
                SELECT MAX(c2.checked_at)
                FROM compliance_checks c2
                WHERE c2.compliance_asset_id = a.id
            )
ORDER BY `a`.`asset_name`', 0)
 2 SYSTEMPATH\Database\BaseConnection.php(729): CodeIgniter\Database\MySQLi\Connection->execute('SELECT `a`.`id`, `a`.`asset_name`, `a`.`inventory_no`, `ad`.`apar_type`, `ad`.`capacity`, `cc`.`condition_status`, `cc`.`pressure_status`, `cc`.`checked_at`
FROM `assets` `a`
JOIN `asset_categories` `ac` ON `ac`.`id` = `a`.`category_id`
JOIN `apar_details` `ad` ON `ad`.`asset_id` = `a`.`id`
LEFT JOIN `compliance_checklists` `cc` ON `cc`.`compliance_asset_id` = `a`.`id`
WHERE `ac`.`category_name` = \'Compliance\'
AND `ac`.`sub_category` = \'APAR\'
AND cc.checked_at = (
                SELECT MAX(c2.checked_at)
                FROM compliance_checks c2
                WHERE c2.compliance_asset_id = a.id
            )
ORDER BY `a`.`asset_name`')
 3 SYSTEMPATH\Database\BaseConnection.php(646): CodeIgniter\Database\BaseConnection->simpleQuery('SELECT `a`.`id`, `a`.`asset_name`, `a`.`inventory_no`, `ad`.`apar_type`, `ad`.`capacity`, `cc`.`condition_status`, `cc`.`pressure_status`, `cc`.`checked_at`
FROM `assets` `a`
JOIN `asset_categories` `ac` ON `ac`.`id` = `a`.`category_id`
JOIN `apar_details` `ad` ON `ad`.`asset_id` = `a`.`id`
LEFT JOIN `compliance_checklists` `cc` ON `cc`.`compliance_asset_id` = `a`.`id`
WHERE `ac`.`category_name` = \'Compliance\'
AND `ac`.`sub_category` = \'APAR\'
AND cc.checked_at = (
                SELECT MAX(c2.checked_at)
                FROM compliance_checks c2
                WHERE c2.compliance_asset_id = a.id
            )
ORDER BY `a`.`asset_name`')
 4 SYSTEMPATH\Database\BaseBuilder.php(1649): CodeIgniter\Database\BaseConnection->query('SELECT `a`.`id`, `a`.`asset_name`, `a`.`inventory_no`, `ad`.`apar_type`, `ad`.`capacity`, `cc`.`condition_status`, `cc`.`pressure_status`, `cc`.`checked_at`
FROM `assets` `a`
JOIN `asset_categories` `ac` ON `ac`.`id` = `a`.`category_id`
JOIN `apar_details` `ad` ON `ad`.`asset_id` = `a`.`id`
LEFT JOIN `compliance_checklists` `cc` ON `cc`.`compliance_asset_id` = `a`.`id`
WHERE `ac`.`category_name` = :ac.category_name:
AND `ac`.`sub_category` = :ac.sub_category:
AND cc.checked_at = (
                SELECT MAX(c2.checked_at)
                FROM compliance_checks c2
                WHERE c2.compliance_asset_id = a.id
            )
ORDER BY `a`.`asset_name`', [...], false)
 5 APPPATH\Controllers\AparController.php(45): CodeIgniter\Database\BaseBuilder->get()
 6 SYSTEMPATH\CodeIgniter.php(933): App\Controllers\AparController->index()
 7 SYSTEMPATH\CodeIgniter.php(507): CodeIgniter\CodeIgniter->runController(Object(App\Controllers\AparController))
 8 SYSTEMPATH\CodeIgniter.php(354): CodeIgniter\CodeIgniter->handleRequest(null, Object(Config\Cache), false)
 9 SYSTEMPATH\Boot.php(363): CodeIgniter\CodeIgniter->run()
10 SYSTEMPATH\Boot.php(68): CodeIgniter\Boot::runCodeIgniter(Object(CodeIgniter\CodeIgniter))
11 FCPATH\index.php(59): CodeIgniter\Boot::bootWeb(Object(Config\Paths))
DEBUG - 2026-01-10 10:12:58 --> Session: Class initialized using 'CodeIgniter\Session\Handlers\FileHandler' driver.
ERROR - 2026-01-10 10:12:58 --> mysqli_sql_exception: Table 'asset_compliance_system.compliance_checks' doesn't exist in C:\xampp\htdocs\eams\system\Database\MySQLi\Connection.php:327
Stack trace:
#0 C:\xampp\htdocs\eams\system\Database\MySQLi\Connection.php(327): mysqli->query('SELECT `a`.`id`...', 0)
#1 C:\xampp\htdocs\eams\system\Database\BaseConnection.php(729): CodeIgniter\Database\MySQLi\Connection->execute('SELECT `a`.`id`...')
#2 C:\xampp\htdocs\eams\system\Database\BaseConnection.php(646): CodeIgniter\Database\BaseConnection->simpleQuery('SELECT `a`.`id`...')
#3 C:\xampp\htdocs\eams\system\Database\BaseBuilder.php(1649): CodeIgniter\Database\BaseConnection->query('SELECT `a`.`id`...', Array, false)
#4 C:\xampp\htdocs\eams\app\Controllers\AparController.php(45): CodeIgniter\Database\BaseBuilder->get()
#5 C:\xampp\htdocs\eams\system\CodeIgniter.php(933): App\Controllers\AparController->index()
#6 C:\xampp\htdocs\eams\system\CodeIgniter.php(507): CodeIgniter\CodeIgniter->runController(Object(App\Controllers\AparController))
#7 C:\xampp\htdocs\eams\system\CodeIgniter.php(354): CodeIgniter\CodeIgniter->handleRequest(NULL, Object(Config\Cache), false)
#8 C:\xampp\htdocs\eams\system\Boot.php(363): CodeIgniter\CodeIgniter->run()
#9 C:\xampp\htdocs\eams\system\Boot.php(68): CodeIgniter\Boot::runCodeIgniter(Object(CodeIgniter\CodeIgniter))
#10 C:\xampp\htdocs\eams\public\index.php(59): CodeIgniter\Boot::bootWeb(Object(Config\Paths))
#11 {main}
CRITICAL - 2026-01-10 10:12:58 --> CodeIgniter\Database\Exceptions\DatabaseException: Table 'asset_compliance_system.compliance_checks' doesn't exist
[Method: GET, Route: apar]
in SYSTEMPATH\Database\BaseConnection.php on line 684.
 1 SYSTEMPATH\Database\BaseBuilder.php(1649): CodeIgniter\Database\BaseConnection->query('SELECT `a`.`id`, `a`.`asset_name`, `a`.`inventory_no`, `ad`.`apar_type`, `ad`.`capacity`, `cc`.`condition_status`, `cc`.`pressure_status`, `cc`.`checked_at`
FROM `assets` `a`
JOIN `asset_categories` `ac` ON `ac`.`id` = `a`.`category_id`
JOIN `apar_details` `ad` ON `ad`.`asset_id` = `a`.`id`
LEFT JOIN `compliance_checklists` `cc` ON `cc`.`compliance_asset_id` = `a`.`id`
WHERE `ac`.`category_name` = :ac.category_name:
AND `ac`.`sub_category` = :ac.sub_category:
AND cc.checked_at = (
                SELECT MAX(c2.checked_at)
                FROM compliance_checks c2
                WHERE c2.compliance_asset_id = a.id
            )
ORDER BY `a`.`asset_name`', [...], false)
 2 APPPATH\Controllers\AparController.php(45): CodeIgniter\Database\BaseBuilder->get()
 3 SYSTEMPATH\CodeIgniter.php(933): App\Controllers\AparController->index()
 4 SYSTEMPATH\CodeIgniter.php(507): CodeIgniter\CodeIgniter->runController(Object(App\Controllers\AparController))
 5 SYSTEMPATH\CodeIgniter.php(354): CodeIgniter\CodeIgniter->handleRequest(null, Object(Config\Cache), false)
 6 SYSTEMPATH\Boot.php(363): CodeIgniter\CodeIgniter->run()
 7 SYSTEMPATH\Boot.php(68): CodeIgniter\Boot::runCodeIgniter(Object(CodeIgniter\CodeIgniter))
 8 FCPATH\index.php(59): CodeIgniter\Boot::bootWeb(Object(Config\Paths))
CRITICAL - 2026-01-10 10:12:58 --> [Caused by] CodeIgniter\Database\Exceptions\DatabaseException: Table 'asset_compliance_system.compliance_checks' doesn't exist
in SYSTEMPATH\Database\MySQLi\Connection.php on line 332.
 1 SYSTEMPATH\Database\BaseConnection.php(729): CodeIgniter\Database\MySQLi\Connection->execute('SELECT `a`.`id`, `a`.`asset_name`, `a`.`inventory_no`, `ad`.`apar_type`, `ad`.`capacity`, `cc`.`condition_status`, `cc`.`pressure_status`, `cc`.`checked_at`
FROM `assets` `a`
JOIN `asset_categories` `ac` ON `ac`.`id` = `a`.`category_id`
JOIN `apar_details` `ad` ON `ad`.`asset_id` = `a`.`id`
LEFT JOIN `compliance_checklists` `cc` ON `cc`.`compliance_asset_id` = `a`.`id`
WHERE `ac`.`category_name` = \'Compliance\'
AND `ac`.`sub_category` = \'APAR\'
AND cc.checked_at = (
                SELECT MAX(c2.checked_at)
                FROM compliance_checks c2
                WHERE c2.compliance_asset_id = a.id
            )
ORDER BY `a`.`asset_name`')
 2 SYSTEMPATH\Database\BaseConnection.php(646): CodeIgniter\Database\BaseConnection->simpleQuery('SELECT `a`.`id`, `a`.`asset_name`, `a`.`inventory_no`, `ad`.`apar_type`, `ad`.`capacity`, `cc`.`condition_status`, `cc`.`pressure_status`, `cc`.`checked_at`
FROM `assets` `a`
JOIN `asset_categories` `ac` ON `ac`.`id` = `a`.`category_id`
JOIN `apar_details` `ad` ON `ad`.`asset_id` = `a`.`id`
LEFT JOIN `compliance_checklists` `cc` ON `cc`.`compliance_asset_id` = `a`.`id`
WHERE `ac`.`category_name` = \'Compliance\'
AND `ac`.`sub_category` = \'APAR\'
AND cc.checked_at = (
                SELECT MAX(c2.checked_at)
                FROM compliance_checks c2
                WHERE c2.compliance_asset_id = a.id
            )
ORDER BY `a`.`asset_name`')
 3 SYSTEMPATH\Database\BaseBuilder.php(1649): CodeIgniter\Database\BaseConnection->query('SELECT `a`.`id`, `a`.`asset_name`, `a`.`inventory_no`, `ad`.`apar_type`, `ad`.`capacity`, `cc`.`condition_status`, `cc`.`pressure_status`, `cc`.`checked_at`
FROM `assets` `a`
JOIN `asset_categories` `ac` ON `ac`.`id` = `a`.`category_id`
JOIN `apar_details` `ad` ON `ad`.`asset_id` = `a`.`id`
LEFT JOIN `compliance_checklists` `cc` ON `cc`.`compliance_asset_id` = `a`.`id`
WHERE `ac`.`category_name` = :ac.category_name:
AND `ac`.`sub_category` = :ac.sub_category:
AND cc.checked_at = (
                SELECT MAX(c2.checked_at)
                FROM compliance_checks c2
                WHERE c2.compliance_asset_id = a.id
            )
ORDER BY `a`.`asset_name`', [...], false)
 4 APPPATH\Controllers\AparController.php(45): CodeIgniter\Database\BaseBuilder->get()
 5 SYSTEMPATH\CodeIgniter.php(933): App\Controllers\AparController->index()
 6 SYSTEMPATH\CodeIgniter.php(507): CodeIgniter\CodeIgniter->runController(Object(App\Controllers\AparController))
 7 SYSTEMPATH\CodeIgniter.php(354): CodeIgniter\CodeIgniter->handleRequest(null, Object(Config\Cache), false)
 8 SYSTEMPATH\Boot.php(363): CodeIgniter\CodeIgniter->run()
 9 SYSTEMPATH\Boot.php(68): CodeIgniter\Boot::runCodeIgniter(Object(CodeIgniter\CodeIgniter))
10 FCPATH\index.php(59): CodeIgniter\Boot::bootWeb(Object(Config\Paths))
CRITICAL - 2026-01-10 10:12:58 --> [Caused by] mysqli_sql_exception: Table 'asset_compliance_system.compliance_checks' doesn't exist
in SYSTEMPATH\Database\MySQLi\Connection.php on line 327.
 1 SYSTEMPATH\Database\MySQLi\Connection.php(327): mysqli->query('SELECT `a`.`id`, `a`.`asset_name`, `a`.`inventory_no`, `ad`.`apar_type`, `ad`.`capacity`, `cc`.`condition_status`, `cc`.`pressure_status`, `cc`.`checked_at`
FROM `assets` `a`
JOIN `asset_categories` `ac` ON `ac`.`id` = `a`.`category_id`
JOIN `apar_details` `ad` ON `ad`.`asset_id` = `a`.`id`
LEFT JOIN `compliance_checklists` `cc` ON `cc`.`compliance_asset_id` = `a`.`id`
WHERE `ac`.`category_name` = \'Compliance\'
AND `ac`.`sub_category` = \'APAR\'
AND cc.checked_at = (
                SELECT MAX(c2.checked_at)
                FROM compliance_checks c2
                WHERE c2.compliance_asset_id = a.id
            )
ORDER BY `a`.`asset_name`', 0)
 2 SYSTEMPATH\Database\BaseConnection.php(729): CodeIgniter\Database\MySQLi\Connection->execute('SELECT `a`.`id`, `a`.`asset_name`, `a`.`inventory_no`, `ad`.`apar_type`, `ad`.`capacity`, `cc`.`condition_status`, `cc`.`pressure_status`, `cc`.`checked_at`
FROM `assets` `a`
JOIN `asset_categories` `ac` ON `ac`.`id` = `a`.`category_id`
JOIN `apar_details` `ad` ON `ad`.`asset_id` = `a`.`id`
LEFT JOIN `compliance_checklists` `cc` ON `cc`.`compliance_asset_id` = `a`.`id`
WHERE `ac`.`category_name` = \'Compliance\'
AND `ac`.`sub_category` = \'APAR\'
AND cc.checked_at = (
                SELECT MAX(c2.checked_at)
                FROM compliance_checks c2
                WHERE c2.compliance_asset_id = a.id
            )
ORDER BY `a`.`asset_name`')
 3 SYSTEMPATH\Database\BaseConnection.php(646): CodeIgniter\Database\BaseConnection->simpleQuery('SELECT `a`.`id`, `a`.`asset_name`, `a`.`inventory_no`, `ad`.`apar_type`, `ad`.`capacity`, `cc`.`condition_status`, `cc`.`pressure_status`, `cc`.`checked_at`
FROM `assets` `a`
JOIN `asset_categories` `ac` ON `ac`.`id` = `a`.`category_id`
JOIN `apar_details` `ad` ON `ad`.`asset_id` = `a`.`id`
LEFT JOIN `compliance_checklists` `cc` ON `cc`.`compliance_asset_id` = `a`.`id`
WHERE `ac`.`category_name` = \'Compliance\'
AND `ac`.`sub_category` = \'APAR\'
AND cc.checked_at = (
                SELECT MAX(c2.checked_at)
                FROM compliance_checks c2
                WHERE c2.compliance_asset_id = a.id
            )
ORDER BY `a`.`asset_name`')
 4 SYSTEMPATH\Database\BaseBuilder.php(1649): CodeIgniter\Database\BaseConnection->query('SELECT `a`.`id`, `a`.`asset_name`, `a`.`inventory_no`, `ad`.`apar_type`, `ad`.`capacity`, `cc`.`condition_status`, `cc`.`pressure_status`, `cc`.`checked_at`
FROM `assets` `a`
JOIN `asset_categories` `ac` ON `ac`.`id` = `a`.`category_id`
JOIN `apar_details` `ad` ON `ad`.`asset_id` = `a`.`id`
LEFT JOIN `compliance_checklists` `cc` ON `cc`.`compliance_asset_id` = `a`.`id`
WHERE `ac`.`category_name` = :ac.category_name:
AND `ac`.`sub_category` = :ac.sub_category:
AND cc.checked_at = (
                SELECT MAX(c2.checked_at)
                FROM compliance_checks c2
                WHERE c2.compliance_asset_id = a.id
            )
ORDER BY `a`.`asset_name`', [...], false)
 5 APPPATH\Controllers\AparController.php(45): CodeIgniter\Database\BaseBuilder->get()
 6 SYSTEMPATH\CodeIgniter.php(933): App\Controllers\AparController->index()
 7 SYSTEMPATH\CodeIgniter.php(507): CodeIgniter\CodeIgniter->runController(Object(App\Controllers\AparController))
 8 SYSTEMPATH\CodeIgniter.php(354): CodeIgniter\CodeIgniter->handleRequest(null, Object(Config\Cache), false)
 9 SYSTEMPATH\Boot.php(363): CodeIgniter\CodeIgniter->run()
10 SYSTEMPATH\Boot.php(68): CodeIgniter\Boot::runCodeIgniter(Object(CodeIgniter\CodeIgniter))
11 FCPATH\index.php(59): CodeIgniter\Boot::bootWeb(Object(Config\Paths))
DEBUG - 2026-01-10 10:12:59 --> Session: Class initialized using 'CodeIgniter\Session\Handlers\FileHandler' driver.
ERROR - 2026-01-10 10:12:59 --> mysqli_sql_exception: Table 'asset_compliance_system.compliance_checks' doesn't exist in C:\xampp\htdocs\eams\system\Database\MySQLi\Connection.php:327
Stack trace:
#0 C:\xampp\htdocs\eams\system\Database\MySQLi\Connection.php(327): mysqli->query('SELECT `a`.`id`...', 0)
#1 C:\xampp\htdocs\eams\system\Database\BaseConnection.php(729): CodeIgniter\Database\MySQLi\Connection->execute('SELECT `a`.`id`...')
#2 C:\xampp\htdocs\eams\system\Database\BaseConnection.php(646): CodeIgniter\Database\BaseConnection->simpleQuery('SELECT `a`.`id`...')
#3 C:\xampp\htdocs\eams\system\Database\BaseBuilder.php(1649): CodeIgniter\Database\BaseConnection->query('SELECT `a`.`id`...', Array, false)
#4 C:\xampp\htdocs\eams\app\Controllers\AparController.php(45): CodeIgniter\Database\BaseBuilder->get()
#5 C:\xampp\htdocs\eams\system\CodeIgniter.php(933): App\Controllers\AparController->index()
#6 C:\xampp\htdocs\eams\system\CodeIgniter.php(507): CodeIgniter\CodeIgniter->runController(Object(App\Controllers\AparController))
#7 C:\xampp\htdocs\eams\system\CodeIgniter.php(354): CodeIgniter\CodeIgniter->handleRequest(NULL, Object(Config\Cache), false)
#8 C:\xampp\htdocs\eams\system\Boot.php(363): CodeIgniter\CodeIgniter->run()
#9 C:\xampp\htdocs\eams\system\Boot.php(68): CodeIgniter\Boot::runCodeIgniter(Object(CodeIgniter\CodeIgniter))
#10 C:\xampp\htdocs\eams\public\index.php(59): CodeIgniter\Boot::bootWeb(Object(Config\Paths))
#11 {main}
CRITICAL - 2026-01-10 10:12:59 --> CodeIgniter\Database\Exceptions\DatabaseException: Table 'asset_compliance_system.compliance_checks' doesn't exist
[Method: GET, Route: apar]
in SYSTEMPATH\Database\BaseConnection.php on line 684.
 1 SYSTEMPATH\Database\BaseBuilder.php(1649): CodeIgniter\Database\BaseConnection->query('SELECT `a`.`id`, `a`.`asset_name`, `a`.`inventory_no`, `ad`.`apar_type`, `ad`.`capacity`, `cc`.`condition_status`, `cc`.`pressure_status`, `cc`.`checked_at`
FROM `assets` `a`
JOIN `asset_categories` `ac` ON `ac`.`id` = `a`.`category_id`
JOIN `apar_details` `ad` ON `ad`.`asset_id` = `a`.`id`
LEFT JOIN `compliance_checklists` `cc` ON `cc`.`compliance_asset_id` = `a`.`id`
WHERE `ac`.`category_name` = :ac.category_name:
AND `ac`.`sub_category` = :ac.sub_category:
AND cc.checked_at = (
                SELECT MAX(c2.checked_at)
                FROM compliance_checks c2
                WHERE c2.compliance_asset_id = a.id
            )
ORDER BY `a`.`asset_name`', [...], false)
 2 APPPATH\Controllers\AparController.php(45): CodeIgniter\Database\BaseBuilder->get()
 3 SYSTEMPATH\CodeIgniter.php(933): App\Controllers\AparController->index()
 4 SYSTEMPATH\CodeIgniter.php(507): CodeIgniter\CodeIgniter->runController(Object(App\Controllers\AparController))
 5 SYSTEMPATH\CodeIgniter.php(354): CodeIgniter\CodeIgniter->handleRequest(null, Object(Config\Cache), false)
 6 SYSTEMPATH\Boot.php(363): CodeIgniter\CodeIgniter->run()
 7 SYSTEMPATH\Boot.php(68): CodeIgniter\Boot::runCodeIgniter(Object(CodeIgniter\CodeIgniter))
 8 FCPATH\index.php(59): CodeIgniter\Boot::bootWeb(Object(Config\Paths))
CRITICAL - 2026-01-10 10:12:59 --> [Caused by] CodeIgniter\Database\Exceptions\DatabaseException: Table 'asset_compliance_system.compliance_checks' doesn't exist
in SYSTEMPATH\Database\MySQLi\Connection.php on line 332.
 1 SYSTEMPATH\Database\BaseConnection.php(729): CodeIgniter\Database\MySQLi\Connection->execute('SELECT `a`.`id`, `a`.`asset_name`, `a`.`inventory_no`, `ad`.`apar_type`, `ad`.`capacity`, `cc`.`condition_status`, `cc`.`pressure_status`, `cc`.`checked_at`
FROM `assets` `a`
JOIN `asset_categories` `ac` ON `ac`.`id` = `a`.`category_id`
JOIN `apar_details` `ad` ON `ad`.`asset_id` = `a`.`id`
LEFT JOIN `compliance_checklists` `cc` ON `cc`.`compliance_asset_id` = `a`.`id`
WHERE `ac`.`category_name` = \'Compliance\'
AND `ac`.`sub_category` = \'APAR\'
AND cc.checked_at = (
                SELECT MAX(c2.checked_at)
                FROM compliance_checks c2
                WHERE c2.compliance_asset_id = a.id
            )
ORDER BY `a`.`asset_name`')
 2 SYSTEMPATH\Database\BaseConnection.php(646): CodeIgniter\Database\BaseConnection->simpleQuery('SELECT `a`.`id`, `a`.`asset_name`, `a`.`inventory_no`, `ad`.`apar_type`, `ad`.`capacity`, `cc`.`condition_status`, `cc`.`pressure_status`, `cc`.`checked_at`
FROM `assets` `a`
JOIN `asset_categories` `ac` ON `ac`.`id` = `a`.`category_id`
JOIN `apar_details` `ad` ON `ad`.`asset_id` = `a`.`id`
LEFT JOIN `compliance_checklists` `cc` ON `cc`.`compliance_asset_id` = `a`.`id`
WHERE `ac`.`category_name` = \'Compliance\'
AND `ac`.`sub_category` = \'APAR\'
AND cc.checked_at = (
                SELECT MAX(c2.checked_at)
                FROM compliance_checks c2
                WHERE c2.compliance_asset_id = a.id
            )
ORDER BY `a`.`asset_name`')
 3 SYSTEMPATH\Database\BaseBuilder.php(1649): CodeIgniter\Database\BaseConnection->query('SELECT `a`.`id`, `a`.`asset_name`, `a`.`inventory_no`, `ad`.`apar_type`, `ad`.`capacity`, `cc`.`condition_status`, `cc`.`pressure_status`, `cc`.`checked_at`
FROM `assets` `a`
JOIN `asset_categories` `ac` ON `ac`.`id` = `a`.`category_id`
JOIN `apar_details` `ad` ON `ad`.`asset_id` = `a`.`id`
LEFT JOIN `compliance_checklists` `cc` ON `cc`.`compliance_asset_id` = `a`.`id`
WHERE `ac`.`category_name` = :ac.category_name:
AND `ac`.`sub_category` = :ac.sub_category:
AND cc.checked_at = (
                SELECT MAX(c2.checked_at)
                FROM compliance_checks c2
                WHERE c2.compliance_asset_id = a.id
            )
ORDER BY `a`.`asset_name`', [...], false)
 4 APPPATH\Controllers\AparController.php(45): CodeIgniter\Database\BaseBuilder->get()
 5 SYSTEMPATH\CodeIgniter.php(933): App\Controllers\AparController->index()
 6 SYSTEMPATH\CodeIgniter.php(507): CodeIgniter\CodeIgniter->runController(Object(App\Controllers\AparController))
 7 SYSTEMPATH\CodeIgniter.php(354): CodeIgniter\CodeIgniter->handleRequest(null, Object(Config\Cache), false)
 8 SYSTEMPATH\Boot.php(363): CodeIgniter\CodeIgniter->run()
 9 SYSTEMPATH\Boot.php(68): CodeIgniter\Boot::runCodeIgniter(Object(CodeIgniter\CodeIgniter))
10 FCPATH\index.php(59): CodeIgniter\Boot::bootWeb(Object(Config\Paths))
CRITICAL - 2026-01-10 10:12:59 --> [Caused by] mysqli_sql_exception: Table 'asset_compliance_system.compliance_checks' doesn't exist
in SYSTEMPATH\Database\MySQLi\Connection.php on line 327.
 1 SYSTEMPATH\Database\MySQLi\Connection.php(327): mysqli->query('SELECT `a`.`id`, `a`.`asset_name`, `a`.`inventory_no`, `ad`.`apar_type`, `ad`.`capacity`, `cc`.`condition_status`, `cc`.`pressure_status`, `cc`.`checked_at`
FROM `assets` `a`
JOIN `asset_categories` `ac` ON `ac`.`id` = `a`.`category_id`
JOIN `apar_details` `ad` ON `ad`.`asset_id` = `a`.`id`
LEFT JOIN `compliance_checklists` `cc` ON `cc`.`compliance_asset_id` = `a`.`id`
WHERE `ac`.`category_name` = \'Compliance\'
AND `ac`.`sub_category` = \'APAR\'
AND cc.checked_at = (
                SELECT MAX(c2.checked_at)
                FROM compliance_checks c2
                WHERE c2.compliance_asset_id = a.id
            )
ORDER BY `a`.`asset_name`', 0)
 2 SYSTEMPATH\Database\BaseConnection.php(729): CodeIgniter\Database\MySQLi\Connection->execute('SELECT `a`.`id`, `a`.`asset_name`, `a`.`inventory_no`, `ad`.`apar_type`, `ad`.`capacity`, `cc`.`condition_status`, `cc`.`pressure_status`, `cc`.`checked_at`
FROM `assets` `a`
JOIN `asset_categories` `ac` ON `ac`.`id` = `a`.`category_id`
JOIN `apar_details` `ad` ON `ad`.`asset_id` = `a`.`id`
LEFT JOIN `compliance_checklists` `cc` ON `cc`.`compliance_asset_id` = `a`.`id`
WHERE `ac`.`category_name` = \'Compliance\'
AND `ac`.`sub_category` = \'APAR\'
AND cc.checked_at = (
                SELECT MAX(c2.checked_at)
                FROM compliance_checks c2
                WHERE c2.compliance_asset_id = a.id
            )
ORDER BY `a`.`asset_name`')
 3 SYSTEMPATH\Database\BaseConnection.php(646): CodeIgniter\Database\BaseConnection->simpleQuery('SELECT `a`.`id`, `a`.`asset_name`, `a`.`inventory_no`, `ad`.`apar_type`, `ad`.`capacity`, `cc`.`condition_status`, `cc`.`pressure_status`, `cc`.`checked_at`
FROM `assets` `a`
JOIN `asset_categories` `ac` ON `ac`.`id` = `a`.`category_id`
JOIN `apar_details` `ad` ON `ad`.`asset_id` = `a`.`id`
LEFT JOIN `compliance_checklists` `cc` ON `cc`.`compliance_asset_id` = `a`.`id`
WHERE `ac`.`category_name` = \'Compliance\'
AND `ac`.`sub_category` = \'APAR\'
AND cc.checked_at = (
                SELECT MAX(c2.checked_at)
                FROM compliance_checks c2
                WHERE c2.compliance_asset_id = a.id
            )
ORDER BY `a`.`asset_name`')
 4 SYSTEMPATH\Database\BaseBuilder.php(1649): CodeIgniter\Database\BaseConnection->query('SELECT `a`.`id`, `a`.`asset_name`, `a`.`inventory_no`, `ad`.`apar_type`, `ad`.`capacity`, `cc`.`condition_status`, `cc`.`pressure_status`, `cc`.`checked_at`
FROM `assets` `a`
JOIN `asset_categories` `ac` ON `ac`.`id` = `a`.`category_id`
JOIN `apar_details` `ad` ON `ad`.`asset_id` = `a`.`id`
LEFT JOIN `compliance_checklists` `cc` ON `cc`.`compliance_asset_id` = `a`.`id`
WHERE `ac`.`category_name` = :ac.category_name:
AND `ac`.`sub_category` = :ac.sub_category:
AND cc.checked_at = (
                SELECT MAX(c2.checked_at)
                FROM compliance_checks c2
                WHERE c2.compliance_asset_id = a.id
            )
ORDER BY `a`.`asset_name`', [...], false)
 5 APPPATH\Controllers\AparController.php(45): CodeIgniter\Database\BaseBuilder->get()
 6 SYSTEMPATH\CodeIgniter.php(933): App\Controllers\AparController->index()
 7 SYSTEMPATH\CodeIgniter.php(507): CodeIgniter\CodeIgniter->runController(Object(App\Controllers\AparController))
 8 SYSTEMPATH\CodeIgniter.php(354): CodeIgniter\CodeIgniter->handleRequest(null, Object(Config\Cache), false)
 9 SYSTEMPATH\Boot.php(363): CodeIgniter\CodeIgniter->run()
10 SYSTEMPATH\Boot.php(68): CodeIgniter\Boot::runCodeIgniter(Object(CodeIgniter\CodeIgniter))
11 FCPATH\index.php(59): CodeIgniter\Boot::bootWeb(Object(Config\Paths))
DEBUG - 2026-01-10 10:14:01 --> Session: Class initialized using 'CodeIgniter\Session\Handlers\FileHandler' driver.
DEBUG - 2026-01-10 10:14:03 --> Session: Class initialized using 'CodeIgniter\Session\Handlers\FileHandler' driver.
DEBUG - 2026-01-10 10:14:08 --> Session: Class initialized using 'CodeIgniter\Session\Handlers\FileHandler' driver.
DEBUG - 2026-01-10 10:14:10 --> Session: Class initialized using 'CodeIgniter\Session\Handlers\FileHandler' driver.
DEBUG - 2026-01-10 10:15:11 --> Session: Class initialized using 'CodeIgniter\Session\Handlers\FileHandler' driver.
DEBUG - 2026-01-10 10:16:09 --> Session: Class initialized using 'CodeIgniter\Session\Handlers\FileHandler' driver.
ERROR - 2026-01-10 10:16:09 --> mysqli_sql_exception: Unknown column 'cc.check_date' in 'field list' in C:\xampp\htdocs\eams\system\Database\MySQLi\Connection.php:327
Stack trace:
#0 C:\xampp\htdocs\eams\system\Database\MySQLi\Connection.php(327): mysqli->query('SELECT `a`.`id`...', 0)
#1 C:\xampp\htdocs\eams\system\Database\BaseConnection.php(729): CodeIgniter\Database\MySQLi\Connection->execute('SELECT `a`.`id`...')
#2 C:\xampp\htdocs\eams\system\Database\BaseConnection.php(646): CodeIgniter\Database\BaseConnection->simpleQuery('SELECT `a`.`id`...')
#3 C:\xampp\htdocs\eams\system\Database\BaseBuilder.php(1649): CodeIgniter\Database\BaseConnection->query('SELECT `a`.`id`...', Array, false)
#4 C:\xampp\htdocs\eams\app\Controllers\ComplianceController.php(32): CodeIgniter\Database\BaseBuilder->get()
#5 C:\xampp\htdocs\eams\system\CodeIgniter.php(933): App\Controllers\ComplianceController->monitoring()
#6 C:\xampp\htdocs\eams\system\CodeIgniter.php(507): CodeIgniter\CodeIgniter->runController(Object(App\Controllers\ComplianceController))
#7 C:\xampp\htdocs\eams\system\CodeIgniter.php(354): CodeIgniter\CodeIgniter->handleRequest(NULL, Object(Config\Cache), false)
#8 C:\xampp\htdocs\eams\system\Boot.php(363): CodeIgniter\CodeIgniter->run()
#9 C:\xampp\htdocs\eams\system\Boot.php(68): CodeIgniter\Boot::runCodeIgniter(Object(CodeIgniter\CodeIgniter))
#10 C:\xampp\htdocs\eams\public\index.php(59): CodeIgniter\Boot::bootWeb(Object(Config\Paths))
#11 {main}
CRITICAL - 2026-01-10 10:16:09 --> CodeIgniter\Database\Exceptions\DatabaseException: Unknown column 'cc.check_date' in 'field list'
[Method: GET, Route: compliance/monitoring]
in SYSTEMPATH\Database\BaseConnection.php on line 684.
 1 SYSTEMPATH\Database\BaseBuilder.php(1649): CodeIgniter\Database\BaseConnection->query('SELECT `a`.`id`, `a`.`asset_name`, `a`.`inventory_no`, MAX(cc.check_date) AS last_check, `cc`.`status`
FROM `assets` `a`
JOIN `asset_categories` `ac` ON `ac`.`id` = `a`.`category_id`
LEFT JOIN `compliance_checklists` `cc` ON `cc`.`asset_id` = `a`.`id`
WHERE `ac`.`category_name` = :ac.category_name:
GROUP BY `a`.`id`
ORDER BY `last_check` ASC', [...], false)
 2 APPPATH\Controllers\ComplianceController.php(32): CodeIgniter\Database\BaseBuilder->get()
 3 SYSTEMPATH\CodeIgniter.php(933): App\Controllers\ComplianceController->monitoring()
 4 SYSTEMPATH\CodeIgniter.php(507): CodeIgniter\CodeIgniter->runController(Object(App\Controllers\ComplianceController))
 5 SYSTEMPATH\CodeIgniter.php(354): CodeIgniter\CodeIgniter->handleRequest(null, Object(Config\Cache), false)
 6 SYSTEMPATH\Boot.php(363): CodeIgniter\CodeIgniter->run()
 7 SYSTEMPATH\Boot.php(68): CodeIgniter\Boot::runCodeIgniter(Object(CodeIgniter\CodeIgniter))
 8 FCPATH\index.php(59): CodeIgniter\Boot::bootWeb(Object(Config\Paths))
CRITICAL - 2026-01-10 10:16:09 --> [Caused by] CodeIgniter\Database\Exceptions\DatabaseException: Unknown column 'cc.check_date' in 'field list'
in SYSTEMPATH\Database\MySQLi\Connection.php on line 332.
 1 SYSTEMPATH\Database\BaseConnection.php(729): CodeIgniter\Database\MySQLi\Connection->execute('SELECT `a`.`id`, `a`.`asset_name`, `a`.`inventory_no`, MAX(cc.check_date) AS last_check, `cc`.`status`
FROM `assets` `a`
JOIN `asset_categories` `ac` ON `ac`.`id` = `a`.`category_id`
LEFT JOIN `compliance_checklists` `cc` ON `cc`.`asset_id` = `a`.`id`
WHERE `ac`.`category_name` = \'Compliance\'
GROUP BY `a`.`id`
ORDER BY `last_check` ASC')
 2 SYSTEMPATH\Database\BaseConnection.php(646): CodeIgniter\Database\BaseConnection->simpleQuery('SELECT `a`.`id`, `a`.`asset_name`, `a`.`inventory_no`, MAX(cc.check_date) AS last_check, `cc`.`status`
FROM `assets` `a`
JOIN `asset_categories` `ac` ON `ac`.`id` = `a`.`category_id`
LEFT JOIN `compliance_checklists` `cc` ON `cc`.`asset_id` = `a`.`id`
WHERE `ac`.`category_name` = \'Compliance\'
GROUP BY `a`.`id`
ORDER BY `last_check` ASC')
 3 SYSTEMPATH\Database\BaseBuilder.php(1649): CodeIgniter\Database\BaseConnection->query('SELECT `a`.`id`, `a`.`asset_name`, `a`.`inventory_no`, MAX(cc.check_date) AS last_check, `cc`.`status`
FROM `assets` `a`
JOIN `asset_categories` `ac` ON `ac`.`id` = `a`.`category_id`
LEFT JOIN `compliance_checklists` `cc` ON `cc`.`asset_id` = `a`.`id`
WHERE `ac`.`category_name` = :ac.category_name:
GROUP BY `a`.`id`
ORDER BY `last_check` ASC', [...], false)
 4 APPPATH\Controllers\ComplianceController.php(32): CodeIgniter\Database\BaseBuilder->get()
 5 SYSTEMPATH\CodeIgniter.php(933): App\Controllers\ComplianceController->monitoring()
 6 SYSTEMPATH\CodeIgniter.php(507): CodeIgniter\CodeIgniter->runController(Object(App\Controllers\ComplianceController))
 7 SYSTEMPATH\CodeIgniter.php(354): CodeIgniter\CodeIgniter->handleRequest(null, Object(Config\Cache), false)
 8 SYSTEMPATH\Boot.php(363): CodeIgniter\CodeIgniter->run()
 9 SYSTEMPATH\Boot.php(68): CodeIgniter\Boot::runCodeIgniter(Object(CodeIgniter\CodeIgniter))
10 FCPATH\index.php(59): CodeIgniter\Boot::bootWeb(Object(Config\Paths))
CRITICAL - 2026-01-10 10:16:09 --> [Caused by] mysqli_sql_exception: Unknown column 'cc.check_date' in 'field list'
in SYSTEMPATH\Database\MySQLi\Connection.php on line 327.
 1 SYSTEMPATH\Database\MySQLi\Connection.php(327): mysqli->query('SELECT `a`.`id`, `a`.`asset_name`, `a`.`inventory_no`, MAX(cc.check_date) AS last_check, `cc`.`status`
FROM `assets` `a`
JOIN `asset_categories` `ac` ON `ac`.`id` = `a`.`category_id`
LEFT JOIN `compliance_checklists` `cc` ON `cc`.`asset_id` = `a`.`id`
WHERE `ac`.`category_name` = \'Compliance\'
GROUP BY `a`.`id`
ORDER BY `last_check` ASC', 0)
 2 SYSTEMPATH\Database\BaseConnection.php(729): CodeIgniter\Database\MySQLi\Connection->execute('SELECT `a`.`id`, `a`.`asset_name`, `a`.`inventory_no`, MAX(cc.check_date) AS last_check, `cc`.`status`
FROM `assets` `a`
JOIN `asset_categories` `ac` ON `ac`.`id` = `a`.`category_id`
LEFT JOIN `compliance_checklists` `cc` ON `cc`.`asset_id` = `a`.`id`
WHERE `ac`.`category_name` = \'Compliance\'
GROUP BY `a`.`id`
ORDER BY `last_check` ASC')
 3 SYSTEMPATH\Database\BaseConnection.php(646): CodeIgniter\Database\BaseConnection->simpleQuery('SELECT `a`.`id`, `a`.`asset_name`, `a`.`inventory_no`, MAX(cc.check_date) AS last_check, `cc`.`status`
FROM `assets` `a`
JOIN `asset_categories` `ac` ON `ac`.`id` = `a`.`category_id`
LEFT JOIN `compliance_checklists` `cc` ON `cc`.`asset_id` = `a`.`id`
WHERE `ac`.`category_name` = \'Compliance\'
GROUP BY `a`.`id`
ORDER BY `last_check` ASC')
 4 SYSTEMPATH\Database\BaseBuilder.php(1649): CodeIgniter\Database\BaseConnection->query('SELECT `a`.`id`, `a`.`asset_name`, `a`.`inventory_no`, MAX(cc.check_date) AS last_check, `cc`.`status`
FROM `assets` `a`
JOIN `asset_categories` `ac` ON `ac`.`id` = `a`.`category_id`
LEFT JOIN `compliance_checklists` `cc` ON `cc`.`asset_id` = `a`.`id`
WHERE `ac`.`category_name` = :ac.category_name:
GROUP BY `a`.`id`
ORDER BY `last_check` ASC', [...], false)
 5 APPPATH\Controllers\ComplianceController.php(32): CodeIgniter\Database\BaseBuilder->get()
 6 SYSTEMPATH\CodeIgniter.php(933): App\Controllers\ComplianceController->monitoring()
 7 SYSTEMPATH\CodeIgniter.php(507): CodeIgniter\CodeIgniter->runController(Object(App\Controllers\ComplianceController))
 8 SYSTEMPATH\CodeIgniter.php(354): CodeIgniter\CodeIgniter->handleRequest(null, Object(Config\Cache), false)
 9 SYSTEMPATH\Boot.php(363): CodeIgniter\CodeIgniter->run()
10 SYSTEMPATH\Boot.php(68): CodeIgniter\Boot::runCodeIgniter(Object(CodeIgniter\CodeIgniter))
11 FCPATH\index.php(59): CodeIgniter\Boot::bootWeb(Object(Config\Paths))
DEBUG - 2026-01-10 10:17:05 --> Session: Class initialized using 'CodeIgniter\Session\Handlers\FileHandler' driver.
ERROR - 2026-01-10 10:17:05 --> mysqli_sql_exception: Unknown column 'cc.check_date' in 'field list' in C:\xampp\htdocs\eams\system\Database\MySQLi\Connection.php:327
Stack trace:
#0 C:\xampp\htdocs\eams\system\Database\MySQLi\Connection.php(327): mysqli->query('SELECT `a`.`id`...', 0)
#1 C:\xampp\htdocs\eams\system\Database\BaseConnection.php(729): CodeIgniter\Database\MySQLi\Connection->execute('SELECT `a`.`id`...')
#2 C:\xampp\htdocs\eams\system\Database\BaseConnection.php(646): CodeIgniter\Database\BaseConnection->simpleQuery('SELECT `a`.`id`...')
#3 C:\xampp\htdocs\eams\system\Database\BaseBuilder.php(1649): CodeIgniter\Database\BaseConnection->query('SELECT `a`.`id`...', Array, false)
#4 C:\xampp\htdocs\eams\app\Controllers\ComplianceController.php(32): CodeIgniter\Database\BaseBuilder->get()
#5 C:\xampp\htdocs\eams\system\CodeIgniter.php(933): App\Controllers\ComplianceController->monitoring()
#6 C:\xampp\htdocs\eams\system\CodeIgniter.php(507): CodeIgniter\CodeIgniter->runController(Object(App\Controllers\ComplianceController))
#7 C:\xampp\htdocs\eams\system\CodeIgniter.php(354): CodeIgniter\CodeIgniter->handleRequest(NULL, Object(Config\Cache), false)
#8 C:\xampp\htdocs\eams\system\Boot.php(363): CodeIgniter\CodeIgniter->run()
#9 C:\xampp\htdocs\eams\system\Boot.php(68): CodeIgniter\Boot::runCodeIgniter(Object(CodeIgniter\CodeIgniter))
#10 C:\xampp\htdocs\eams\public\index.php(59): CodeIgniter\Boot::bootWeb(Object(Config\Paths))
#11 {main}
CRITICAL - 2026-01-10 10:17:05 --> CodeIgniter\Database\Exceptions\DatabaseException: Unknown column 'cc.check_date' in 'field list'
[Method: GET, Route: compliance/monitoring]
in SYSTEMPATH\Database\BaseConnection.php on line 684.
 1 SYSTEMPATH\Database\BaseBuilder.php(1649): CodeIgniter\Database\BaseConnection->query('SELECT `a`.`id`, `a`.`asset_name`, `a`.`inventory_no`, MAX(cc.check_date) AS last_check, `cc`.`status`
FROM `assets` `a`
JOIN `asset_categories` `ac` ON `ac`.`id` = `a`.`category_id`
LEFT JOIN `compliance_checklists` `cc` ON `cc`.`asset_id` = `a`.`id`
WHERE `ac`.`category_name` = :ac.category_name:
GROUP BY `a`.`id`
ORDER BY `last_check` ASC', [...], false)
 2 APPPATH\Controllers\ComplianceController.php(32): CodeIgniter\Database\BaseBuilder->get()
 3 SYSTEMPATH\CodeIgniter.php(933): App\Controllers\ComplianceController->monitoring()
 4 SYSTEMPATH\CodeIgniter.php(507): CodeIgniter\CodeIgniter->runController(Object(App\Controllers\ComplianceController))
 5 SYSTEMPATH\CodeIgniter.php(354): CodeIgniter\CodeIgniter->handleRequest(null, Object(Config\Cache), false)
 6 SYSTEMPATH\Boot.php(363): CodeIgniter\CodeIgniter->run()
 7 SYSTEMPATH\Boot.php(68): CodeIgniter\Boot::runCodeIgniter(Object(CodeIgniter\CodeIgniter))
 8 FCPATH\index.php(59): CodeIgniter\Boot::bootWeb(Object(Config\Paths))
CRITICAL - 2026-01-10 10:17:05 --> [Caused by] CodeIgniter\Database\Exceptions\DatabaseException: Unknown column 'cc.check_date' in 'field list'
in SYSTEMPATH\Database\MySQLi\Connection.php on line 332.
 1 SYSTEMPATH\Database\BaseConnection.php(729): CodeIgniter\Database\MySQLi\Connection->execute('SELECT `a`.`id`, `a`.`asset_name`, `a`.`inventory_no`, MAX(cc.check_date) AS last_check, `cc`.`status`
FROM `assets` `a`
JOIN `asset_categories` `ac` ON `ac`.`id` = `a`.`category_id`
LEFT JOIN `compliance_checklists` `cc` ON `cc`.`asset_id` = `a`.`id`
WHERE `ac`.`category_name` = \'Compliance\'
GROUP BY `a`.`id`
ORDER BY `last_check` ASC')
 2 SYSTEMPATH\Database\BaseConnection.php(646): CodeIgniter\Database\BaseConnection->simpleQuery('SELECT `a`.`id`, `a`.`asset_name`, `a`.`inventory_no`, MAX(cc.check_date) AS last_check, `cc`.`status`
FROM `assets` `a`
JOIN `asset_categories` `ac` ON `ac`.`id` = `a`.`category_id`
LEFT JOIN `compliance_checklists` `cc` ON `cc`.`asset_id` = `a`.`id`
WHERE `ac`.`category_name` = \'Compliance\'
GROUP BY `a`.`id`
ORDER BY `last_check` ASC')
 3 SYSTEMPATH\Database\BaseBuilder.php(1649): CodeIgniter\Database\BaseConnection->query('SELECT `a`.`id`, `a`.`asset_name`, `a`.`inventory_no`, MAX(cc.check_date) AS last_check, `cc`.`status`
FROM `assets` `a`
JOIN `asset_categories` `ac` ON `ac`.`id` = `a`.`category_id`
LEFT JOIN `compliance_checklists` `cc` ON `cc`.`asset_id` = `a`.`id`
WHERE `ac`.`category_name` = :ac.category_name:
GROUP BY `a`.`id`
ORDER BY `last_check` ASC', [...], false)
 4 APPPATH\Controllers\ComplianceController.php(32): CodeIgniter\Database\BaseBuilder->get()
 5 SYSTEMPATH\CodeIgniter.php(933): App\Controllers\ComplianceController->monitoring()
 6 SYSTEMPATH\CodeIgniter.php(507): CodeIgniter\CodeIgniter->runController(Object(App\Controllers\ComplianceController))
 7 SYSTEMPATH\CodeIgniter.php(354): CodeIgniter\CodeIgniter->handleRequest(null, Object(Config\Cache), false)
 8 SYSTEMPATH\Boot.php(363): CodeIgniter\CodeIgniter->run()
 9 SYSTEMPATH\Boot.php(68): CodeIgniter\Boot::runCodeIgniter(Object(CodeIgniter\CodeIgniter))
10 FCPATH\index.php(59): CodeIgniter\Boot::bootWeb(Object(Config\Paths))
CRITICAL - 2026-01-10 10:17:05 --> [Caused by] mysqli_sql_exception: Unknown column 'cc.check_date' in 'field list'
in SYSTEMPATH\Database\MySQLi\Connection.php on line 327.
 1 SYSTEMPATH\Database\MySQLi\Connection.php(327): mysqli->query('SELECT `a`.`id`, `a`.`asset_name`, `a`.`inventory_no`, MAX(cc.check_date) AS last_check, `cc`.`status`
FROM `assets` `a`
JOIN `asset_categories` `ac` ON `ac`.`id` = `a`.`category_id`
LEFT JOIN `compliance_checklists` `cc` ON `cc`.`asset_id` = `a`.`id`
WHERE `ac`.`category_name` = \'Compliance\'
GROUP BY `a`.`id`
ORDER BY `last_check` ASC', 0)
 2 SYSTEMPATH\Database\BaseConnection.php(729): CodeIgniter\Database\MySQLi\Connection->execute('SELECT `a`.`id`, `a`.`asset_name`, `a`.`inventory_no`, MAX(cc.check_date) AS last_check, `cc`.`status`
FROM `assets` `a`
JOIN `asset_categories` `ac` ON `ac`.`id` = `a`.`category_id`
LEFT JOIN `compliance_checklists` `cc` ON `cc`.`asset_id` = `a`.`id`
WHERE `ac`.`category_name` = \'Compliance\'
GROUP BY `a`.`id`
ORDER BY `last_check` ASC')
 3 SYSTEMPATH\Database\BaseConnection.php(646): CodeIgniter\Database\BaseConnection->simpleQuery('SELECT `a`.`id`, `a`.`asset_name`, `a`.`inventory_no`, MAX(cc.check_date) AS last_check, `cc`.`status`
FROM `assets` `a`
JOIN `asset_categories` `ac` ON `ac`.`id` = `a`.`category_id`
LEFT JOIN `compliance_checklists` `cc` ON `cc`.`asset_id` = `a`.`id`
WHERE `ac`.`category_name` = \'Compliance\'
GROUP BY `a`.`id`
ORDER BY `last_check` ASC')
 4 SYSTEMPATH\Database\BaseBuilder.php(1649): CodeIgniter\Database\BaseConnection->query('SELECT `a`.`id`, `a`.`asset_name`, `a`.`inventory_no`, MAX(cc.check_date) AS last_check, `cc`.`status`
FROM `assets` `a`
JOIN `asset_categories` `ac` ON `ac`.`id` = `a`.`category_id`
LEFT JOIN `compliance_checklists` `cc` ON `cc`.`asset_id` = `a`.`id`
WHERE `ac`.`category_name` = :ac.category_name:
GROUP BY `a`.`id`
ORDER BY `last_check` ASC', [...], false)
 5 APPPATH\Controllers\ComplianceController.php(32): CodeIgniter\Database\BaseBuilder->get()
 6 SYSTEMPATH\CodeIgniter.php(933): App\Controllers\ComplianceController->monitoring()
 7 SYSTEMPATH\CodeIgniter.php(507): CodeIgniter\CodeIgniter->runController(Object(App\Controllers\ComplianceController))
 8 SYSTEMPATH\CodeIgniter.php(354): CodeIgniter\CodeIgniter->handleRequest(null, Object(Config\Cache), false)
 9 SYSTEMPATH\Boot.php(363): CodeIgniter\CodeIgniter->run()
10 SYSTEMPATH\Boot.php(68): CodeIgniter\Boot::runCodeIgniter(Object(CodeIgniter\CodeIgniter))
11 FCPATH\index.php(59): CodeIgniter\Boot::bootWeb(Object(Config\Paths))
DEBUG - 2026-01-10 10:17:46 --> Session: Class initialized using 'CodeIgniter\Session\Handlers\FileHandler' driver.
ERROR - 2026-01-10 10:17:46 --> mysqli_sql_exception: Unknown column 'cc.check_date' in 'field list' in C:\xampp\htdocs\eams\system\Database\MySQLi\Connection.php:327
Stack trace:
#0 C:\xampp\htdocs\eams\system\Database\MySQLi\Connection.php(327): mysqli->query('SELECT `a`.`id`...', 0)
#1 C:\xampp\htdocs\eams\system\Database\BaseConnection.php(729): CodeIgniter\Database\MySQLi\Connection->execute('SELECT `a`.`id`...')
#2 C:\xampp\htdocs\eams\system\Database\BaseConnection.php(646): CodeIgniter\Database\BaseConnection->simpleQuery('SELECT `a`.`id`...')
#3 C:\xampp\htdocs\eams\system\Database\BaseBuilder.php(1649): CodeIgniter\Database\BaseConnection->query('SELECT `a`.`id`...', Array, false)
#4 C:\xampp\htdocs\eams\app\Controllers\ComplianceController.php(32): CodeIgniter\Database\BaseBuilder->get()
#5 C:\xampp\htdocs\eams\system\CodeIgniter.php(933): App\Controllers\ComplianceController->monitoring()
#6 C:\xampp\htdocs\eams\system\CodeIgniter.php(507): CodeIgniter\CodeIgniter->runController(Object(App\Controllers\ComplianceController))
#7 C:\xampp\htdocs\eams\system\CodeIgniter.php(354): CodeIgniter\CodeIgniter->handleRequest(NULL, Object(Config\Cache), false)
#8 C:\xampp\htdocs\eams\system\Boot.php(363): CodeIgniter\CodeIgniter->run()
#9 C:\xampp\htdocs\eams\system\Boot.php(68): CodeIgniter\Boot::runCodeIgniter(Object(CodeIgniter\CodeIgniter))
#10 C:\xampp\htdocs\eams\public\index.php(59): CodeIgniter\Boot::bootWeb(Object(Config\Paths))
#11 {main}
CRITICAL - 2026-01-10 10:17:46 --> CodeIgniter\Database\Exceptions\DatabaseException: Unknown column 'cc.check_date' in 'field list'
[Method: GET, Route: compliance/monitoring]
in SYSTEMPATH\Database\BaseConnection.php on line 684.
 1 SYSTEMPATH\Database\BaseBuilder.php(1649): CodeIgniter\Database\BaseConnection->query('SELECT `a`.`id`, `a`.`asset_name`, `a`.`inventory_no`, MAX(cc.check_date) AS last_check, `cc`.`status`
FROM `assets` `a`
JOIN `asset_categories` `ac` ON `ac`.`id` = `a`.`category_id`
LEFT JOIN `compliance_checklists` `cc` ON `cc`.`asset_id` = `a`.`id`
WHERE `ac`.`category_name` = :ac.category_name:
GROUP BY `a`.`id`
ORDER BY `last_check` ASC', [...], false)
 2 APPPATH\Controllers\ComplianceController.php(32): CodeIgniter\Database\BaseBuilder->get()
 3 SYSTEMPATH\CodeIgniter.php(933): App\Controllers\ComplianceController->monitoring()
 4 SYSTEMPATH\CodeIgniter.php(507): CodeIgniter\CodeIgniter->runController(Object(App\Controllers\ComplianceController))
 5 SYSTEMPATH\CodeIgniter.php(354): CodeIgniter\CodeIgniter->handleRequest(null, Object(Config\Cache), false)
 6 SYSTEMPATH\Boot.php(363): CodeIgniter\CodeIgniter->run()
 7 SYSTEMPATH\Boot.php(68): CodeIgniter\Boot::runCodeIgniter(Object(CodeIgniter\CodeIgniter))
 8 FCPATH\index.php(59): CodeIgniter\Boot::bootWeb(Object(Config\Paths))
CRITICAL - 2026-01-10 10:17:46 --> [Caused by] CodeIgniter\Database\Exceptions\DatabaseException: Unknown column 'cc.check_date' in 'field list'
in SYSTEMPATH\Database\MySQLi\Connection.php on line 332.
 1 SYSTEMPATH\Database\BaseConnection.php(729): CodeIgniter\Database\MySQLi\Connection->execute('SELECT `a`.`id`, `a`.`asset_name`, `a`.`inventory_no`, MAX(cc.check_date) AS last_check, `cc`.`status`
FROM `assets` `a`
JOIN `asset_categories` `ac` ON `ac`.`id` = `a`.`category_id`
LEFT JOIN `compliance_checklists` `cc` ON `cc`.`asset_id` = `a`.`id`
WHERE `ac`.`category_name` = \'Compliance\'
GROUP BY `a`.`id`
ORDER BY `last_check` ASC')
 2 SYSTEMPATH\Database\BaseConnection.php(646): CodeIgniter\Database\BaseConnection->simpleQuery('SELECT `a`.`id`, `a`.`asset_name`, `a`.`inventory_no`, MAX(cc.check_date) AS last_check, `cc`.`status`
FROM `assets` `a`
JOIN `asset_categories` `ac` ON `ac`.`id` = `a`.`category_id`
LEFT JOIN `compliance_checklists` `cc` ON `cc`.`asset_id` = `a`.`id`
WHERE `ac`.`category_name` = \'Compliance\'
GROUP BY `a`.`id`
ORDER BY `last_check` ASC')
 3 SYSTEMPATH\Database\BaseBuilder.php(1649): CodeIgniter\Database\BaseConnection->query('SELECT `a`.`id`, `a`.`asset_name`, `a`.`inventory_no`, MAX(cc.check_date) AS last_check, `cc`.`status`
FROM `assets` `a`
JOIN `asset_categories` `ac` ON `ac`.`id` = `a`.`category_id`
LEFT JOIN `compliance_checklists` `cc` ON `cc`.`asset_id` = `a`.`id`
WHERE `ac`.`category_name` = :ac.category_name:
GROUP BY `a`.`id`
ORDER BY `last_check` ASC', [...], false)
 4 APPPATH\Controllers\ComplianceController.php(32): CodeIgniter\Database\BaseBuilder->get()
 5 SYSTEMPATH\CodeIgniter.php(933): App\Controllers\ComplianceController->monitoring()
 6 SYSTEMPATH\CodeIgniter.php(507): CodeIgniter\CodeIgniter->runController(Object(App\Controllers\ComplianceController))
 7 SYSTEMPATH\CodeIgniter.php(354): CodeIgniter\CodeIgniter->handleRequest(null, Object(Config\Cache), false)
 8 SYSTEMPATH\Boot.php(363): CodeIgniter\CodeIgniter->run()
 9 SYSTEMPATH\Boot.php(68): CodeIgniter\Boot::runCodeIgniter(Object(CodeIgniter\CodeIgniter))
10 FCPATH\index.php(59): CodeIgniter\Boot::bootWeb(Object(Config\Paths))
CRITICAL - 2026-01-10 10:17:46 --> [Caused by] mysqli_sql_exception: Unknown column 'cc.check_date' in 'field list'
in SYSTEMPATH\Database\MySQLi\Connection.php on line 327.
 1 SYSTEMPATH\Database\MySQLi\Connection.php(327): mysqli->query('SELECT `a`.`id`, `a`.`asset_name`, `a`.`inventory_no`, MAX(cc.check_date) AS last_check, `cc`.`status`
FROM `assets` `a`
JOIN `asset_categories` `ac` ON `ac`.`id` = `a`.`category_id`
LEFT JOIN `compliance_checklists` `cc` ON `cc`.`asset_id` = `a`.`id`
WHERE `ac`.`category_name` = \'Compliance\'
GROUP BY `a`.`id`
ORDER BY `last_check` ASC', 0)
 2 SYSTEMPATH\Database\BaseConnection.php(729): CodeIgniter\Database\MySQLi\Connection->execute('SELECT `a`.`id`, `a`.`asset_name`, `a`.`inventory_no`, MAX(cc.check_date) AS last_check, `cc`.`status`
FROM `assets` `a`
JOIN `asset_categories` `ac` ON `ac`.`id` = `a`.`category_id`
LEFT JOIN `compliance_checklists` `cc` ON `cc`.`asset_id` = `a`.`id`
WHERE `ac`.`category_name` = \'Compliance\'
GROUP BY `a`.`id`
ORDER BY `last_check` ASC')
 3 SYSTEMPATH\Database\BaseConnection.php(646): CodeIgniter\Database\BaseConnection->simpleQuery('SELECT `a`.`id`, `a`.`asset_name`, `a`.`inventory_no`, MAX(cc.check_date) AS last_check, `cc`.`status`
FROM `assets` `a`
JOIN `asset_categories` `ac` ON `ac`.`id` = `a`.`category_id`
LEFT JOIN `compliance_checklists` `cc` ON `cc`.`asset_id` = `a`.`id`
WHERE `ac`.`category_name` = \'Compliance\'
GROUP BY `a`.`id`
ORDER BY `last_check` ASC')
 4 SYSTEMPATH\Database\BaseBuilder.php(1649): CodeIgniter\Database\BaseConnection->query('SELECT `a`.`id`, `a`.`asset_name`, `a`.`inventory_no`, MAX(cc.check_date) AS last_check, `cc`.`status`
FROM `assets` `a`
JOIN `asset_categories` `ac` ON `ac`.`id` = `a`.`category_id`
LEFT JOIN `compliance_checklists` `cc` ON `cc`.`asset_id` = `a`.`id`
WHERE `ac`.`category_name` = :ac.category_name:
GROUP BY `a`.`id`
ORDER BY `last_check` ASC', [...], false)
 5 APPPATH\Controllers\ComplianceController.php(32): CodeIgniter\Database\BaseBuilder->get()
 6 SYSTEMPATH\CodeIgniter.php(933): App\Controllers\ComplianceController->monitoring()
 7 SYSTEMPATH\CodeIgniter.php(507): CodeIgniter\CodeIgniter->runController(Object(App\Controllers\ComplianceController))
 8 SYSTEMPATH\CodeIgniter.php(354): CodeIgniter\CodeIgniter->handleRequest(null, Object(Config\Cache), false)
 9 SYSTEMPATH\Boot.php(363): CodeIgniter\CodeIgniter->run()
10 SYSTEMPATH\Boot.php(68): CodeIgniter\Boot::runCodeIgniter(Object(CodeIgniter\CodeIgniter))
11 FCPATH\index.php(59): CodeIgniter\Boot::bootWeb(Object(Config\Paths))
DEBUG - 2026-01-10 10:17:47 --> Session: Class initialized using 'CodeIgniter\Session\Handlers\FileHandler' driver.
ERROR - 2026-01-10 10:17:47 --> mysqli_sql_exception: Unknown column 'cc.check_date' in 'field list' in C:\xampp\htdocs\eams\system\Database\MySQLi\Connection.php:327
Stack trace:
#0 C:\xampp\htdocs\eams\system\Database\MySQLi\Connection.php(327): mysqli->query('SELECT `a`.`id`...', 0)
#1 C:\xampp\htdocs\eams\system\Database\BaseConnection.php(729): CodeIgniter\Database\MySQLi\Connection->execute('SELECT `a`.`id`...')
#2 C:\xampp\htdocs\eams\system\Database\BaseConnection.php(646): CodeIgniter\Database\BaseConnection->simpleQuery('SELECT `a`.`id`...')
#3 C:\xampp\htdocs\eams\system\Database\BaseBuilder.php(1649): CodeIgniter\Database\BaseConnection->query('SELECT `a`.`id`...', Array, false)
#4 C:\xampp\htdocs\eams\app\Controllers\ComplianceController.php(32): CodeIgniter\Database\BaseBuilder->get()
#5 C:\xampp\htdocs\eams\system\CodeIgniter.php(933): App\Controllers\ComplianceController->monitoring()
#6 C:\xampp\htdocs\eams\system\CodeIgniter.php(507): CodeIgniter\CodeIgniter->runController(Object(App\Controllers\ComplianceController))
#7 C:\xampp\htdocs\eams\system\CodeIgniter.php(354): CodeIgniter\CodeIgniter->handleRequest(NULL, Object(Config\Cache), false)
#8 C:\xampp\htdocs\eams\system\Boot.php(363): CodeIgniter\CodeIgniter->run()
#9 C:\xampp\htdocs\eams\system\Boot.php(68): CodeIgniter\Boot::runCodeIgniter(Object(CodeIgniter\CodeIgniter))
#10 C:\xampp\htdocs\eams\public\index.php(59): CodeIgniter\Boot::bootWeb(Object(Config\Paths))
#11 {main}
CRITICAL - 2026-01-10 10:17:47 --> CodeIgniter\Database\Exceptions\DatabaseException: Unknown column 'cc.check_date' in 'field list'
[Method: GET, Route: compliance/monitoring]
in SYSTEMPATH\Database\BaseConnection.php on line 684.
 1 SYSTEMPATH\Database\BaseBuilder.php(1649): CodeIgniter\Database\BaseConnection->query('SELECT `a`.`id`, `a`.`asset_name`, `a`.`inventory_no`, MAX(cc.check_date) AS last_check, `cc`.`status`
FROM `assets` `a`
JOIN `asset_categories` `ac` ON `ac`.`id` = `a`.`category_id`
LEFT JOIN `compliance_checklists` `cc` ON `cc`.`asset_id` = `a`.`id`
WHERE `ac`.`category_name` = :ac.category_name:
GROUP BY `a`.`id`
ORDER BY `last_check` ASC', [...], false)
 2 APPPATH\Controllers\ComplianceController.php(32): CodeIgniter\Database\BaseBuilder->get()
 3 SYSTEMPATH\CodeIgniter.php(933): App\Controllers\ComplianceController->monitoring()
 4 SYSTEMPATH\CodeIgniter.php(507): CodeIgniter\CodeIgniter->runController(Object(App\Controllers\ComplianceController))
 5 SYSTEMPATH\CodeIgniter.php(354): CodeIgniter\CodeIgniter->handleRequest(null, Object(Config\Cache), false)
 6 SYSTEMPATH\Boot.php(363): CodeIgniter\CodeIgniter->run()
 7 SYSTEMPATH\Boot.php(68): CodeIgniter\Boot::runCodeIgniter(Object(CodeIgniter\CodeIgniter))
 8 FCPATH\index.php(59): CodeIgniter\Boot::bootWeb(Object(Config\Paths))
CRITICAL - 2026-01-10 10:17:47 --> [Caused by] CodeIgniter\Database\Exceptions\DatabaseException: Unknown column 'cc.check_date' in 'field list'
in SYSTEMPATH\Database\MySQLi\Connection.php on line 332.
 1 SYSTEMPATH\Database\BaseConnection.php(729): CodeIgniter\Database\MySQLi\Connection->execute('SELECT `a`.`id`, `a`.`asset_name`, `a`.`inventory_no`, MAX(cc.check_date) AS last_check, `cc`.`status`
FROM `assets` `a`
JOIN `asset_categories` `ac` ON `ac`.`id` = `a`.`category_id`
LEFT JOIN `compliance_checklists` `cc` ON `cc`.`asset_id` = `a`.`id`
WHERE `ac`.`category_name` = \'Compliance\'
GROUP BY `a`.`id`
ORDER BY `last_check` ASC')
 2 SYSTEMPATH\Database\BaseConnection.php(646): CodeIgniter\Database\BaseConnection->simpleQuery('SELECT `a`.`id`, `a`.`asset_name`, `a`.`inventory_no`, MAX(cc.check_date) AS last_check, `cc`.`status`
FROM `assets` `a`
JOIN `asset_categories` `ac` ON `ac`.`id` = `a`.`category_id`
LEFT JOIN `compliance_checklists` `cc` ON `cc`.`asset_id` = `a`.`id`
WHERE `ac`.`category_name` = \'Compliance\'
GROUP BY `a`.`id`
ORDER BY `last_check` ASC')
 3 SYSTEMPATH\Database\BaseBuilder.php(1649): CodeIgniter\Database\BaseConnection->query('SELECT `a`.`id`, `a`.`asset_name`, `a`.`inventory_no`, MAX(cc.check_date) AS last_check, `cc`.`status`
FROM `assets` `a`
JOIN `asset_categories` `ac` ON `ac`.`id` = `a`.`category_id`
LEFT JOIN `compliance_checklists` `cc` ON `cc`.`asset_id` = `a`.`id`
WHERE `ac`.`category_name` = :ac.category_name:
GROUP BY `a`.`id`
ORDER BY `last_check` ASC', [...], false)
 4 APPPATH\Controllers\ComplianceController.php(32): CodeIgniter\Database\BaseBuilder->get()
 5 SYSTEMPATH\CodeIgniter.php(933): App\Controllers\ComplianceController->monitoring()
 6 SYSTEMPATH\CodeIgniter.php(507): CodeIgniter\CodeIgniter->runController(Object(App\Controllers\ComplianceController))
 7 SYSTEMPATH\CodeIgniter.php(354): CodeIgniter\CodeIgniter->handleRequest(null, Object(Config\Cache), false)
 8 SYSTEMPATH\Boot.php(363): CodeIgniter\CodeIgniter->run()
 9 SYSTEMPATH\Boot.php(68): CodeIgniter\Boot::runCodeIgniter(Object(CodeIgniter\CodeIgniter))
10 FCPATH\index.php(59): CodeIgniter\Boot::bootWeb(Object(Config\Paths))
CRITICAL - 2026-01-10 10:17:47 --> [Caused by] mysqli_sql_exception: Unknown column 'cc.check_date' in 'field list'
in SYSTEMPATH\Database\MySQLi\Connection.php on line 327.
 1 SYSTEMPATH\Database\MySQLi\Connection.php(327): mysqli->query('SELECT `a`.`id`, `a`.`asset_name`, `a`.`inventory_no`, MAX(cc.check_date) AS last_check, `cc`.`status`
FROM `assets` `a`
JOIN `asset_categories` `ac` ON `ac`.`id` = `a`.`category_id`
LEFT JOIN `compliance_checklists` `cc` ON `cc`.`asset_id` = `a`.`id`
WHERE `ac`.`category_name` = \'Compliance\'
GROUP BY `a`.`id`
ORDER BY `last_check` ASC', 0)
 2 SYSTEMPATH\Database\BaseConnection.php(729): CodeIgniter\Database\MySQLi\Connection->execute('SELECT `a`.`id`, `a`.`asset_name`, `a`.`inventory_no`, MAX(cc.check_date) AS last_check, `cc`.`status`
FROM `assets` `a`
JOIN `asset_categories` `ac` ON `ac`.`id` = `a`.`category_id`
LEFT JOIN `compliance_checklists` `cc` ON `cc`.`asset_id` = `a`.`id`
WHERE `ac`.`category_name` = \'Compliance\'
GROUP BY `a`.`id`
ORDER BY `last_check` ASC')
 3 SYSTEMPATH\Database\BaseConnection.php(646): CodeIgniter\Database\BaseConnection->simpleQuery('SELECT `a`.`id`, `a`.`asset_name`, `a`.`inventory_no`, MAX(cc.check_date) AS last_check, `cc`.`status`
FROM `assets` `a`
JOIN `asset_categories` `ac` ON `ac`.`id` = `a`.`category_id`
LEFT JOIN `compliance_checklists` `cc` ON `cc`.`asset_id` = `a`.`id`
WHERE `ac`.`category_name` = \'Compliance\'
GROUP BY `a`.`id`
ORDER BY `last_check` ASC')
 4 SYSTEMPATH\Database\BaseBuilder.php(1649): CodeIgniter\Database\BaseConnection->query('SELECT `a`.`id`, `a`.`asset_name`, `a`.`inventory_no`, MAX(cc.check_date) AS last_check, `cc`.`status`
FROM `assets` `a`
JOIN `asset_categories` `ac` ON `ac`.`id` = `a`.`category_id`
LEFT JOIN `compliance_checklists` `cc` ON `cc`.`asset_id` = `a`.`id`
WHERE `ac`.`category_name` = :ac.category_name:
GROUP BY `a`.`id`
ORDER BY `last_check` ASC', [...], false)
 5 APPPATH\Controllers\ComplianceController.php(32): CodeIgniter\Database\BaseBuilder->get()
 6 SYSTEMPATH\CodeIgniter.php(933): App\Controllers\ComplianceController->monitoring()
 7 SYSTEMPATH\CodeIgniter.php(507): CodeIgniter\CodeIgniter->runController(Object(App\Controllers\ComplianceController))
 8 SYSTEMPATH\CodeIgniter.php(354): CodeIgniter\CodeIgniter->handleRequest(null, Object(Config\Cache), false)
 9 SYSTEMPATH\Boot.php(363): CodeIgniter\CodeIgniter->run()
10 SYSTEMPATH\Boot.php(68): CodeIgniter\Boot::runCodeIgniter(Object(CodeIgniter\CodeIgniter))
11 FCPATH\index.php(59): CodeIgniter\Boot::bootWeb(Object(Config\Paths))
DEBUG - 2026-01-10 10:22:10 --> Session: Class initialized using 'CodeIgniter\Session\Handlers\FileHandler' driver.
DEBUG - 2026-01-10 10:22:13 --> Session: Class initialized using 'CodeIgniter\Session\Handlers\FileHandler' driver.
DEBUG - 2026-01-10 10:22:15 --> Session: Class initialized using 'CodeIgniter\Session\Handlers\FileHandler' driver.
